cliente,real,svm_lineal,svm_rbf
1024-GUALD,24.8,24.970415061870256,27.3409675695683
0484-JPBRU,25.25,24.996879905673687,23.87870938723544
3620-EHIMZ,19.35,19.91751209884496,19.007518777262938
6910-HADCM,76.35,74.98907411629509,74.52945764945915
8587-XYZSF,50.55,50.007161702725114,51.89281215295925
6818-WOBHJ,89.6,89.88227984602715,89.81301043249978
3082-YVEKW,77.15,75.04124658995093,75.4077563215368
4737-AQCPU,72.1,70.08387210882287,70.23419702813467
4853-RULSV,104.0,104.96904484881935,102.3176182086336
5766-ZJYBB,19.4,19.990206684675982,21.541455220404323
2668-TZSPS,20.45,19.990206684675982,21.541455220404323
3192-LNKRK,84.05,84.95720741036469,84.73563698599462
5315-CKEQK,51.0,49.96429166248063,51.45377920433947
5914-DVBWJ,85.45,84.95491931289139,83.86875283290573
7998-ZLXWN,20.45,20.016479460409023,20.673727190094162
6328-ZPBGN,95.15,94.88881526094389,93.40796382152945
9530-EHPOH,53.75,55.060288404015864,56.0045237949943
1853-UDXBW,70.0,69.95092452303679,69.5524181524598
2672-TGEFF,88.8,89.92760804551516,91.02445906287787
1902-XBTFB,89.4,89.9507376404623,89.59535973192575
1640-PLFMP,70.25,69.95958615416653,69.82039565944457
3679-XASPY,19.45,19.96206594194392,22.26219034259784
7356-IWLFW,80.0,79.94951131039205,80.61266106845449
9036-CSKBW,107.45,109.94047672201893,109.79558544867669
8952-WCVCD,104.45,104.92481819635464,104.84768725633285
2100-BDNSN,67.95,70.05993470273577,70.3455426108559
2869-ADAWR,89.3,89.98070288974338,90.53063343763924
5832-EXGTT,60.2,59.98238024938314,60.98649542429746
9402-ORRAH,91.5,89.87573290239872,89.63559729971902
4967-WPNCF,63.7,64.94912008592264,65.24942544365217
8033-VCZGH,103.95,104.95374056639814,105.83936037315245
9392-XBGTD,20.6,19.92999561132632,18.46981871019242
0078-XZMHT,85.15,84.95167838500913,84.72047871060971
0743-HNPFG,69.75,69.97983236094143,71.22261350104263
5334-JLAXU,94.1,94.97700409323723,95.00509474743359
5696-EXCYS,19.45,19.991530333292395,19.899737138427838
2569-WGERO,21.15,19.937249647291274,22.643620914188404
5219-YIPTK,104.4,104.91081992452393,106.25990708365859
5553-AOINX,104.9,104.84141466492827,104.30679929237935
5502-RLUYV,103.95,104.8853879080346,102.86069756798543
2058-DCJBE,69.75,69.97173881648027,70.08990602804005
2293-IJWPS,100.75,99.92376372646936,99.81560237138117
7130-VTEWQ,75.75,74.953250682204,74.25516336368833
0080-EMYVY,51.45,50.010030338597204,51.31716185398021
0148-DCDOS,94.7,94.9155553903816,95.50086906275604
9170-ARBTB,19.6,19.96209197865155,19.485143539160482
2070-FNEXE,76.45,75.00543165320917,73.02777803370421
5364-EVNIB,79.8,79.98101817767869,80.66777656832546
1112-CUNAO,89.85,89.889661149455,88.33935285614757
4576-CSAJH,55.15,55.02660982304903,56.53763629412078
9967-ATRFS,19.9,19.97647621641012,18.68310012801367
1360-RCYRT,30.35,29.97511809795619,31.21686969529729
5038-ETMLM,113.65,114.93882082084959,115.33938844593327
5663-QBGIS,98.35,99.86080483430317,98.29158684953921
4194-WHFCB,96.65,94.88874699377699,94.30959027161722
9481-WHGWY,75.35,74.98470715014832,75.04555750291519
5453-YBTWV,101.1,100.00908520437798,97.63145023873994
2018-PZKMU,103.1,99.92566137799432,98.13131454154879
9277-JOOMO,24.6,24.98709492049975,26.61677950001402
3629-ZNKXA,101.8,99.89788211043457,99.75780329076252
0369-ZGOVK,70.4,69.9109891177678,68.91290400256193
3604-WLABM,54.25,55.05181655972818,56.64332704466481
4063-EIKNQ,20.95,19.977112569427412,20.462123519138807
2878-RMWXY,102.65,99.95861659074153,98.47622731436596
9540-JYROE,70.1,69.96612370047906,70.15615033712858
7515-LODFU,20.3,19.97249632212155,22.881841647871774
1839-FBNFR,19.85,19.91851518896648,18.11702803398873
5397-NSKQG,50.9,49.94305385487688,52.48907852242699
1755-FZQEC,19.9,19.958597636670184,18.486321118330203
2160-GPFXD,65.65,65.05567507883697,66.10724453001625
4415-IJZTP,74.5,74.96905736301825,74.38792083776538
9880-TDQAC,60.0,59.862652407429294,61.265805148638826
5138-WVKYJ,98.55,99.97156307680373,98.62246273259194
8844-TONUD,96.65,94.89795387501847,93.57818404823811
0080-OROZO,99.25,99.89492109625934,100.22698730109411
0953-LGOVU,35.5,34.964854883667684,35.94112728828367
5325-UWTWJ,90.55,90.06565026956,90.34901785383545
1074-AMIOH,108.25,104.89375565253965,104.01506929857132
5906-BFOZT,19.5,19.98155319838863,21.831362629339203
7026-YMSBE,19.7,19.959243102741496,18.447304692213308
6572-ADKRS,74.8,75.00976072424537,74.55151396802435
5922-ABDVO,89.65,89.9328437944652,90.25227809971904
6475-VHUIZ,54.25,55.052633204798475,56.08560065933502
1324-NLTJE,55.0,55.05735747342343,56.11414544196699
4361-FEBGN,20.15,19.98930706126896,18.447426913462692
8393-DLHGA,95.9,94.86892838641805,95.0295019959996
6769-DCQLI,105.0,104.89848432755241,105.68587231100818
3018-TFTSU,81.7,80.05365172455942,79.06002116069484
2324-AALNO,24.55,24.963708079855444,23.80599753409986
2300-RQGOI,20.05,19.93961732443109,18.226895948338658
6133-OZILE,35.2,35.00164852130501,36.38396674209855
7605-SNLQG,50.25,50.06160215491833,50.646092674912495
5348-CAGXB,89.55,89.99475755306558,90.71326345337648
0201-MIBOL,102.4,99.89897720391278,98.6654904977432
7083-MIOPC,20.25,19.975146282288883,22.757851366151648
0562-KBDVM,44.6,45.004368528491135,47.94883804366066
1173-NOEYG,90.15,89.94099428337432,90.47798935724202
7698-YFGEZ,20.0,19.990206684675982,21.541455220404323
9061-TIHDA,95.25,94.8995360692295,94.78341922068562
0016-QLJIS,90.45,89.95776918855358,91.53101080639209
7296-PIXQY,70.2,69.94620613332013,69.58698295611357
9102-IAYHT,85.45,84.88604907768145,84.62326109347954
6447-EGDIV,20.95,19.946731848165918,18.63098809242183
3460-TJBWI,24.2,24.941430960486244,24.061339334690018
3744-ZBHON,20.2,19.983023672292134,21.114151903505082
1092-GANHU,76.65,74.99171267089305,75.46917920677177
3948-KXDUF,68.75,70.07616043807978,70.25384307386254
7284-ZZLOH,53.3,55.09680163517808,55.000922379397636
6745-JEFZB,91.5,90.01995714460011,90.27378002600227
2606-PKWJB,40.25,39.9818167344677,40.18376823895957
1624-WOIWJ,84.7,84.99635850774327,83.77750892284567
8777-PVYGU,64.3,65.03706677398982,65.600431486235
4770-QAZXN,19.45,20.01487391236268,20.114518671741507
8012-SOUDQ,90.25,89.93297425040623,90.5905102498241
5546-BYZSM,20.45,19.98029837110213,18.681693182381814
0523-VNGTF,50.5,49.96613915631195,50.42125107148057
3779-OSWCF,93.2,90.0268099015691,88.76284177774315
8535-SFUTN,106.45,104.98008642528677,103.26084098699322
2320-SLKMB,44.45,45.026857279339254,46.1598988601077
7169-YWAMK,68.4,70.01753835647867,70.38550379394373
8434-PNQZX,78.45,79.97986593323998,81.75086985076646
4981-FLTMF,65.2,65.05792696631777,65.72846599416287
9424-CMPOG,19.6,19.933035528420042,20.850476105173747
3627-FCRDW,71.0,69.96766589283493,69.65470230790206
1518-OMDIK,44.55,45.054067836628775,44.72881535818694
8393-JMVMB,19.45,19.990206684675982,21.541455220404323
7638-QVMVY,79.0,79.95237092451129,80.13840851758937
6140-QNRQQ,71.55,69.96662572964563,70.0385335476041
7969-FFOWG,19.9,19.929019295087393,21.27413722554583
1342-JPNKI,86.05,84.97739079001309,84.93830795056083
7080-TNUWP,95.0,94.95580602982363,93.90566348086993
8949-JTMAY,98.6,99.95290660500038,100.52801727327648
0654-HMSHN,104.4,104.90992341615888,104.09268322189374
2725-KXXWT,90.75,89.90623013345385,89.63423240098324
2439-QKJUL,20.25,19.989919810866503,20.68138001867721
1935-IMVBB,89.7,89.90553914421682,89.3611896379912
4628-WQCQQ,85.15,84.93190292078955,84.187929683972
3724-BSCVH,20.45,19.939576304535926,19.966034967172313
7605-BDWDC,49.85,49.925571449446366,50.492112273908276
7137-RYLPP,85.7,84.95857444921859,85.33851003366519
3207-OYBWH,95.25,94.91634276096762,94.7928978744914
4707-YNOQA,25.6,24.964200633358566,24.262987166458856
6956-SMUCM,99.0,99.99490277514346,96.29959045684433
8714-CTZJW,82.85,84.9520132763989,83.7291448287713
3662-FXJFO,20.5,19.92981634290583,19.22618165449707
7623-HKYRK,19.7,19.9669979402101,20.56296103677102
1353-GHZOS,59.75,60.03954762437097,60.848250992345655
3323-CPBWR,96.9,95.03990325691866,95.68138947389467
6152-ONASV,58.25,60.0620858357538,60.072626403213434
9251-AWQGT,20.0,19.917798972654438,18.579639670728852
4803-LBYPN,20.8,19.96673880849486,18.58532108987673
8879-ZKJOF,79.85,79.99743848793182,80.62533740141427
7354-OIJLX,75.85,74.98092315152252,74.97399415107206
9129-UXERG,103.6,104.91994219569864,103.88362789736546
5302-BDJNT,95.5,95.01512869718337,95.34858047371026
7148-XZPHA,79.4,79.9580910281073,79.84669081007962
2651-ZCBXV,108.0,109.95921097703342,111.1016001821038
1304-NECVQ,78.55,79.97451546875942,79.11945134732353
3374-TTZTK,106.3,109.9398992412845,111.47983484046713
0229-LFJAF,69.65,70.07573012736557,70.23810192427703
1304-BCCFO,70.05,69.97111162830151,70.91125920734696
0455-XFASS,69.55,69.93834155000883,69.45786184157788
0221-WMXNQ,75.35,75.01476206880554,73.17995170937887
2882-WDTBA,75.75,75.02993450138962,74.9516895651765
8069-RHUXK,35.7,35.011526042775536,38.9302160619591
4806-KEXQR,79.9,79.9110509120867,79.6974404603148
2817-NTQDO,45.55,45.068997378735276,46.10543230154656
3230-IUALN,81.0,79.96071371577307,81.1678319292168
6500-JVEGC,101.35,100.01245666729784,98.11778034569072
7103-ZGVNT,73.7,75.05064082784278,74.7660108531078
1837-YQUCE,58.35,59.94780535372799,60.593906554223004
4800-VHZKI,19.9,19.969113662265414,21.83153369590581
3887-PBQAO,25.9,24.96341173038251,24.287587910452395
5177-RVZNU,20.3,19.932175621775734,18.311484485932944
1729-VLAZJ,40.25,39.97152875191554,41.244982782004314
4273-MBHYA,89.35,89.8691914601755,87.74844353568756
8690-UPCZI,69.05,70.04768732037432,69.18407971623296
6374-NTQLP,104.1,104.94385886000347,100.70318117051451
1618-CFHME,75.9,74.96898564456589,74.45066275795547
4104-PVRPS,53.6,55.088369285217226,55.568237432667075
4210-QFJMF,79.15,79.89861137596347,79.18470787923279
5787-KXGIY,19.3,19.989334803363192,22.283918959685508
3088-LHEFH,79.0,80.02126715361173,78.87854511105006
8896-RAZCR,19.9,19.916336861512832,18.501806325830714
7268-WNTCP,20.45,19.93795868697257,19.943351499805146
5854-KSRBJ,25.4,24.938131911677274,26.989738312954003
9907-SWKKF,25.05,24.95661495091474,28.172732628006756
3932-CMDTD,105.65,104.88616300125892,101.65712489951598
5277-ZLOOR,85.55,84.94689607397719,83.64481849678214
2746-DIJLO,56.3,55.00891166294763,56.259476424532686
9174-FKWZE,19.45,19.95920897126186,24.758468608662504
9919-FZDED,84.1,85.00185239907003,85.74619506107068
9488-FYQAU,109.25,109.8898635876877,110.75251067533705
6869-FGJJC,79.6,79.9894108268642,78.0177702137095
3349-ANQNH,99.5,99.87399922837164,99.81104551081212
0222-CNVPT,48.8,49.976768902364384,51.30913870883349
6900-PXRMS,105.75,104.89426017224937,103.1126417597468
0230-WEQUW,56.6,55.012059004433894,55.50864447269535
7629-WFGLW,95.65,95.00414991119843,92.85836978049522
2235-EZAIK,79.2,80.08749780596267,79.02262630000055
5119-NZPTV,70.1,69.96705179142815,69.21439682967294
4282-MSACW,117.2,114.98565388910971,114.7935865396723
7711-YIJWC,84.9,84.98501460701821,84.67193093098639
8749-CLJXC,20.05,19.990206684675982,21.541455220404323
7636-XUHWW,19.9,20.019448865174603,22.51708033212764
0883-EIBTI,19.5,19.97769543010039,21.41645532168451
4098-NAUKP,84.65,84.95013905274952,83.39948204920364
0701-TJSEF,68.25,70.04784168028765,70.38705603698577
0689-NKYLF,83.2,84.9852146257615,85.5759509633705
9867-NNXLC,20.05,19.967607574765672,18.44571006256409
9337-SRRNI,25.3,24.965983699486657,26.617370318412995
1850-AKQEP,20.35,19.966854503305363,20.206008445725445
5600-KTXFM,69.95,69.95410633022766,69.15510936684109
7055-HNEOJ,55.8,55.05245366303761,56.967446292126866
2462-XIIJB,92.5,89.99525958223217,90.14566418374719
7277-KAMWT,20.0,19.99181720710186,20.607897736998176
7691-KGKGP,65.0,65.03403769793475,66.09524968874487
7808-DVWEP,20.0,20.000536469250406,22.562895944853352
2379-GYFLQ,94.9,94.98502143643967,95.09700390251987
7325-ENZFI,40.3,39.99236981924161,40.85839285918094
8800-ZKRFW,107.5,109.90155210991189,110.85644801709682
9133-AYJZG,98.7,99.92152107284954,100.27136610938062
6772-WFQRD,20.4,19.935746516254497,19.07546096753469
9670-BPNXF,62.55,60.06212346175454,60.94169018757836
2675-IJRGJ,19.65,19.959705320296848,18.795019436587232
4829-ZLJTK,112.4,109.90682471108306,109.34427699947543
9950-MTGYX,20.3,19.960986776776025,19.320662116637024
9755-JHNMN,67.4,65.0554689067951,65.20240942158497
3746-EUBYR,74.6,74.98657015997652,74.3898468256087
7929-DMBCV,81.0,79.98877418595461,79.92830740229238
9640-ZSLDC,60.6,59.95718837172096,61.017555048427084
7197-VOJMM,69.2,70.00736205946254,70.72930827969479
2696-NARTR,73.85,74.98467568800096,75.7233078826177
0689-DSXGL,85.8,84.97002539906634,84.25198986552984
7294-TMAOP,90.55,89.9006950986669,88.59589701921693
6177-PEVRA,55.5,55.05058211588163,55.56969311797992
7410-YTJIK,75.45,74.97188057794727,74.43194540951288
1410-RSCMR,71.35,70.0561270986497,70.77486486568567
8800-JOOCF,84.05,84.93863338889713,84.49227251438236
4526-EXKKN,24.6,24.952731146213942,22.974300535927355
0813-TAXXS,77.8,74.94876279853723,75.8939062573972
2320-TZRRH,19.5,19.947520751141973,19.381052610801838
0841-NULXI,35.55,34.920345990196445,36.60624725883174
2725-TTRIQ,84.2,84.97697276293891,85.52152658142148
4778-IZARL,110.1,109.97167776290266,110.3232684681583
2535-PBCGC,64.55,64.94722645794259,64.62923513546149
3629-WEAAM,64.1,64.98580041314287,65.80433847109646
6128-CZOMY,45.65,45.00960688143605,46.19630619184747
9227-UAQFT,19.75,19.953634666506417,19.734190762981783
0804-XBFBV,25.2,24.95375222647879,26.19998075132186
4503-BDXBD,74.95,74.96898062502957,75.12494587833858
9626-VFRGG,88.5,89.92889646263856,89.91689919195329
4994-OBRSZ,76.1,74.98680881370124,72.77777772242439
3654-ARMGP,88.65,84.97617540190849,84.88614503033794
0829-XXPLX,89.4,90.02520003558885,88.99790830874866
8938-UMKPI,106.4,104.90806688123968,105.00206419387439
4854-SSLTN,59.5,60.02061933055742,59.44805976342982
9720-JJJOR,60.3,60.031972849330316,60.373316973774976
1926-QUZNN,25.25,24.948469841094088,26.225282974284895
4900-MSOMT,80.2,80.03540450504836,79.9329451884402
8910-ICHIU,95.65,95.01271339069791,93.95716039419486
4892-VLANZ,19.8,19.990206684675982,21.541455220404323
0076-LVEPS,45.0,45.02367037381339,44.843496841670735
1666-JXLKU,100.05,99.91976543278719,100.72524898303602
4003-FUSHP,61.55,60.059905173304735,61.19995363941224
7696-AMHOD,78.0,74.93970895956558,74.99178564634025
8082-GHXOP,44.0,45.00158916957004,45.31341982957358
5445-GLVOT,49.8,50.05770349316951,50.11159021199314
5195-KPUNQ,96.75,94.89749732713412,92.19606458233052
3948-XHGNA,49.55,50.073323868271956,50.477560488462004
9624-EGDEQ,19.8,19.93968904288345,18.22329014259929
7551-DACSP,55.3,55.005039806217724,56.67814729658005
8128-YVJRG,79.65,80.01282979089314,78.28050944035213
1038-ZAGBI,19.8,19.935717568036033,19.89544963830027
9153-BTBVV,25.0,24.957195045833807,25.782279430056008
9470-RTWDV,82.0,79.9789642919164,80.50342684998947
7554-AKDQF,45.65,45.01425079976853,46.72869169273057
7241-AJHFS,87.65,85.05422127075747,83.99812931929776
9633-DENPU,58.6,59.993614807497266,61.63817259193332
5480-XTFFL,21.0,19.9190181863447,18.13826598721522
7803-XOCCZ,84.05,85.02195597903605,84.12807197698255
6549-BTYPG,60.8,59.92758409194334,59.272239165164976
9114-AAFQH,65.65,64.92819483828144,65.60804897924396
3572-UUHRS,18.85,19.96689156248405,18.657220816363072
7666-WKRON,80.45,79.9555662696686,80.0922216133993
5192-EBGOV,85.7,84.94696779242955,83.51780178212408
6502-MJQAE,69.6,69.97202569028974,69.99732247845948
6400-BWQKW,79.05,80.01830146998961,78.69002797603133
5928-QLDHB,76.25,74.98092315152252,74.97399415107206
4376-KFVRS,114.05,114.95765335347903,114.62978883701304
3528-HFRIQ,52.3,54.908162497594354,56.03140786782958
2718-YSKCS,19.6,19.928659734613902,22.468163562594107
2434-EEVDB,94.6,95.02701152481367,94.64708453246854
6506-EYCNH,19.55,19.954800333326574,18.691767623591687
3396-DKDEL,115.15,114.94535725426056,115.81300610850617
3269-ATYWD,95.65,94.89924668040078,95.47597454724524
1159-WFSGR,20.4,19.960990165158385,19.719601238681825
9835-ZIITK,110.85,109.89007153549043,108.67330831154436
9279-CJEOJ,95.4,94.88809807642019,94.74842794281818
4720-VSTSI,84.8,84.97915085426773,85.6314129397705
1360-JYXKQ,99.1,99.88000277896775,98.48562061784003
8388-FYNPZ,56.75,55.100921923563924,55.92967037580977
7868-TMWMZ,110.0,109.91490558177861,109.22686218467763
3466-RITXD,92.4,95.04410777569481,95.0809590419868
6427-FEFIG,78.6,80.00494470141531,80.0454374029606
6518-PPLMZ,19.4,19.921226430228472,19.532795453385845
6762-NSODU,19.4,19.95590979479752,18.476236984377508
4355-CVPVS,88.9,89.85008994560184,88.86026304594455
7629-WIXZF,59.1,59.96913590029331,61.03917898070571
3049-NDXFL,85.8,84.91155126581555,82.94788606056984
3566-HJGPK,45.55,45.016646456915154,46.23583403388251
1460-UZPRJ,19.95,19.952228039553283,20.483099286310846
3712-PKXZA,20.55,19.98808271462015,21.756939923685287
1623-NLDOT,33.55,34.94423019936166,35.89867750196014
5171-EPLKN,19.85,19.9908131487687,18.621985490864212
5569-KGJHX,85.35,84.94392180508927,83.68657712149566
7463-IFMQU,20.05,19.94765211852971,21.862888894065776
3178-CIFOT,19.65,19.976619494735857,20.36353888784675
1095-JUDTC,95.05,94.94605455883166,94.89788842063527
3719-TDVQB,18.95,19.916260676209255,22.148394654570723
4929-XIHVW,95.5,94.94425566378925,92.10353106806139
8106-GWQOK,60.0,59.93247302241306,59.46379779691123
4128-ETESU,99.7,99.91414606785429,101.14252278821425
0661-WCQNQ,56.25,55.088942874257164,55.88996881825428
4927-WWOOZ,91.45,89.99722372254035,89.46845225403197
7564-GHCVB,79.05,79.9689484056676,78.72927200661631
3445-HXXGF,45.3,44.91255548053222,45.32969287517676
6670-MFRPK,79.2,79.97342453617884,79.19446271157483
6890-PFRQX,69.5,70.09720419449735,70.54423177597539
1552-CZCLL,20.0,19.99076057011024,20.844146517284884
2014-MKGMH,101.1,99.89023621990009,100.28228102192962
0303-WMMRN,19.25,19.981266324579153,20.940102968680584
3806-DXQOM,33.65,35.00707225377143,36.24967804639905
1724-BQUHA,89.5,89.88888962304563,88.87514446772084
2580-ATZSQ,61.35,60.026465556637596,61.249841256020886
7945-PRBVF,21.45,19.960996252439486,17.99998388615755
3898-GUYTS,97.05,99.9958006949696,99.13337768993699
2832-SCUCO,19.9,19.98309539074451,21.3272367781585
9779-DPNEJ,80.15,79.87621927656788,79.83183065372283
4915-BFSXL,68.95,70.07484481157553,69.97201221209475
5018-LXQQG,66.3,65.00061389985788,65.89582582309075
1698-XFZCI,107.75,109.94022131144716,109.95427563164188
1872-EBWSC,20.35,19.946875285070654,18.69823749943602
4446-BZKHU,105.55,104.92125134398083,103.61661396405756
4607-CHPCA,90.4,89.85277499157718,89.87917733526642
9475-NNDGC,113.15,109.90834187076022,109.2395590301746
3841-CONLJ,35.0,34.91830892531166,37.4333238585983
2294-DMMUS,70.45,69.95862498024758,71.19804879034457
5921-NGYRH,73.55,75.0134591513307,73.95987140365682
1897-OKVMW,90.6,89.95784090700595,91.59856676152873
5117-IFGPS,84.3,84.90517349293262,84.84770334181576
3866-MDTUB,70.75,69.99159332042991,70.52649437270722
1194-SPVSP,19.65,19.998930921204057,21.866118100606514
6905-NIQIN,50.65,50.01431857617867,51.92839170694784
6813-GZQCG,24.65,24.956799235814266,24.183063919373296
9896-UYMIE,114.3,114.95655417730418,115.52003938591284
8849-GYOKR,106.55,104.92117607577171,104.72206773288138
5816-JMLGY,80.4,79.90706092473488,80.07865029899614
3990-QYKBE,92.5,94.89781482637264,95.54833270378326
6161-UUUTA,79.9,79.94979268279631,79.24440426507822
0396-UKGAI,55.3,55.00332855049814,56.02735379529813
0512-FLFDW,100.5,99.90824391946458,100.20659477434329
2946-KIQSP,33.45,34.995029346970625,35.061311718023404
0187-WZNAB,74.4,74.98947653202843,74.56461381470032
6867-ACCZI,52.5,54.91708255067312,55.5221364206816
7024-OHCCK,93.85,94.88613645113124,92.72175820281508
6481-OGDOO,90.6,89.95058664452637,88.31213696170556
7377-DMMRI,47.8,50.07157739834011,51.06191088535881
1963-VAUKV,20.4,19.977767148552765,21.64035186679625
5919-TMRGD,79.35,79.92995108302145,78.84553224883894
6994-ORCWG,54.25,54.97288067592324,55.82017558607813
5144-TVGLP,94.75,94.90464760925654,95.39082728152235
0328-GRPMV,70.1,69.95958615416653,69.82039565944457
2905-KFQUV,70.4,69.99383084525947,69.64445679654955
8637-XJIVR,78.95,80.0178711592754,79.18781295874035
5150-LJNSR,98.05,95.00499044980637,92.87880851501598
4826-DXMUP,72.1,69.90829677096272,70.38108126248302
3518-FSTWG,109.55,109.92258852309024,108.71044102500403
2929-ERCFZ,94.2,94.89127289180121,93.60856260398364
1455-UGQVH,98.5,99.93589035207546,100.09508992333713
8485-GJCDN,69.05,69.93859466806528,69.19865220090105
0459-SPZHJ,83.5,85.00360585087232,84.22545006188251
2169-RRLFW,25.6,24.98643819454407,26.41744996045994
8818-DOPVL,104.45,104.89283394804437,105.90165069511595
1207-BLKSA,23.05,24.926983307696695,24.09184562991804
7593-XFKDI,46.3,45.02529994320251,46.34402664322202
5393-RXQSZ,79.6,79.91991955373115,79.03357538498994
5183-KLYEM,112.75,114.96631498460877,114.49427442866926
0923-PNFUB,83.75,84.95032991758427,84.64592215719554
4134-BSXLX,60.9,60.077101044383916,60.57229488400827
1452-XRSJV,51.05,50.07660402310786,50.955579693847625
4213-HKBJO,25.7,24.987414510782997,23.917915557183917
7750-EYXWZ,60.65,59.903322662679976,60.48454390573943
7180-PISOG,74.5,74.96039573188853,73.97165084763341
1356-MKYSK,78.65,80.07916855170134,79.59856551502705
1212-GLHMD,86.05,84.95532536912816,83.33602471720985
7228-OMTPN,88.45,89.90426599314566,89.89876547929948
7682-AZNDK,89.85,89.95162600398496,90.0757055040722
6286-SUUWT,19.95,19.990206684675982,21.541455220404323
3500-RMZLT,96.3,94.96092221800495,91.34691780583202
4729-XKASR,24.75,24.966908947125695,27.234310413755672
8364-TRMMK,50.65,50.01353469273893,50.994073869583765
1000-AJSLD,20.1,19.98155319838863,21.831362629339203
4393-OBCRR,20.25,19.948739964832242,22.262112182631427
0942-KOWSM,80.8,79.91858314911697,79.28791370668486
0870-VEMYL,53.85,55.11351079997626,56.307698957411255
3454-JFUBC,20.0,19.96391455428656,23.398924417857835
2592-YKDIF,20.35,19.977767148552765,21.64035186679625
6941-PMGEP,80.0,79.89853965751111,79.25650981894941
0511-JTEOY,71.1,69.96283967980976,69.48107526100455
4323-ELYYB,20.0,19.939361149178815,19.47320127017573
9500-LTVBP,80.05,80.02120702875419,79.78044670209852
8120-JDCAM,69.55,69.94530940703557,69.47723522046664
1335-NTIUC,24.95,24.980531865423437,24.977931050973012
6563-VNPMN,85.7,84.99643868094287,83.75693476443554
0668-OGMHD,28.5,30.027236878343444,30.28528783168629
0311-UNPFF,88.8,89.89357292695429,89.78821297873007
9282-IZGQK,85.0,84.9082977401723,83.38946225649758
4695-WJZUE,88.55,89.91375584591347,87.79319005097565
5527-ACHSO,70.5,69.95796586300352,70.76381801095556
5140-FOMCQ,109.15,109.96224162177398,111.04344636955756
0410-IPFTY,83.85,84.89076687156073,84.9873347457748
1333-PBMXB,24.75,24.933523115600927,23.43774162273717
1915-OAKWD,19.3,19.925028222988118,20.28411519520884
5707-ORNDZ,54.55,55.07389541266494,55.22074771006118
7969-AULMZ,97.35,94.9000784521839,95.43566366360201
2700-LUEVA,20.75,20.02817406991432,22.13067493371495
9099-FTUHS,54.4,55.07575646985622,54.81626494056805
8699-ASUFO,74.4,74.96211096108657,74.38271245616939
7181-OQCUT,103.85,104.98620868902476,104.81142637908975
3096-YXENJ,107.65,109.88972015078296,110.51873954400689
2495-INZWQ,44.55,44.91334591589831,46.28253247170869
2193-SFWQW,111.95,109.9275924822044,107.16767794337659
3908-MKIMJ,41.95,39.98670437670365,43.449089578253776
6736-DHUQI,84.8,84.97630139246334,82.6933937233455
2868-MZAGQ,79.25,79.91126606744379,79.4774959071754
8905-IAZPF,95.65,94.88161605332417,92.76864832597519
1215-FIGMP,89.9,89.9628235003708,89.60397895495774
0772-GYEQQ,88.35,89.99389903187597,89.31681816066504
9995-HOTOH,59.0,59.92062641290949,59.57163919331127
7579-KKLOE,91.25,89.96977841396259,90.14417503050883
3594-UVONA,85.95,85.03658315620802,86.6808514177698
6641-XRPSU,70.0,69.98978686983259,69.93632313860583
5707-ZMDJP,69.7,70.00152328425824,71.01237449418336
3307-TLCUD,34.4,35.05539780347323,36.17361953274629
4797-AXPXK,60.0,60.03874524367628,60.57689004435466
4869-EPIUS,80.9,79.88018679069882,78.76133516708418
8563-IIOXK,49.75,50.02123389200952,51.85602043298513
2773-OVBPK,111.3,109.90201625000145,109.83358124485123
1353-LJWEM,60.9,60.04454952408785,62.18194779668539
5868-YTYKS,20.25,19.95870304618458,22.02166616996417
8713-IGZSO,24.85,24.999606175075343,26.86440656611081
6050-FFXES,105.35,104.90906813028468,103.75670298547863
9300-RENDD,79.95,79.96524077134872,79.99279013218316
4183-MYFRB,90.05,89.90724527109057,89.72049018075042
3339-EAQNV,97.25,99.88800699129435,97.64239523164792
2545-EBUPK,84.05,84.89292137007227,82.82360176192276
4990-ALDGW,20.75,19.950694209959295,19.588389716963448
0970-ETWGE,89.55,89.90448114850277,89.54250275396865
3671-SHRSP,80.6,80.00236121731572,79.65551968758965
2308-STERM,19.4,19.97769543010039,21.41645532168451
1219-NNDDO,76.85,74.96848361539931,74.81902197084975
3508-CFVZL,111.3,114.93707280411016,113.42315404909675
3387-PLKUI,18.8,19.955805359871384,19.58591725399041
9702-AIUJO,44.8,44.971871575208425,46.471151096983725
8337-UPOAQ,89.8,89.92737061936883,88.89420075480751
1728-CXQBE,94.25,94.91251645591709,93.20519287566836
5134-IKDAY,69.8,69.93848498691356,69.36387297740836
9638-JIQYA,24.9,25.013601319184247,27.50880724303704
6647-ZEDXT,110.45,109.93499044123064,109.82465164874503
1579-KLYDT,90.45,89.99511614532743,90.33487748362543
3985-HOYPM,19.4,19.959529976550975,18.6337221241928
6705-LNMDD,50.0,50.03730447484241,50.18444172970327
6917-FIJHC,26.0,24.939745604566014,27.0249446876648
4640-UHDOS,55.95,54.93553895619607,56.074202511784755
1414-YADCW,84.6,84.99729613725896,82.22853740965823
5960-MVTUK,29.75,29.99432935837256,32.109474495471794
0637-KVDLV,76.5,74.9814251806891,74.65491390899726
5451-YHYPW,115.75,114.95275931791218,115.42381634464662
5813-UECBU,83.85,85.00631779042959,85.1704201405789
9947-OTFQU,74.4,74.94473561328508,74.92311172734365
1816-FLZDK,29.15,29.997726320920535,32.114353161406626
3005-NFMTA,98.8,99.94437760851213,98.61970014276443
4710-NKCAW,64.4,65.10333901067442,63.828584862202014
4290-BSXUX,79.65,79.99979390530669,78.44622249881753
6266-QHOJZ,89.85,89.98757214969514,88.25686200183104
6047-SUHPR,59.8,60.03744549663844,60.39929071719798
6010-DDPPW,25.15,24.969706300409392,25.993268803785945
4374-YMUSQ,116.25,114.99674580277761,115.26345643046628
1958-RNRKS,49.9,50.03984026253074,49.70823246267695
7176-WIONM,49.85,49.92624036883239,51.2250910133227
9483-GCPWE,20.1,19.9378990380372,20.39240551568723
1264-FUHCX,56.3,54.905497527359095,55.90921257485097
8887-IPQNC,44.25,45.00552559502881,46.24664466792035
2921-XWDJH,83.45,84.93221998111956,84.87208528370135
5574-NXZIU,109.2,109.97858226423892,108.83562987244336
8644-XLFBW,71.65,69.95672103864209,69.34552645747767
4811-JBUVU,89.9,89.96459204800597,90.5979355251677
8970-ANWXO,73.75,74.92903921732369,75.63709120099762
0602-DDUML,69.75,69.98978330447385,70.79716017240554
5671-RQRLP,75.65,74.94762430631843,74.8888445300805
9959-WOFKT,106.7,104.93300060934634,101.61279290889189
1208-NBVFH,49.6,50.02041707555251,50.88196365519345
6976-BWGLQ,25.2,24.93427317517739,26.2671365022223
2178-PMGCJ,69.7,69.9651196421459,70.10525634462935
7610-TVOPG,26.35,24.995420309551307,25.171608269626283
7240-ETPTR,48.75,49.92313124830554,51.133482834877896
6518-LGAOV,105.0,104.93480988152083,106.43718977341479
2826-DXLQO,29.8,30.028700097036122,33.4489787903088
5949-HGVJL,73.05,74.94440417850201,76.70013095954225
3489-VSFRD,60.25,60.09315040164352,60.25381271044405
2812-REYAT,20.05,19.94726065121509,19.248023136258375
9633-XQABV,70.25,69.9594427172618,69.87927490962456
4102-OQUPX,74.4,74.9679412324449,74.06240120778746
2900-PHPLN,19.55,19.953080566209692,24.558324243499968
9894-QMIMJ,55.8,55.000976199656826,56.51833568611805
7596-ZYWBB,59.6,60.01610921290058,60.5389596360224
5440-FLBQG,108.4,109.88656816144905,109.22616581055962
3063-QFSZL,55.4,54.9488472585901,55.9231025803352
4873-ILOLJ,90.35,89.90283162409828,90.9723087037415
3003-CMDUU,95.15,94.90543653670869,95.86721313593247
7279-NMVJC,19.9,19.95646014302715,19.64877342133959
6478-HRRCZ,70.5,69.98717080091271,70.81331078507327
3678-MNGZX,19.95,19.937528376258363,21.149519706175703
5902-WBLSE,20.15,19.945535065653324,22.58677871099009
7722-CVFXN,105.2,104.86255218052128,105.7722178806427
2223-KAGMX,19.4,19.985487326747666,19.102103703273166
9803-FTJCG,66.85,65.06106835971495,66.70916564690351
6060-QBMGV,19.85,19.989478240267935,21.813471270833297
2858-EIMXH,95.85,94.88791147278997,95.05490283205589
4741-WWJQZ,80.15,80.02423330213335,78.85052586874102
9845-PEEKO,79.2,79.93568285731956,80.23369839797604
9167-APMXZ,84.15,84.96409063246143,85.4362486063252
9800-ONTFE,75.8,74.94977438414952,75.08475147035256
3621-CHYVB,49.9,49.99276783888494,51.48131766388801
3177-LASXD,71.35,69.96823964045387,69.40840544122753
1465-VINDH,102.1,104.92218672131858,102.02036977268713
2055-SIFSS,51.65,50.0136273893346,53.21083155089055
0804-YGEQV,24.45,24.93431201857699,22.785893872979315
3346-BRMIS,48.35,49.90718113058655,50.771655411451704
3130-ICDUP,80.55,80.03695910247663,76.61350376396761
0732-OCQOC,25.05,24.92705405793742,23.42027722414273
4012-YCFAI,61.35,60.03065632623673,60.51425762047581
7346-MEDWM,83.25,84.97475080159823,84.56747847011066
7036-TYDEC,104.0,104.90399486944963,103.16923519191023
6615-NGGZJ,100.55,99.90203865044987,100.5791869265383
3441-CGZJH,60.4,59.96449622796751,61.41773020581986
0208-BPQEJ,19.4,19.96460131485182,20.005605435242238
2229-DPMBI,19.5,19.920667710749193,21.016423459916908
7159-FVYPK,69.15,70.00422595189038,70.63274361857424
7544-ZVIKX,105.05,104.89740542546082,104.60396208684828
6366-XIVKZ,63.15,64.99192268433902,65.73746321225093
7137-NAXML,20.15,19.968469368436153,18.932309071551614
7126-RBHSD,78.9,80.02791503825199,79.60197549911626
1428-IEDPR,109.3,109.95860283220898,111.39870601446114
9465-RWMXL,78.9,80.00185708791034,80.47461695563939
2908-ZTPNF,34.85,34.971866022181295,35.2998694450426
4176-RELJR,25.1,24.982110967878015,26.95643027653434
3001-UNBTL,103.95,99.89637289762875,99.69145017484287
6067-NGCEU,111.05,109.98894607292448,107.73879669215631
2479-BRAMR,83.75,85.03883394530851,84.98274408112451
3161-ONRWK,65.85,65.0439773809702,65.65335261383892
6349-JDHQP,19.85,19.976508932883895,19.30414386235288
1619-YWUBB,24.95,24.97799986361383,26.371806541986707
2761-OCIAX,74.7,74.94566795316588,74.37034325781612
2683-JXWQQ,33.6,35.03811627589303,38.23033988972895
9585-KKMFD,20.0,19.922087051656895,18.56714755431878
7524-VRLPL,74.1,75.04010552396316,75.02879420694845
3780-DDGSE,76.05,74.9180434447022,75.87600457163786
2207-OBZNX,51.0,50.06581884543415,50.77398008412962
0023-UYUPN,25.2,24.94668470037017,26.42422044303924
5975-BAICR,63.7,65.01179633448031,65.81212941685311
2669-OIDSD,100.05,99.95718891273964,99.43786220233238
8146-QQKZH,81.85,79.99907691103094,78.90189853415855
2307-FYNNL,109.05,109.94236584068051,108.66759442467294
2985-FMWYF,93.5,94.89993501527915,95.52185097111746
5387-ASZNZ,63.85,65.05478393145886,66.29840983851676
5349-AZPEW,25.05,24.95053156149998,27.48009939522565
9481-IEBZY,112.9,115.00069509541945,112.35184869526114
9818-XQCUV,20.35,19.97769543010039,21.41645532168451
3750-RNQKR,19.45,19.976978245576703,19.552243330202657
5442-UTCVD,91.85,89.92723164931529,87.3184464367366
3649-JPUGY,88.6,84.94992940005804,85.12430084812658
2195-VVRJF,59.1,60.02868203815391,61.610499088932954
1271-UODNO,53.85,55.03923069066608,55.93811206575839
0118-JPNOY,85.8,85.01787374609604,84.39763486165134
9499-XPZXM,64.75,65.04420510035224,65.05797712172135
7343-EOBEU,23.6,24.99262995528671,27.882215022715982
3877-JRJIP,59.85,60.024732707469965,61.17096874508841
5498-TXHLF,87.45,89.96829253002466,90.68703342290593
3969-GYXEL,76.4,75.0171251551634,74.39616996598312
5730-DBDSI,19.7,19.958772980416057,20.934558224248555
2868-SNELZ,80.6,79.99307364605033,79.71242550823371
7797-EJMDP,66.05,65.02329287306294,65.30181806775715
4067-HLYQI,70.4,69.9606154395747,70.10638206974039
4231-LZUYM,25.65,24.95712332738143,25.98488087327194
3638-WEABW,59.9,60.016196121875105,61.598744846090526
5060-TQUQN,83.55,84.96402598786486,84.68092063060273
7802-EFKNY,24.95,24.982567724184,26.242267141013606
7576-JMYWV,110.2,109.91386818641834,109.24256703721403
3496-LFSZU,70.5,69.98221300617108,69.87268535254975
4795-WRNVT,65.1,65.04189980070525,65.94003468976156
3938-YFPXD,84.3,85.0484101013127,83.27334283443093
6651-AZVTJ,99.8,99.91024318022905,100.00965592864512
3658-KIBGF,54.9,55.048228213645416,55.99845628139987
4143-HHPMK,85.35,84.89662705934916,84.65690912748806
4821-WQOYN,20.1,19.94539162874858,23.060148075331092
4291-HYEBC,39.1,39.82969912311903,41.62171690040209
8849-AYPTR,91.25,89.9125886292654,91.44822465681807
3898-BSJYF,73.55,75.03096437054157,74.85082617991873
7562-GSUHK,93.2,89.94017128794664,89.28432910785006
3523-QRQLL,69.5,69.88291424694071,70.33835788407214
9661-JALZV,24.7,24.976968063186426,24.936789312295375
4670-TABXH,109.75,109.93090080644987,109.27361674392665
7966-YOTQW,54.5,55.11304228416711,55.76188612682866
3694-GLTJM,19.65,20.006794173694274,22.095885222573003
8835-VSDSE,70.7,69.96126342066525,69.7940425078664
3721-CNEYS,70.95,69.95951443571415,69.8508355927724
9667-TKTVZ,54.35,55.0269735934262,55.9151520190934
2927-CVULT,104.05,104.92411823818158,105.768233052129
6595-YGXIT,88.95,89.9467047186721,90.3449639565624
0864-FVJNJ,113.35,114.92848612123615,114.20934949561287
4537-DKTAL,45.55,45.01818864927103,46.108863789967515
3466-WAESX,69.1,69.98545340678484,69.41651720382174
2483-XSSMZ,47.85,50.027600532663456,50.621440208538516
4163-KIUHY,25.6,24.99398594050394,23.98637097003239
8486-AYEQH,76.05,74.9669058094472,75.23758353106035
0516-WJVXC,54.2,55.080943375382034,56.04710697515136
5304-EFJLP,111.65,109.88635300609194,108.7186590515801
4137-BTIKL,90.75,89.9735217827196,87.06941910890507
2863-IMQDR,89.65,89.99321067654748,90.1714751870325
2930-UOTMB,65.25,65.1419518049076,65.15105140549305
5673-TIYIB,40.4,40.036821610236515,43.6670143224309
3645-DEYGF,20.75,19.967356532471946,21.575801215817442
1099-GODLO,20.35,19.92116973991577,22.596491938649628
1955-IBMMB,20.2,19.950621523295283,20.050248897507927
6857-VWJDT,95.65,94.90476634687451,92.780031325889
6410-LEFEN,45.15,45.01768662010445,45.51157617330408
6692-UDPJC,91.65,89.95360611917837,89.5074711484047
7858-GTZSP,86.55,84.90750883719625,84.43571800124893
5232-NXPAY,74.45,74.94072223317542,75.56437946539901
1355-KUSBG,48.8,50.00620009860796,51.081642224058875
1174-FGIFN,90.45,89.86974361012452,89.26552557511744
8750-QWZAJ,19.8,19.924945403230403,21.4537014974811
7850-THJMU,19.65,19.957344163844887,18.866472314867522
0310-MVLET,99.15,99.86512717981236,99.29740975944276
2623-DRYAM,101.75,99.89026396199434,98.02602656226637
1905-OEILC,19.5,19.977767148552765,21.64035186679625
6899-PPEEA,96.55,94.88362630529834,95.77533443921718
3104-OWCGK,90.95,89.92953106369494,88.74656844550981
5287-QWLKY,105.1,104.94371500359166,101.83766589968903
2603-HVKCG,101.4,99.91218270374907,101.21852252869598
9845-QOMAD,19.75,19.939289430726447,19.32310627640239
4816-OKWNX,103.4,104.8775265972042,104.96888432363156
9103-CXVOK,19.75,19.974505478067137,22.302980954477036
2845-AFFTX,99.8,99.91836242840438,100.39288354811039
7776-QWNFX,50.4,49.99875382460412,51.68903250410488
1468-DEFNC,24.4,24.923328320984545,26.79141660513244
7905-NJMXS,64.2,65.07817364973184,64.47786558477407
1866-OBPNR,74.6,74.98116406689454,73.14410072821678
3720-DBRWL,83.85,85.02255911160061,86.26252895289082
5073-RZGBK,80.05,79.98096661537646,81.25310038026367
0129-QMPDR,20.5,19.93720862739611,18.58057055726367
2560-PPCHE,105.05,104.87374918455893,104.38737418900806
1496-GGSUK,25.7,24.947961464627397,27.732204197957557
4671-LXRDQ,45.0,45.016574738462786,46.12637938073811
9432-RUVSL,102.5,104.96954638563773,104.84038619876921
3992-YWPKO,109.9,109.95694194461592,107.47229275028525
8980-WQFWL,62.1,59.967243307050765,59.984319813995924
0212-ISBBF,50.35,49.88863408060862,49.02665259283457
7722-VJRQD,60.95,59.947653771980875,61.17498282420976
4135-FRWKJ,76.25,75.0355886527991,75.05023545653626
5161-UBZXI,106.35,104.92756282414322,103.46383112451872
5327-XOKKY,73.45,74.96323106686066,75.84374052501181
3988-RQIXO,91.3,89.87673696073188,87.98962195404518
0479-HMSWA,105.45,104.85512254853452,103.34147476359473
6923-AQONU,20.9,19.932031470086876,18.754295711805703
5562-YJQGT,20.35,20.015662815338736,22.18816854691815
7598-UAASY,76.4,75.00319091891701,74.70078092667514
7251-LJBQN,103.75,104.92129648579578,104.95056023294197
4910-GMJOT,94.6,94.90151282123126,93.25528867153939
0257-ZESQC,75.2,74.99709278282553,74.71037713207546
4765-OXPPD,65.0,65.06400848249285,64.97939990214216
6583-QGCSI,88.05,89.93422120619073,90.9433265651419
9805-FILKB,20.2,19.937065190491367,18.71253583794453
2706-QZIHY,25.2,24.952487042638374,25.804024781600233
7673-LPRNY,78.55,79.99150917080732,80.92985684632659
6778-YSNIH,59.0,59.991768877018814,61.931971940839
9050-QLROH,90.7,89.97291996304068,90.46093689109316
0707-HOVVN,75.5,74.98308827203783,77.27586890682262
7102-JJVTX,48.6,50.011904444624804,51.46199769631162
1810-MVMAI,67.6,70.08981310061218,69.78168662672947
7993-NQLJE,75.1,75.00277668958007,74.56600413152542
9281-OFDMF,90.7,89.90037944272136,89.90116759451075
6789-HJBWG,49.4,49.997836611436156,50.876448178527774
2139-FQHLM,89.95,90.00140502292543,90.04658958937812
3723-BFBGR,54.8,55.04480299421659,56.17213382402764
0639-TSIQW,102.95,100.04956225886568,97.84248208677639
8626-PTQGE,60.05,59.92850076543855,61.06651718195192
3541-ZNUHK,85.1,84.98270473154676,85.39864427755484
4568-KNYWR,63.25,65.047296372967,65.85537378660372
9658-WYUFB,94.4,94.9997462810487,94.19708104175916
0997-YTLNY,48.8,50.002086504967515,50.60178968947612
3208-YPIOE,75.25,74.98742508423881,74.80980557518322
7707-PYBBH,61.9,60.06583795171705,60.430061738046284
9313-QOLTZ,20.9,19.98841372336676,18.077925312498195
6654-QGBZZ,19.9,19.977767148552765,21.64035186679625
6877-LGWXO,78.55,79.9051446733443,79.5217220504219
8020-BWHYL,75.3,74.96486350175608,74.93016036630327
3594-IVHJZ,20.45,19.969041943813046,21.600094783767595
9507-EXLTT,79.35,79.95787449606054,79.04104444826909
9793-WECQC,95.3,94.89517550117006,96.49843307342951
1266-NZYUI,66.85,65.05317079101323,66.39050706677902
2342-CKIAO,20.3,19.97769543010039,21.41645532168451
6963-EZQEE,88.55,90.01536301820967,91.21490658179667
2796-NNUFI,19.95,19.909288923271824,18.497706337014108
3486-NPGST,19.55,19.94637325590407,18.59932977920866
9070-BCKQP,110.15,109.97904533658368,109.26061844722037
7742-MYPGI,48.8,49.99611434351204,51.45787126116218
9929-PLVPA,20.4,19.99266922622995,21.995362763358123
9124-LHCJQ,85.45,84.90289777952819,82.9953991369004
2792-LSHWX,83.4,85.00617470796668,82.4259932902111
9330-IJWIO,100.35,99.95025489903605,98.84583057845607
0617-AQNWT,47.85,49.96209877873771,51.862589635999576
0895-UADGO,44.55,44.91906748826578,47.14319203335339
7255-SSFBC,112.25,109.87880750553556,108.46575981105283
5834-ASPWA,75.45,74.98149689914148,74.59904296645483
4132-KALRO,100.85,99.90926488746496,97.22981277611572
8064-RAVOH,49.85,50.02003074119643,52.037813820926544
8028-PNXHQ,24.25,24.938776409536956,25.023796641391513
9508-ILZDG,96.35,94.94698689871245,95.11681669881551
4361-JEIVL,44.4,44.99919626535522,46.39238369014819
2430-USGXP,101.05,99.9348862937423,101.08115167918724
5965-GGPRW,105.25,104.93467787584507,102.83625366776873
2542-HYGIQ,19.95,20.015734533791104,22.416025203324885
1035-IPQPU,103.5,104.8933637193052,104.95827935560446
3617-XLSGQ,109.25,109.9116872834122,109.08090966519036
9107-UKCKY,79.8,79.94238832443456,80.13000187506611
5146-YYFRZ,19.95,19.95870126196369,21.1491838264228
5649-VUKMC,95.5,94.88645696407215,92.8393197627244
3472-OAOOR,34.95,34.99193488521206,35.63050272428888
0397-ZXWQF,20.5,19.95870126196369,21.1491838264228
1346-UFHAX,80.0,80.05036686541726,79.29981211872575
7252-NTGSS,45.15,45.01286040707929,46.577809742385796
3198-VELRD,84.75,84.89037741189857,82.33704689008906
3407-QGWLG,20.05,19.958559609279853,21.583746614087993
9874-QLCLH,104.2,104.94970133381483,104.98228020954491
8668-KNZTI,53.75,55.06859569103444,55.603812860841046
8249-THVEC,19.4,19.936635847988804,19.138648463717225
6060-DRTNL,84.85,84.95264422496544,83.4017606772193
6773-LQTVT,35.65,34.93470528952548,36.93853286424897
7853-GVUDZ,20.15,19.985979880250795,23.31816125483848
4897-QSUYC,20.15,19.969113662265414,21.83153369590581
5197-PYEPU,94.45,94.98053583026497,94.7327859974951
3785-NRHYR,19.65,19.990206684675982,21.541455220404323
6087-MVHJH,88.45,89.92805643922797,89.92581889593264
1685-VAYJF,45.2,45.06255014391716,45.525870721149886
9912-GVSEQ,93.85,94.90280222098387,95.52136996249563
4636-OLWOE,61.0,59.98973173161617,62.20808790075323
9600-UDOPK,94.05,94.94618893178111,95.73313852582103
8631-NBHFZ,79.4,80.0622128489484,79.00415872697829
1053-MXTTK,108.65,109.90649945979382,107.51086677831086
3549-ZTMNH,24.0,24.94236233215539,26.456078164873993
7825-ECJRF,106.6,104.97455503754622,105.09474365143103
6439-LAJXL,68.95,70.06302528975054,70.9111700006851
4075-WKNIU,73.35,74.98224129785763,72.99758406934389
8042-RNLKO,25.45,24.97485668383603,26.66556676435227
4881-JVQOD,34.55,34.88661898110847,37.976456173815194
9593-CVZKR,24.45,24.918042947599865,24.344758133783813
9972-EWRJS,19.25,19.916507072300163,21.110703961890067
9888-ZCUMM,60.05,59.939574033312475,61.07965449485743
1265-ZFOSD,81.3,79.98747597815101,81.40190184989935
6078-VESFR,70.45,69.96958716433605,69.37735078531496
0306-JAELE,96.1,94.9175614569282,95.00665670140832
7075-BNDVQ,35.0,35.042141622279715,37.5980005865171
2208-MPXIO,20.0,19.918084878252273,18.23784256061414
3096-GKWEB,94.75,94.91448212861532,95.75941238876565
7404-JLKQG,57.55,60.03216648771883,61.938597077272945
5049-GLYVG,20.6,19.990206684675982,21.541455220404323
6704-UTUKK,45.9,44.913301939540176,44.69950361569276
9397-TZSHA,24.6,24.984832646497722,26.544250873988176
4686-UXDML,99.85,99.9216645097543,100.12304388163301
3808-HFKDE,44.35,45.00824423084104,44.798352469778976
3580-HYCSP,110.3,109.91504302253387,108.11486117129579
9795-VOWON,24.35,24.98435898010662,27.931795162196053
2159-TURXX,20.05,20.027887196104842,21.24707362048388
0096-BXERS,50.35,50.02912196926437,50.955831654140184
6507-DTJZV,66.4,64.9720120130214,65.53482931887872
9962-BFPDU,20.05,19.956665981299807,21.750046723741228
4587-NUKOX,79.1,79.99806404947115,78.7361781632463
4060-LDNLU,96.2,94.92217553292764,94.58892966347014
2379-ENZGV,84.85,84.95390081206304,85.67932640016875
4877-EVATK,20.0,19.990206684675982,21.541455220404323
9442-JTWDL,20.05,19.98613360245163,21.424544338150866
2748-MYRVK,99.9,99.86917892551611,99.02541196650071
3966-HRMZA,75.05,74.96822606709856,73.84191610358891
2862-JVEOY,19.15,19.96096434559835,21.35748679568013
9489-DEDVP,69.2,70.02193594629992,71.77880253776871
9469-WEJBT,90.35,89.94463484618572,90.24940880586999
2384-OVPSA,20.2,19.924312672783422,20.396328237746765
2186-QZEYA,58.55,60.04371093006712,61.027868951675615
6202-JVYEU,19.9,19.957495664598007,21.68203045579066
6419-ZTTLE,20.75,19.942935939568265,22.548753596000978
1891-UAWWU,90.8,89.9768420889142,90.43725660274222
6963-KQYQB,24.05,24.925692375554057,26.879995562813676
2521-NPUZR,101.0,99.98661413896446,97.94580657624613
8242-SOQUO,84.7,84.92622834274451,84.36061701236129
9823-EALYC,80.85,80.03919055488424,80.16671630021581
2314-TNDJQ,55.65,54.96026093648511,56.749938381740385
9714-EDSUC,94.9,94.95763946588686,92.34762880480497
1383-EZRWL,20.05,19.97733683783855,20.396768381857974
6617-WLBQC,81.85,80.00831825311218,77.9142002657834
6652-YFFJO,64.9,64.94134515512539,65.9045698858532
1401-FTHFQ,20.0,19.967957863606117,19.685297135729392
1803-BGNBD,54.3,55.01120379367106,56.50642354237994
1470-PSXNM,93.65,94.93113768923537,95.12638909202711
9185-TQCVP,85.15,84.92155392136581,84.85196451375181
6481-LXPWL,36.1,34.96959671750496,36.63160105250762
5066-GFJMM,19.9,19.970719210311763,22.48352363669752
7519-JTWQH,110.5,109.8876842920224,109.29024282166277
9957-YODKZ,80.8,79.98841711602425,79.33117784757692
8430-TWCBX,20.7,19.985157286212704,19.605646810195744
5955-ERIHD,94.7,94.91448212861532,95.75941238876565
5186-SAMNZ,69.5,69.96004531452604,69.32465353405249
5759-RCVCB,35.2,35.00295863195498,37.77722128413602
0220-EBGCE,85.85,84.93202882483263,84.42034428361717
7427-AUFPY,19.65,19.988876750554745,19.041666603908077
3221-CJMSG,51.1,50.06633149998392,50.75864241432876
4194-FJARJ,60.0,60.03362724731467,60.8833888329851
8138-EALND,19.75,19.989202626342816,19.02218768714365
8345-MVDYC,81.65,79.99919260584144,80.20500575536204
6119-SPUDB,38.25,40.02943992425432,39.79491742943718
1202-KKGFU,54.2,55.0855146070505,55.91858354528514
6556-DBKZF,76.05,74.92745641599228,74.19963703525688
6339-DKLMK,31.65,29.95682408846691,29.921032309581783
1977-STDKI,73.0,74.93330013549502,74.2081548947192
4001-TSBTV,91.55,89.93746522500489,89.17339355658832
7912-SYRQT,75.1,74.971951328188,74.76546453099395
4779-ZGICK,23.55,24.93970971762939,23.82293922742869
0670-ANMUU,97.65,94.99102403016362,91.00697087771988
8735-NBLWT,20.4,19.966782784852988,20.038207748234242
8930-XOTDP,55.95,54.98375510719504,56.51594369505718
6380-ARCEH,20.2,19.990206684675982,21.541455220404323
1167-OYZJF,20.05,19.92405257285654,23.45820993036598
1628-BIZYP,85.0,84.90028470041996,84.4313895909418
6284-KMNUF,98.0,99.9200362437195,99.64340141985838
4676-WLUHT,46.2,44.93164776521755,46.770218674478905
2138-VFAPZ,19.7,19.911583913747627,20.21385115828088
8648-PFRMP,46.35,44.88488454360374,45.438020994127825
8097-VBQTZ,69.9,70.05804897444287,70.69967812541206
6087-YPWHO,68.15,70.06875487578858,69.97342483345602
8109-YUOHE,56.1,55.03389003335819,55.58608085129266
3807-XHCJH,20.0,19.96206594194392,22.26219034259784
0524-IAVZO,85.0,84.9079668900047,85.29978197753096
8957-THMOA,20.15,19.953873936036956,19.442375304177354
7521-YXVZY,19.95,19.967213095567203,21.15048126019171
7077-XJMET,74.15,74.98966361582343,76.35409207780907
9625-QSTYE,81.15,79.96857864155547,80.26918741092884
7924-GJZFI,69.3,69.9443092446131,69.89264932735557
2034-GDRCN,90.4,89.89196989392718,88.95119048292341
4186-ZBUEW,70.7,69.92391042936009,70.65883383544343
4026-SKKHW,50.25,50.02987020224532,51.5650604524568
8548-AWOFC,63.85,64.98986595763442,64.86657062318803
0680-DFNNY,101.1,99.93553175981361,100.592351534978
7501-IWUNG,73.8,74.91868775783003,75.6016924395429
7176-WRTNX,114.95,114.94965480892645,114.97555743601727
8450-UYIBU,39.85,39.964972554791146,40.74326631920229
1794-HBQTJ,48.6,50.09177700526348,51.554936830144634
1862-QRWPE,20.65,19.926523209182513,18.008623235426896
2996-XAUVF,40.05,39.88786839718976,43.86022031754084
7145-FEJWU,105.3,104.88772687486855,102.57655225436798
6710-HSJRD,114.1,109.93461852621573,109.63888584584787
7530-HDYDS,84.25,85.01272028707538,85.55818567981547
8042-JVNFH,71.35,69.96662572964563,70.0385335476041
5127-BZENZ,65.2,65.01994420380225,66.0572884651079
0876-WDUUZ,85.4,84.94447426434024,84.25717511377592
0356-ERHVT,45.9,45.026402493870634,45.95279198825767
9912-OMZDS,106.15,104.85722134574252,105.27067834921084
2275-RBYQS,45.4,45.00420692079193,46.31793375683195
0917-EZOLA,104.15,104.87298582385702,103.88462237702754
2749-CTKAJ,20.15,19.938715683107496,18.38712087121732
5160-UXJED,44.6,44.97241854894478,45.6145508073742
7244-QWYHG,44.45,45.00996588542267,45.74632839671338
4226-KKDON,66.65,65.01714528466273,67.2827552644984
7018-FPXHH,59.8,60.02428457797653,60.45247069285835
9897-KXHCM,80.3,79.87758192716288,78.61441735100396
1222-KJNZD,20.4,19.966379248021376,19.251113864412183
2452-KDRRH,101.4,99.94731618828592,97.06323864134302
6892-EZDTG,91.65,89.95282490664736,89.42380547685116
6980-CDGFC,20.85,19.945969719072444,21.991381505181742
5071-FBJFS,50.3,50.04654674434654,51.885052660796504
4018-PPNDW,24.1,24.917684355338025,25.010058965586396
9066-QRSDU,26.3,24.95197321513548,27.700494644403847
0318-ZOPWS,20.15,19.94064815664683,18.81388679538155
0419-YAAPX,85.3,84.9851333281565,85.47492253645714
9786-IJYDL,113.2,114.93100118210808,115.55690271248332
4195-PNGZS,24.45,24.946927866657724,25.983287674799598
9372-TXXPS,59.85,60.03559451292894,59.81837022625136
7734-DBOAI,40.1,39.96280065924744,43.117943063854284
2858-MOFSQ,55.85,54.98163121122714,57.110142048756735
8180-AKMJV,44.55,45.042174306030276,46.937987962836075
2690-DVRVK,20.55,19.94533485744188,21.408341882561395
1790-NESIO,20.4,19.932756799452953,20.621226464412885
8083-YTZES,74.35,74.98128174378436,74.7588377959986
0661-KBKPA,78.75,79.93906050846411,79.95822091574405
4139-DETXS,64.45,64.92423286883383,65.18612028031366
1395-WSWXR,20.75,19.953060918887466,18.691082847777594
9546-KDTRB,24.7,24.994671661789916,24.25748487078053
4291-HPAXL,19.85,19.967356532471946,21.575801215817442
6198-ZFIOJ,75.6,74.97742397549612,74.05035144717453
7472-EQOAV,86.7,84.96449591684207,81.65775023076144
5997-OPVFA,89.05,90.00128108424234,90.11759210772539
5236-XMZJY,59.65,60.07809999511082,60.891927821725524
3873-NFTGI,55.5,55.05217134410059,56.15822962022314
8695-WDYEA,51.25,50.07490264243572,51.24495656643559
4342-HENTK,70.65,69.94420978406649,69.35435917179194
8580-QVLOC,92.45,89.98858337926502,89.03081349059809
3143-JQEGI,88.35,89.87873330998552,89.72783611366202
4465-VDKIQ,77.8,79.97687353558098,80.3308620014498
0824-VWDPO,96.75,94.92685747583297,93.91857453240316
3162-KKZXO,100.15,99.87428610218112,100.21184844576152
8445-DNBAE,50.05,50.00866747420695,51.14717784077732
2111-DWYHN,21.1,19.990206684675982,21.541455220404323
2662-NNTDK,24.8,25.00417155099867,26.80556521099856
7502-BNYGS,69.1,69.96217005181396,70.89316535420046
5372-FBKBN,20.75,19.95348262730134,18.577896109440182
4597-NUCQV,101.25,99.8860168142785,100.51850405362273
0020-JDNXP,61.25,59.93582779508784,60.85355235919163
6599-GZWCM,74.65,74.91346045825436,73.76181271288377
4342-HFXWS,69.7,70.04524840064558,70.17480755812393
5035-PGZXH,106.8,104.87853766835258,104.84637899907543
8216-AZUUZ,100.4,99.86670540527155,100.18886792890603
5542-DHSXL,54.7,55.053015568882635,56.85604792470929
8498-XXGWA,55.15,55.07180309986583,56.059004472008326
6542-LWGXJ,25.0,24.985964686731982,27.286239576307388
6248-TKCQV,80.6,79.95628172400245,80.2691085224861
3068-OMWZA,88.8,89.98024180439398,88.58839105377909
2430-RRYUW,54.8,55.02172234290477,56.44643351727816
8292-TYSPY,55.0,55.08752456808696,56.65507794836814
4589-IUAJB,24.25,24.969706300409392,25.993268803785945
5693-PIPCS,99.65,99.90106940882927,100.69060001748304
7446-KQISO,109.75,109.88074390374952,109.9384857315468
0048-PIHNL,20.45,19.95591413750244,18.68041222094393
6284-AHOOQ,90.5,89.9745926991719,88.97556896286542
2805-EDJPQ,99.75,99.91015602686979,100.8273124096695
9103-TCIHJ,55.7,55.06227677054371,54.7636370550793
9402-ROUMJ,100.25,99.9407080414405,98.38792782647829
5562-BETPV,19.65,19.940221770607238,21.807907317521746
3167-SNQPL,101.15,99.87256507497975,99.01045868521595
0810-DHDBD,74.0,75.10477705165104,74.06362513920345
1776-SPBWV,20.1,19.925486275796572,17.97712963011505
9537-JALFH,19.9,19.937456657805996,21.374423710734412
0702-PGIBZ,101.7,99.8799056827695,96.95253474029354
3055-VTCGS,58.55,59.97757235445023,60.512668083177545
9548-LERKT,19.75,19.95480990383856,19.363147741201345
6794-HKIAJ,90.7,90.04855564376886,89.1660574341505
9531-NSBMR,19.25,19.946444006144795,18.74551624317334
6368-NWMCE,68.15,69.99927161079682,70.47070980087479
0643-OKLRP,80.35,80.01045883303327,79.56453141421417
9948-YPTDG,79.45,80.00974242471256,80.72290264013039
4879-GZLFH,92.15,94.88883446442068,95.06417934186074
8098-TDCBU,25.25,24.955950605068537,23.740483150546595
5122-CYFXA,75.3,74.9443047179554,76.31127702397959
9889-TMAHG,100.3,99.99286526003822,95.5153259456456
5357-TZHPP,84.4,84.93742630162313,83.87457573961646
1474-JUWSM,68.4,69.99006563526022,70.45229393447079
8399-YNDCH,60.05,60.02268122964836,61.60699182126922
3847-BAERP,20.9,19.968468196194095,19.988101002603017
9402-CXWPL,98.9,99.86535262046556,97.33846156842722
5049-MUBWG,75.0,74.99877281128671,75.57421565575582
4039-HEUNW,96.5,99.88690517780117,100.83755005189471
5803-NQJZO,67.8,70.06882562602931,70.60068316248683
4116-TZAQJ,74.25,75.04118253037501,74.3287456375819
9094-AZPHK,100.15,99.88952739587427,99.7831047937226
6121-TNHBO,83.0,80.04845898129322,79.67113316032693
1564-HJUVY,63.75,65.02075643435616,66.71769984423261
7407-SUJIZ,20.6,19.98848544181913,18.123978062200187
5468-BPMMO,19.6,19.994128299914586,19.654859088280098
9168-INPSZ,104.15,104.92772840544629,104.8981317090711
8942-DBMHZ,20.45,19.989417781699927,19.442944064727655
8705-WZCYL,44.8,45.02204641755927,45.905196426700044
0322-YINQP,48.55,50.06624915614836,51.18430305291003
7000-WCEVQ,61.6,59.93625120455504,60.66244826783674
9739-JLPQJ,117.5,114.95386730364316,114.01061888043363
2794-XIMMO,60.45,59.90591724091981,60.169595407516795
9565-AXSMR,19.2,19.92995163496819,19.078158135289875
2880-FPNAE,74.2,74.979232780982,74.18508098503956
3316-UWXUY,93.5,94.99230780231622,95.29622991007162
9824-BEMCV,69.0,69.94977702779889,70.08008842068789
3256-EZDBI,29.45,29.985550081297767,31.61422452053123
1226-IENZN,78.75,79.8948856390106,79.55247717365836
2823-LKABH,95.05,94.94460446044211,94.22789281142224
6161-ERDGD,85.45,85.00142572248613,83.81266709339288
2137-DQMEV,44.8,44.96140550157653,48.255067389474576
2424-WVHPL,74.7,74.97874170716433,73.01853150627704
9945-PSVIP,18.7,19.910795010771565,18.745799220804145
2840-XANRC,93.15,94.91011043324292,94.88922095042443
8008-HAWED,50.75,49.93346320721582,50.46216085886345
0412-UCCNP,59.2,60.066481737056634,60.88719190573333
6402-SSEJG,61.05,59.93862583979748,59.41880108265128
8049-WJCLQ,60.2,60.017602866778404,61.3831006364899
2830-LEWOA,103.9,104.91463432922575,103.76461280056881
9780-FKVVF,59.15,60.013855177568644,60.7011772326009
5014-GSOUQ,19.95,19.95384982186352,20.241929032073628
0396-HUJBP,19.3,19.97769543010039,21.41645532168451
8356-WUAOJ,45.0,45.011355866387134,46.65221766421479
5442-BHQNG,70.35,69.96816792200151,69.44573316829823
5655-JSMZM,96.2,94.89520521999313,94.72967923447685
7065-YUNRY,45.3,45.00420692079193,46.31793375683195
5161-XEUVX,94.3,94.97583804320158,94.50107000227132
9068-FHQHD,20.15,19.927096956801464,17.685807153288636
8017-LXHFA,94.75,94.86417778775593,95.30939539816463
0786-IVLAW,108.1,104.87449359435254,104.76831473948961
6100-QQHEB,92.55,94.89170369486364,95.0665587706531
2642-DTVCO,85.05,84.90485887702891,83.84088274739582
0147-ESWWR,101.25,99.8985990355796,100.2692155489681
2335-GSODA,40.1,40.008239296454754,40.746388105825005
9602-WCXPI,20.15,19.995776118932476,19.55384593839316
0329-GTIAJ,97.9,99.89428399068588,98.92988538519512
8241-JUIQO,19.45,19.953304531122924,20.71498193810492
0581-MDMPW,88.95,90.01402482010816,90.68708598503454
9314-IJWSQ,84.8,84.94023893694347,85.03849690674954
8532-UEFWH,25.75,24.93942284381992,24.167731942028745
7861-UVUFT,84.3,84.97438063768462,85.3289183946181
8383-SGHJU,59.4,60.05952272075165,59.82303758030088
8755-IWJHN,95.35,94.9154821395392,93.58032584135269
0123-CRBRT,88.1,89.96670954865041,90.79889819049423
2223-GDSHL,116.05,114.92848192322114,114.28443780891125
8189-HBVRW,90.8,90.033437297833,89.57600293293338
8495-PRWFH,55.65,55.03032094422154,57.107238672509965
6092-QZVPP,79.2,80.06836351184293,80.89607012428601
5129-JLPIS,105.5,104.98656426295523,106.25996077791996
1614-JBEBI,20.7,19.96861163309883,20.349713425712537
0637-YLETY,95.6,94.94964249679836,94.5067863052432
0135-NMXAP,89.75,89.95382644996128,89.48792565898222
7892-POOKP,104.8,104.93552706604451,106.34968754708714
8161-QYMTT,94.1,94.91352204664028,94.79825553672708
3001-CBHLQ,104.9,104.9323750767106,105.08357437124627
8945-GRKHX,78.65,79.88462986540388,77.6340272604073
4625-EWPTF,30.45,30.030206283109017,30.915467862757296
1343-EHPYB,103.4,104.92110790707608,103.27454531495655
0375-HVGXO,34.7,34.96188115797814,37.215803625641485
0330-BGYZE,102.5,104.90441707778872,105.29011974382288
5989-PGKJB,86.25,84.88676938751121,84.89702060083883
8752-GHJFU,92.0,95.00686018424878,92.03214304374359
4851-BQDNX,85.05,84.9332933134788,84.55823659352484
7240-FQLHE,99.75,99.91208288525064,97.25377047354422
6175-IRFIT,78.75,79.91423271927756,79.3534067781392
6538-POCHL,79.0,80.01215123322554,80.30516097339687
3078-ZKNTS,19.75,19.92037986872807,20.826766466487257
5777-KJIRB,50.25,49.99336063017497,50.588952410166144
7923-IYJWY,116.1,114.96380846134616,114.75314729093543
2810-FTLEM,50.15,50.05813380388372,50.278713146613924
1265-HVPZB,66.4,70.0846437854483,69.90774006320511
9796-BPKIW,69.95,69.98878643406972,69.60778876499437
9178-JHUVJ,24.1,24.94150171072696,24.571141787422313
4732-RRJZC,20.25,19.96867520670881,20.72930535866844
7010-BRBUU,24.1,24.975955860010885,27.07041648217823
9688-YGXVR,88.15,89.99213787518522,89.62747472883183
9286-DOJGF,74.95,74.956172389468,75.82140771648945
6994-KERXL,55.9,54.96107163935621,55.7052794536134
2181-UAESM,53.45,55.10106536046866,56.01985208993428
4312-GVYNH,49.85,49.956339257620115,52.713612048404734
2495-KZNFB,90.65,89.95560544892972,89.84522851160959
4367-NHWMM,24.9,24.963266116275065,27.030657689336522
8898-KASCD,35.55,34.98695174875594,35.369723105967374
8016-NCFVO,116.5,114.9675978995644,114.70361496253895
4578-PHJYZ,68.75,69.98483923453097,71.58446973545955
2091-MJTFX,51.2,49.932528625877026,50.75024805634933
2277-DJJDL,99.0,99.90953248420305,97.96621407925137
2511-MORQY,54.9,55.0108307461887,56.261611048702825
2731-GJRDG,109.55,109.95753443558533,109.77516958515464
1784-EZDKJ,106.8,104.8964090575727,105.89309060083562
2468-SJFLM,74.3,74.97999291188054,75.10549890459748
5115-SQAAU,25.6,24.92583484424715,25.66771453378756
8708-XPXHZ,94.2,94.8774711974312,95.93420116167928
0601-WZHJF,46.35,44.92303120261306,46.25309719514412
0463-TXOAK,25.6,24.975641244107166,24.574079539852164
4683-WYDOU,107.6,104.91335620928712,104.56625768611164
1166-PQLGG,19.55,19.924801966325667,21.936608529579317
0963-ZBDRN,96.2,94.91562505871424,96.51110147658889
4871-JTKJF,69.65,69.94428150251886,69.31275490478139
7173-TETGO,78.5,79.97649390622398,78.75960041238727
4193-ORFCL,45.1,44.99755575543162,47.230937610435554
2692-PFYTJ,25.75,24.978584871117143,27.050982424493597
2369-UAPKZ,104.1,104.92677211800563,105.32316004642848
5193-QLVZB,104.75,104.88718695662493,104.55239352860829
0379-DJQHR,81.35,79.99384776821111,79.15560926630035
4657-FWVFY,96.35,94.98079479059348,95.85201674917018
0623-EJQEG,93.55,94.9588869162836,92.31249850548585
1699-TLDLZ,19.7,19.920093963130235,19.589027073155236
4501-UYKBC,69.1,69.97767182129212,71.61237248636718
8158-WPEZG,35.65,34.98277424372977,35.99469233351398
9732-EQMWY,99.4,99.90885470672166,99.77473282130619
1099-BTKWT,54.4,54.9396188120332,56.30599957903114
4815-TUMEQ,19.3,19.93958444937831,21.155076076906248
6407-UTSLV,83.8,84.92976777398559,83.33599853207349
0018-NYROU,68.95,69.96104826530814,69.8766359065778
4632-XJMEX,62.85,60.05979258434212,60.38228945955868
1409-PHXTF,110.45,109.8843196623506,110.6565822563278
8229-TNIQA,45.3,45.00399176543483,46.00743983914898
0529-ONKER,75.65,74.973841675448,73.95998613482244
3675-YDUPJ,19.85,19.980907732317313,19.978329435946705
4484-CGXFK,55.3,54.94870382168536,55.81884839285283
4443-EMBNA,24.75,24.957195045833807,25.782279430056008
4280-DLSHD,54.75,55.027746521517024,57.003997316447006
9300-AGZNL,94.0,94.89864770570682,92.91669681899167
2789-CZANW,110.3,109.90436342671066,109.07961209774072
8464-EETCQ,18.8,19.98866159519764,19.44342696105855
7216-EWTRS,100.8,99.9087916303759,97.82338366477543
4468-KAZHE,60.0,59.92294757427468,61.39320866687926
8623-ULFNQ,66.05,64.95458803671985,65.81068801012415
9317-WZPGV,79.75,79.8867744371045,77.85352012252697
8947-YRTDV,94.8,94.92176721504543,93.08636816882793
1814-DKOLC,25.45,24.986951483595014,26.2369780718468
8071-SBTRN,111.15,109.91512385404026,107.62179256148931
4701-MLJPN,55.25,55.05409652206431,55.812988286499206
1205-WNWPJ,59.5,60.0103588733716,61.31439318098037
6158-HDPXZ,25.35,24.984359138685633,26.928052595807884
6683-VLCTZ,98.55,99.91811953095302,100.33454538231744
3727-OWVYD,61.2,60.05343357705676,60.36439979188154
0856-NAOES,60.9,60.038990907840834,62.14482353846619
0562-FGDCR,74.55,75.0058457926791,75.28331447812438
0956-SYCWG,19.65,19.95342274095266,20.33451332973035
2277-VWCNI,48.75,50.006811808926244,51.575212968888806
3498-LZGQZ,19.15,19.920509245704785,21.159022329793537
9135-MGVPY,84.7,84.98330079421964,85.07392910476938
3815-SLMEF,34.25,35.03474604712578,36.5993231325164
4513-CXYIX,80.7,79.99715528709926,78.97300000565927
8944-AILEF,19.45,20.02026551024489,21.16266011904151
1270-XKUCC,19.7,19.919089904797083,18.18230263452582
6633-SYEUS,83.2,84.99320640143799,84.72143006672394
8075-GXIUB,19.85,19.98516090878301,23.821382291533432
6016-NXBNJ,19.15,19.950231024192306,18.561036557093693
9332-GYWLO,54.85,54.99001568926757,56.982746022767195
3276-HDUEG,75.05,74.96365740237414,74.2924980873791
5884-FBCTL,25.1,24.93427317517739,26.2671365022223
8999-YPYBV,84.35,84.96217188487245,85.32609523499806
1522-VVDMG,89.75,89.94609510859262,88.95335285183458
0848-SOMKO,48.4,49.9756832950796,51.975125412047056
1657-DYMBM,19.9,19.990697453958198,18.957609239159254
6923-EFPNL,51.75,50.07252338193547,51.095358159991505
2167-FQSTQ,92.4,89.98551727223516,91.27066399937712
9286-BHDQG,45.25,45.03346009545428,46.33535796122469
7225-CBZPL,94.8,94.89924919542001,95.12641794667465
5605-IYGFG,69.85,69.96248011933628,69.94401495580169
6861-OKBCE,20.1,19.992167197063374,20.73812730442311
7571-YXDAD,74.9,75.01020655544745,74.06970657672034
0254-FNMCI,109.9,109.9242763511628,107.78322013346272
8981-FJGLA,78.0,79.97336407761082,79.82273625764317
8414-MYSHR,91.4,89.88888962304563,88.87514446772084
9274-CNFMO,74.95,74.97637956337513,73.69089238395071
3794-NFNCH,50.0,50.03715008258875,50.08967066842133
5158-RIVOP,20.9,19.95841994063042,21.117058664022025
1100-DDVRV,49.8,49.897781233300655,50.66375029143215
9522-BNTHX,56.25,54.893303283373726,53.59174280541938
3677-IYRBF,30.4,29.97412418266034,33.31913003107924
7009-PCARS,19.1,19.943324225756314,19.90899803397717
8250-ZNGGW,59.9,60.08722478130476,60.689456518392674
0967-BMLBD,20.0,19.918411563672976,20.285485668368047
7594-RQHXR,79.6,79.87597637911654,78.20001137165947
8966-SNIZF,19.45,19.947795555434446,21.393156848758387
7235-NXZCP,74.85,74.96072056839732,73.85209371809333
0122-OAHPZ,73.85,74.96862705230404,74.72628775341985
7815-PDTHL,20.2,19.94361852962406,18.118489018764237
8331-ZXFOE,71.1,70.09149680656668,70.9105769923192
8901-UPRHR,109.2,109.86636796941234,109.03868274031566
3563-SVYLG,62.65,65.07468777378062,64.94347584339553
3205-MXZRA,59.45,60.039172883609716,60.424674578266774
5392-AKEMH,45.05,45.00881797845999,45.23690178246597
8201-AAXCB,60.35,60.01056378364751,60.800014329265565
6919-ELBGL,114.95,114.91310555312111,112.43723778504852
0530-IJVDB,114.6,114.92348038083846,113.6094934705972
5047-LHVLY,50.15,49.99932612890465,52.43621808445286
8404-FYDIB,86.65,85.05089269463585,85.13714517541337
3415-TAILE,65.7,64.92414297958699,66.10375085107381
2819-GWENI,19.9,19.92584583627007,18.064880593863656
6164-HXUGH,19.85,19.95630738903796,20.726960440978083
6762-QVYJO,59.75,59.92749405766274,61.17107854449687
5046-NUHWD,45.0,44.96277984578474,45.886938436568755
0106-GHRQR,71.4,69.98285961148085,70.54156168668526
8374-XGEJJ,101.0,99.8864031486346,100.6011023914379
2546-KZAAT,75.4,74.95693084440205,75.87939407907365
7569-NMZYQ,118.75,114.91597066864556,114.66282235343601
3279-DYZQM,19.45,19.928588984373185,22.66599204130913
0374-FIUCA,20.4,19.98118334624243,21.46441860930357
3714-NTNFO,84.5,84.90485525445861,84.4807928206735
8705-DWKTI,83.8,84.96101032680842,83.56917807759274
4195-SMMNX,20.35,19.990134966223614,21.31654115437071
2599-CIPQE,109.3,109.95690734936704,107.48919881530622
5136-GFPMB,89.4,89.97899158504276,89.35130468664096
6476-YHMGA,76.5,79.95515516728653,78.77422439015784
3055-MJDSB,24.6,24.97513190477934,25.32760353878497
7516-GMHUV,105.05,104.96439084477645,105.43020122088922
5940-NFXKV,83.65,84.89834517689994,84.7026587733602
3597-YASZG,104.45,104.85322243103225,103.95338573039638
3786-WOVKF,106.85,104.89592700569406,103.01167306032525
2806-MLNTI,105.1,104.88103268747265,105.60167003576879
0799-DDIHE,46.3,44.99615514213728,46.03716597693228
9926-PJHDQ,76.8,74.9140028814708,76.32731966491212
0334-GDDSO,81.35,79.95506744356523,78.75583732027215
2371-KFUOG,99.15,99.92210854428265,98.89474431701893
4634-JLRJT,20.35,19.969113662265414,21.83153369590581
5886-VLQVU,89.85,89.93673929198495,89.68170899486198
3194-ORPIK,84.4,84.94098134854215,85.65704949785948
6048-NJXHX,19.75,19.950337164505044,19.42539415752578
7860-KSUGX,64.45,65.07050492658797,65.43766179596477
2925-MXLSX,68.95,70.02375012282386,71.54726236019192
2933-FILNV,24.4,24.94209323056974,28.250351943553227
7758-XKCBS,29.7,29.99346873694413,30.264297106235475
2027-DNKIV,58.75,60.04788403587045,60.25758817569518
4751-ERMAN,75.4,74.90598984171845,74.52017087887545
8224-KDLKN,25.0,24.94671271130062,26.595254097251384
7929-SKFGK,114.3,114.98930042887517,114.61400059499735
8329-IBCTI,19.65,19.977767148552765,21.64035186679625
5016-IBERQ,84.25,85.00017467324517,85.83785905360166
5405-ZMYXQ,74.6,75.00112275844589,75.05759436030489
7841-TZDMQ,46.0,45.054542123701125,46.51991763916354
9754-CLVZW,38.85,40.03898137368285,40.06160496814145
9503-XJUME,19.65,19.97278252982369,19.999268857267573
3298-QEICA,34.6,34.976714269441416,36.367796455632885
9420-LOJKX,99.1,99.96222631084999,98.64370703874386
3391-JSQEW,50.15,50.00461705520003,50.76828766053881
4939-KYYPY,59.45,60.072508091012864,60.40068510397288
2061-VVFST,19.5,19.98565850574665,18.496988124908775
6480-YAGIY,112.2,109.98648569094982,110.35341349666183
0330-IVZHA,69.95,69.9697017515955,69.75724468053073
7161-DFHUF,23.85,24.948470809305732,26.949418470585613
1260-TTRXI,54.3,54.96972512564356,55.63225063163535
8577-QSOCG,20.2,19.90986267089078,18.183791678352847
8963-JLGJT,55.9,55.072743529168136,55.78837423229537
3266-FTKHB,19.15,19.953562948054042,19.578718128605466
6122-LJADA,90.15,90.0078175176533,90.94211564776411
8710-YGLWG,44.9,45.016646456915154,46.23583403388251
6463-HHXJR,100.5,99.97208831399631,97.98026074956316
9576-SYUHJ,91.15,90.02173281514837,90.4573550318873
9289-LBQVU,70.15,69.93609083376808,70.51229867711419
2207-QPJED,90.0,89.9795188486071,88.99760139470995
6990-YNRIO,108.65,109.94854708724654,108.88924674493069
0489-WMEMG,49.45,49.96966235869901,51.88849427223883
2189-UXTKY,79.2,80.01474632742026,81.40235151416452
7105-MXJLL,60.7,59.92870288525296,61.43938380149843
7133-VBDCG,79.85,79.999810519403,79.70319574888492
9933-QRGTX,97.2,99.91703284872496,99.05691056446047
6356-ELRKD,95.6,94.94164431161275,92.6294154042521
2194-IIQOF,89.3,90.0268099015691,88.76284177774315
8063-GBATB,85.25,84.89112840876305,84.97776975430577
9611-CTWIH,89.45,89.89189817547481,89.07839401292694
3571-DPYUH,94.7,94.95559235415197,95.09130349007651
8519-QJGJD,75.35,74.98814177641428,75.12062897500603
5846-NEQVZ,70.85,70.01604087631407,70.52683005455037
6022-KOUQO,29.05,29.97283813562006,33.57951177416162
7205-BAIAD,20.6,19.93954463776707,18.381817755599123
9574-BOSMD,25.4,24.946999585110092,25.79110883453474
4884-TVUQF,101.3,99.97850588199884,98.78150257027922
6439-GTPCA,87.25,85.00010340919013,85.28757324258092
3795-CAWEX,116.55,114.95779679038378,115.00688109867616
7821-DPRQE,107.7,109.96288472044115,108.94073064222825
4983-CLMLV,102.7,104.93455740491686,105.92532393417007
2380-DAMQP,115.15,114.94415003125297,114.18789614296675
7534-BFESC,76.1,74.96454272308932,74.78811790904948
6695-FRVEC,60.4,60.04784422425922,60.85405985648272
0361-HJRDX,64.35,64.97486405860651,64.1616827894013
0354-VXMJC,19.6,19.969998855325223,18.98396881752617
6559-ILWKJ,49.35,49.872465642420174,52.3341880393295
9895-VFOXH,24.4,24.97191960256241,27.233780453755124
8229-BUJHX,20.5,19.924873684778035,21.691984102194766
4476-OSWTN,110.55,109.94504048574626,105.77063380618475
2995-UPRYS,99.2,99.88175841903009,99.73927211648225
9208-OLGAQ,84.95,84.90313714182385,84.3704730859431
4124-MMETB,94.65,94.94501369444897,95.49615208492295
8882-TLVRW,39.1,40.006689232596884,42.8043731917378
2957-JIRMN,84.45,84.92236270630663,83.7793310149976
3646-ITDGM,19.7,19.94705062881652,19.20453850524433
2673-ZALNP,19.9,19.94845309102277,21.410733690951517
9975-SKRNR,18.9,19.990206684675982,21.541455220404323
3724-UCSHY,19.55,19.96874692516119,20.913095503478793
0259-GBZSH,85.65,84.97464026174808,84.58183645753992
7130-CTCUS,54.55,55.04936058217049,56.647910519463935
8150-QUDFX,19.85,19.990134966223614,21.31654115437071
8218-FFJDS,86.4,84.96800707227791,84.87715699771348
8259-NFJTV,34.65,35.013358006063356,36.80202168767411
7909-FIOIY,24.85,24.94087401687947,25.988091137832733
3317-VLGQT,78.1,79.89964317639087,79.77494033827757
2722-VOJQL,105.65,104.91550358784477,104.66983568036757
0584-BJQGZ,78.35,80.08671919465934,80.23269842495041
6732-VAILE,85.95,84.95821481842009,85.4698550929227
1302-TPUBN,19.35,19.958772980416057,20.934558224248555
8380-PEFPE,71.65,69.9491755380857,69.38676157073009
7402-PWYJJ,91.15,89.89080080101934,89.00577054407792
4250-FDVOU,56.25,55.05652310767093,55.85658806688173
9128-CPXKI,95.8,94.88187366288668,93.93830669739773
4183-WCSEP,78.45,79.97225995192976,81.34500300456992
0404-SWRVG,74.4,74.98135346223674,74.70817299470161
6227-HWPWX,69.0,69.94770970580063,69.02810489745937
1899-VXWXM,106.1,104.92411837668897,105.55849740692165
8450-JOVAH,56.7,55.06320096558212,55.548876800652266
4550-VBOFE,102.95,104.90530122626184,101.88297258844992
9546-CQJSU,91.4,89.98303520146605,89.37016091193931
4789-KWMXN,110.85,109.99989032858437,111.32113971985365
0835-DUUIQ,21.05,19.933107961656525,18.800782242078284
1855-AGAWH,93.8,94.89602930890821,95.04550177254984
9079-YEXQJ,111.1,109.92958552059537,109.86665528760167
3577-AMVUX,55.05,55.05950160127861,56.969626519973
2316-ESMLS,33.15,35.02208305222406,37.718824839862265
9426-SXNHE,18.75,19.98641966662847,21.523089757986803
8550-XSXUQ,70.55,69.98267300785061,70.50838829566861
0723-DRCLG,74.45,74.95550169632168,73.97749710235296
2176-OSJUV,65.15,65.05671635492783,65.06072637950723
0107-WESLM,19.85,19.986953159032744,22.211919812178337
8626-XHBIE,24.8,24.928733498772004,24.50797162649848
0188-GWFLE,20.05,19.990134966223614,21.31654115437071
8166-ZZTFS,80.55,79.91099732571755,82.68358411269483
5774-QPLTF,20.35,19.92805408015382,19.370507375110925
0929-PECLO,89.6,89.91270529620294,89.93586350109464
5696-QURRL,45.05,45.016646456915154,46.23583403388251
8124-NZVGJ,49.25,49.87984641764535,52.0231775483673
4130-MZLCC,50.55,50.01031640277405,51.80156514825355
4489-SNOJF,72.25,75.08121142030993,75.98070905752259
8984-HPEMB,118.65,114.93381927846691,114.86207619310412
4615-PIVVU,66.5,64.98583312961664,66.06806618053095
6848-HJTXY,19.45,19.977469014858926,20.665056440725728
8757-TFHHJ,49.8,50.1042165413867,51.53411336342717
4603-JANFB,69.85,69.97202569028974,69.99732247845948
8565-HBFNN,107.2,104.99411607454945,104.5985548387977
7422-WNBTY,93.35,94.93004437958818,95.44841963647977
4712-UYOOI,20.0,19.960703291348906,19.319698373819087
3372-CDXFJ,24.5,24.957556594558618,25.01974930823507
5353-WILCI,56.05,55.05494530171882,55.39426311609466
0988-AADSA,80.85,79.98142980114345,80.61485783388298
8270-RKSAP,70.5,69.9714519426708,70.1513333397476
5954-BDFSG,107.5,104.9276936523994,102.39257535925033
5792-JALQC,59.85,60.04703449343099,63.097143924987186
2202-OUTMO,60.85,60.08475452366277,60.22254475994468
9028-LIHRP,100.2,100.01766697221298,96.65328754906568
9150-KPBJQ,19.65,19.97987970014522,22.45515607660343
4003-OCTMP,64.0,64.98253082462246,66.38726483480465
8775-LHDJH,90.6,89.9377354103568,88.58301356633866
6770-UAYGJ,25.25,24.9271984630538,23.829065697939733
7596-IIWYC,20.25,19.94047697764786,18.9546857609104
0887-WBJVH,93.45,94.87454467322658,94.1677955937929
8840-DQLGN,100.5,100.00159114032834,99.02602798519021
8413-VONUO,95.65,94.90208154931392,94.611834131006
9281-PKKZE,43.95,44.89964318972669,45.08193298450371
5186-PEIZU,19.25,19.984052957700293,17.897220673455244
6339-YPSAH,73.8,74.992286418512,75.39283173287319
2324-EFHVG,104.4,104.88711523817256,104.43149540602319
1918-ZBFQJ,79.25,79.96857864155547,80.26918741092884
6968-GMKPR,81.55,79.96556646655598,79.30201360726953
3062-ICYZQ,93.8,94.92223198251028,95.00221192197873
2233-FAGXV,24.3,24.957196830054706,26.760231733116214
6017-PPLPX,70.45,69.94956187244179,70.13933696638821
1982-FEBTD,25.6,24.958377041766376,25.27561355323735
9705-IOVQQ,99.0,99.84203180375948,97.72554564182943
6288-CHQJB,69.95,69.9842308914582,71.02060731775629
3315-TOTBP,76.0,74.9750928801642,75.18995469544049
6096-EGVTU,24.9,24.932735180836524,25.932796926300135
2937-FTHUR,64.8,64.99250528706807,65.03118566220415
4062-HBMOS,103.05,104.92014782510105,104.90290360907053
2387-KDZQY,20.1,19.95152195633495,19.84263122781004
4609-KNNWG,19.9,19.91930506015418,18.360488656959674
0409-WTMPL,110.65,109.96231334022636,111.14628646908079
3766-EJLFL,109.05,109.92723890947886,109.67392071747948
4232-JGKIY,19.2,19.995606645320095,21.27203773880526
0334-ZFJSR,66.05,65.07262647103367,66.01268147492738
6582-OIVSP,45.3,45.01286040707929,46.577809742385796
8661-BOYNW,84.4,85.02906606385321,85.38771961210256
4257-GAESD,45.0,44.94198385375193,46.913864653943314
8785-CJSHH,99.8,99.88804905046877,99.34244762599926
5469-CTCWN,106.0,104.898285668353,104.62636375482296
2839-RFSQE,20.65,19.97769543010039,21.41645532168451
4890-VMUAV,71.5,70.07966381212117,70.39804884029063
3365-SAIGS,83.55,84.94067237296376,85.90671496106276
0946-CLJTI,98.7,99.9171432147141,98.73874612108898
3920-HIHMQ,49.5,49.9890350161304,50.72156832634546
5307-UVGNB,48.7,49.945856011231626,51.26035203571121
8780-RSYYU,19.2,20.0053598046469,19.31377563691317
0742-NXBGR,82.3,79.96943926298388,79.58994085378944
8067-NIOYM,21.1,19.94883411446228,19.743843786739603
5916-QEWPT,69.0,70.00579499287056,70.66390499825958
1029-QFBEN,19.55,19.990206684675982,21.541455220404323
9251-WNSOD,75.1,74.9891596214146,74.76205368607674
6576-FBXOJ,54.6,54.92813395851628,56.23312015190866
2501-XWWTZ,70.2,69.9799619920534,69.69988808426751
6080-LNESI,24.75,24.960595729525238,23.89126287901052
7245-NIIWQ,69.85,69.9594427172618,69.87927490962456
6567-HOOPW,79.2,79.93749658357783,79.05683898327207
4550-EVXNY,69.65,69.93673600196249,69.37005054579927
6437-UDQJM,84.1,84.9894128629468,86.76035472459743
0297-RBCSG,65.35,64.93682220684993,66.28208238118701
2097-YVPKN,25.75,24.95959167119208,25.76068268586969
0853-NWIFK,100.3,99.8986235858689,99.59517342200544
4853-OITSN,89.15,89.97180208667035,88.61057233012525
6128-DAFVY,44.85,44.92974444484614,45.70881719672938
1197-BVMVG,74.45,74.95353755601349,73.99227282183509
7508-DQAKK,86.4,90.01690945949724,91.4678775079772
9938-PRCVK,19.7,19.927025238349096,17.697979032867607
0289-IVARM,60.55,60.07527774839343,60.55329368388919
8260-NGFNY,25.2,24.97191960256241,27.233780453755124
7074-IEVOJ,79.4,79.94262790744202,78.55997543629587
6614-YWYSC,25.0,24.95504711483305,25.424757437342002
8473-VUVJN,73.65,74.96619224749381,73.86970589349009
6693-DJWTY,55.6,55.03527679812663,55.40548656747667
3655-SNQYZ,113.25,114.95408245900028,114.5833534502571
2845-KDHVX,68.3,69.92840207006608,70.72408822831265
5027-YOCXN,110.05,109.95359094599317,109.78298675654227
8884-MRNSU,19.9,19.947798511897417,19.096445205891456
0567-XRHCU,43.95,44.949436790343796,48.582166479292624
5868-CZJDR,31.35,29.9418741331704,32.507010976219505
4223-BKEOR,64.85,64.96936969124054,65.33803608140386
6035-RIIOM,97.2,99.85455841073181,99.69441419990463
3797-VTIDR,23.45,24.98285459799348,27.107489818621687
2568-BRGYX,70.2,69.97181053493264,70.06975215319262
2775-SEFEE,61.9,65.02855574160353,63.27153810733229
4291-SHSBH,69.55,69.97159537957553,70.12439578915263
4635-EJYPD,18.95,19.931386004015565,18.15999864322469
2607-DHDAK,19.8,19.957831164871806,23.126365674666026
5204-QZXPU,39.65,39.993864237799926,40.53723621875535
0221-NAUXK,19.95,19.937898069825557,21.532264850307897
3398-ZOUAA,69.1,69.95703565454579,69.73596724963171
1768-HNVGJ,70.05,70.00282808535805,70.55709960100906
5917-RYRMG,19.8,19.981762399427446,20.453898770698835
3858-XHYJO,105.75,104.95399597696992,105.37058023426673
4837-PZTIC,41.9,40.016928669678734,40.15707554221764
2773-MADBQ,53.1,54.93732309649765,54.91386039339735
1090-PYKCI,105.1,105.01280109012713,103.99768786050905
9479-HYNYL,80.7,79.95908250719681,80.19610739843628
4565-NLZBV,24.65,24.948541559546456,26.024114287636863
8318-LCNBW,53.15,54.99564596796617,55.03805119841672
9261-WDCAF,54.65,54.96439688345182,56.07818983626976
4909-JOUPP,109.7,109.92424964108955,107.77190647099519
1951-IEYXM,90.6,90.00767408074856,90.77557358166202
4227-OJHAL,73.0,75.0495263536141,76.2751290257427
1708-PBBOA,54.75,54.9489052409958,55.64733105569583
8746-BFOAJ,20.5,19.95330815369323,20.746038443418634
4145-UQXUQ,92.1,94.89706940740649,93.51325875920985
9518-XXBXE,75.3,75.01608074304241,74.21947859497527
9558-IHEZX,106.75,109.95301952082623,108.24658055187714
1707-HABPF,91.3,89.91856289110677,89.42321652545745
9643-AVVWI,80.0,79.9407273652199,78.35832491586966
3398-FSHON,91.3,89.93519752242966,89.4686378429411
9139-TWBAS,47.85,50.00438700502611,50.697631790421
0929-HYQEW,50.15,50.06610571924362,51.04106301177957
0487-CRLZF,74.45,74.94064954651141,75.7320973986815
0454-OKRCT,80.6,79.9485980358123,78.93346723359663
2347-WKKAE,94.4,94.9899829797739,95.54477370342642
6663-JOCQO,75.25,74.97393432625348,74.72296908130477
1297-VQDRP,107.15,104.91062673799972,101.48870128877968
4868-AADLV,116.25,114.91682408251961,112.61841696950829
0788-DXBFY,19.55,19.93288029317899,21.481068412823923
5845-BZZIB,20.1,19.931170848658454,18.09999969854971
7310-EGVHZ,20.2,19.998930921204057,21.866118100606514
4826-TZEVA,74.8,74.98702867838189,74.88068199354845
4080-IIARD,76.2,75.06517004931368,75.48142324152582
7672-VFMXZ,55.7,55.091402536933174,55.704051180090886
9940-RHLFB,75.3,74.98907411629509,74.52945764945915
9117-SHLZX,45.7,45.016646456915154,46.23583403388251
7253-UVNDW,54.35,55.0463058786531,56.21644528567542
9898-KZQDZ,94.55,94.89487740728251,95.2707511929075
8559-CIZFV,77.5,75.02855546444137,73.54349578853167
2506-CLAKW,98.15,99.97461520522818,95.67160553428191
8591-TKMZH,111.1,109.89978383228029,109.7525414357971
4925-LMHOK,58.6,60.065466807883126,61.28439461570594
4971-PUYQO,94.55,94.89424818082557,94.92371502086314
0186-CAERR,116.3,114.95619558504234,114.45533382200647
6233-HXJMX,89.3,89.95854402870351,89.94749227436935
9367-OIUXP,20.7,19.98999152931888,20.88639727531781
4588-YBNIB,19.6,19.969113662265414,21.83153369590581
6467-CHFZW,99.35,99.87857077426874,100.40407858476362
8148-BPLZQ,49.8,50.008698341607264,50.20912794264424
0557-ASKVU,54.4,55.02517183634737,57.24180219176201
3354-OADJP,54.25,55.055168749093106,56.08623980411419
2259-OUUSZ,35.5,35.01856063818272,39.25370895882339
4919-IKATY,84.5,85.03054603315346,83.41180263716086
4328-VUFWD,59.3,59.93925887910656,60.76527017722829
8681-ICONS,20.65,19.958443914469356,18.887066745649427
2232-DMLXU,55.2,55.00782447308934,57.49983544672281
6447-GORXK,25.0,24.99732481814886,25.064909658425
1777-JYQPJ,24.3,24.984287420233265,26.717990904483813
6685-GBWJZ,70.8,70.07688961803254,70.1808752947542
3955-JBZZM,78.8,79.97253160704106,80.52164465718418
5197-LQXXH,83.3,84.96855371604855,85.87944557721075
5993-JSUWV,61.15,60.032229024582584,61.67634404002688
2219-MVUSO,45.15,45.01614442774857,45.52622506795424
3158-MOERK,96.0,94.9014411027789,93.42144428130044
3594-KADLU,35.1,35.048934568200096,37.22601142660583
0932-YIXYU,20.25,19.976939243598103,18.766445631971216
8348-HFYIV,49.25,49.93432382864425,51.78490226640203
8687-BAFGU,74.0,74.994046358812,74.36697055097824
7353-YOWFP,20.25,19.94845309102277,21.410733690951517
6837-HAEVO,105.0,104.86233120277379,103.12999156267011
6734-GMPVK,105.3,104.93217207864974,104.65727963858001
7602-DBTOU,19.6,19.938999600454004,22.707516394591416
9894-EZEWG,74.3,74.98117221173692,74.66073564379883
1670-SVOWZ,89.65,89.91174626399211,88.35293207458702
9142-XMYJH,19.35,20.01372641712478,18.67547315209694
5893-PYOLZ,81.8,79.97084883515447,81.06247526336907
3319-DWOEP,95.75,94.91140136538554,93.63633583537737
9514-JDSKI,40.2,39.9584371466683,43.30608120962182
7432-FFVAR,90.95,89.89179370714265,88.80057362787205
4329-YPDDQ,108.2,109.9792657640772,109.28614889779097
2860-RANUS,85.8,84.92419786252385,84.84369268417761
8696-JKZNU,76.25,74.95117084708531,75.20217255425437
1089-XZWHH,19.7,19.91086672922394,18.84285438332305
4831-EOBFE,94.65,94.97219547469828,95.74054298372644
4423-YLHDV,104.4,104.97558888809337,104.73706786353836
5449-FIBXJ,103.3,104.93441540232236,103.90324978979692
8144-DGHXP,80.6,79.99522286388617,80.27861853859342
6598-RFFVI,19.3,19.999218604646167,22.89913467703093
3096-JRDSO,104.3,104.95238663212518,103.42002017880333
5862-BRIXZ,60.75,59.96196613270806,60.12291713872688
1057-FOGLZ,19.65,19.976547934862495,18.784189008335815
9371-BITHB,19.85,19.91751209884496,19.007518777262938
4580-TMHJU,56.15,54.98736210652993,56.718977132002394
0178-CIIKR,19.95,19.97762371164803,21.199072491111835
9348-YVOMK,44.8,45.05439868679639,46.3070129487428
8417-FMLZI,83.55,84.91139236549938,83.04298502975864
6851-WEFYX,100.8,99.91879273911857,100.61947289947443
8181-YHCMF,60.3,59.90416019212035,60.212348974848176
7548-SEPYI,96.25,94.88077337154624,94.24790798513926
0374-IOEGQ,44.6,45.018116930818664,46.014833520397815
0581-BXBUB,72.75,74.94173846642526,73.8136771545534
9350-ZXYJC,25.3,24.98084085961434,28.616491293140868
8642-GVWRF,79.7,79.98309429165393,79.33454458619653
2931-SVLTV,110.1,109.97461010949766,110.89840880792573
5183-SNMJQ,95.1,94.94977028926058,94.6891479971633
7278-CKDNC,80.5,79.95356135606549,79.94341608515136
8024-XNAFQ,107.4,104.92855210319186,103.38925290601547
5480-TBGPH,99.3,99.93456160633775,99.80470018412589
7301-ABVAD,86.6,84.94614335022217,84.61580406170785
4678-DVQEO,52.2,50.02297406367095,51.90906825862852
9415-DPEWS,88.35,89.97442041262185,90.24695586332108
3748-FVMZZ,40.05,39.93349801707424,41.945829753840044
5281-BUZGT,90.85,90.00649988195308,89.49447987329873
5879-SESNB,75.25,74.97699366478192,74.38919641213303
1820-TQVEV,69.55,69.97202569028974,69.99732247845948
9003-CPATH,79.9,80.00804440472291,80.36112356260283
1268-ASBGA,85.35,84.92623372128442,84.65327850044875
6655-LHBYW,114.35,114.9955983075397,115.94624170011244
9227-LUNBG,24.6,24.97731956320652,26.790279575793967
9418-RUKPH,19.95,19.90986267089078,18.183791678352847
0537-QYZZN,79.85,79.99304425506958,79.27467699995245
8734-FNWVH,59.7,59.959483044912346,60.346069417005516
4801-KFYKL,19.45,19.975578739833438,20.78674023660369
8327-LZKAS,107.55,104.89026289079553,105.28550629628955
4188-PCPIG,70.35,70.04961441176792,70.91773486225607
1843-TLSGD,20.85,19.920309118487346,20.074204270041967
6906-MPARY,89.6,89.91453854079093,90.67195917711453
6082-OQFBA,19.65,19.938643964655128,18.304036596706425
3544-FBCAS,83.6,84.98186736239043,85.5859163458453
8034-RYTVV,84.25,85.0393054194432,83.96552258311374
7130-YXBRO,111.45,109.97511065897879,110.93844803887876
1157-BQCUW,74.95,74.98149689914148,74.59904296645483
9445-SZLCH,97.35,94.95183851569269,95.5595912069311
1399-UBQIU,69.35,69.97461916708981,71.14017594666944
4912-PIGUY,84.6,84.96227244407723,84.1473046158958
1323-OOEPC,98.4,99.92111850422958,100.56911431162973
3181-VTHOE,51.05,49.914807222054534,52.11286979439063
8272-ONJLV,95.7,94.90429646083948,93.74368094403528
3647-GMGDH,94.7,94.95812594638954,94.85412576000002
1303-SRDOK,69.05,69.93168337369585,69.42615620208899
7361-YPXFS,64.45,65.03703509364973,66.07403969124526
3359-DSRKA,19.85,19.908428301843408,19.898161196046495
6746-WAUWT,19.7,19.989345904668546,20.47135127322686
4659-NZRUF,95.15,94.94562814023904,93.75531786444142
9518-IMLHK,72.45,75.08925721121662,75.80835463147642
3374-LXDEV,89.4,90.00007051892945,89.26527016168205
5356-RHIPP,20.2,19.98155319838863,21.831362629339203
1122-JWTJW,70.65,69.94552456239268,69.34688208211843
0650-BWOZN,73.55,74.93208092180475,75.01696626320481
5546-QUERU,19.95,19.951808830144422,20.457240608270958
8610-ZIKJJ,20.3,19.927710516031652,21.735243766153268
8590-YFFQO,64.95,65.09739448907993,64.67908129174768
2428-HYUNX,19.35,19.967384782094506,20.90143171752785
7219-TLZHO,20.85,19.956450825942703,21.116189784559566
2649-HWLYB,76.15,75.02820288566113,74.62181027740758
8065-QBYTO,99.65,99.99761969298646,96.46582092771158
8259-DZLIZ,53.85,54.956917822579925,58.11516692043428
3348-CFRNX,92.35,94.93605693770579,95.34770608255961
8245-UMPYT,96.4,94.88513239279808,94.76886786023135
1555-DJEQW,114.2,114.91611410555029,115.05314401876922
7776-QGYJC,81.5,79.97328561968362,79.97892392151236
2828-SLQPF,45.0,45.02407976130059,45.240603725825665
3170-GWYKC,104.95,104.97493885688306,102.08582659857063
1710-RCXUS,90.35,89.91160264938279,89.94698642028548
2673-CXQEU,110.5,109.92148920222547,108.69676020885828
3838-OZURD,105.0,104.9534601763132,103.1091182717231
4859-ZSRDZ,55.5,54.907205257380525,56.57144052078869
5795-BKOYE,59.1,59.989943165829814,61.8017016075044
2851-MMUTZ,56.15,55.00472805624142,55.596946760364915
9752-ZNQUT,48.6,49.99862551441221,51.653177881246975
6972-SNKKW,20.0,19.977408556290925,20.587060178175243
1329-VHWNP,25.05,24.980213528376268,26.99229104938913
3999-QGRJH,69.7,69.9562190094755,69.54380119860623
3466-BYAVD,69.5,69.95700189953536,70.18911979018011
4568-TTZRT,20.4,19.98963293705703,19.93065591476214
4672-FOTSD,67.25,65.08271723787921,65.16046907849172
8851-RAGOV,71.05,69.9954635544845,70.62477795551911
0256-LTHVJ,81.05,79.87578896585367,79.9719888026951
5278-PNYOX,100.65,99.9285254542395,98.9988657460172
3132-TVFDZ,44.85,44.89598917122619,46.256856009738364
6924-TDGMT,20.55,19.95370125200025,21.48593633466607
2824-MYYBN,95.25,94.87782978969304,96.03955912864026
4289-DTDKW,101.3,99.90192295563936,101.1078921659811
0017-DINOC,45.2,45.03921416709147,45.16152969983307
4536-PLEQY,85.05,84.93381220698922,84.91196975381864
6402-EJMWF,55.3,54.9556716787121,55.709001083618595
1442-OKRJE,103.15,104.9126146189646,102.91480018776465
1459-QNFQT,59.5,59.94779720888562,61.08993242133075
6996-KNSML,74.9,74.98042063000773,74.87788553562393
2239-JALAW,103.25,104.89415804345502,105.26887625435481
3452-ABWRL,86.05,84.98867570433805,84.70742450769995
9231-ZJYAM,78.85,79.93728142822073,79.32349205431828
7153-CHRBV,59.3,60.03401013069986,60.44723979471751
6833-JMZYP,94.0,94.94443945448181,94.14171858380004
5666-CYCYZ,89.55,89.92001539800273,90.15346132919824
4425-OWHWB,19.35,19.97683465009296,20.709799203474155
1543-LLLFT,98.3,99.94578978995412,97.84483777836886
6581-NQCBA,49.95,49.91516192553266,50.87249806609746
8152-VETUR,97.7,99.88425961225053,98.26008999916772
9796-MVYXX,39.7,40.00399072695923,42.58339958121521
2842-JTCCU,46.05,45.03395246127821,46.3979602861029
0595-ITUDF,91.8,90.01533327743986,89.41614277517233
0219-QAERP,19.8,19.998959472930927,19.089454643077488
8226-BXGES,89.45,90.02127744499943,89.29761544450449
3090-HAWSU,111.6,109.99052479073188,109.81991109309843
1136-XGEQU,84.15,84.95382214591248,86.7130739940816
6732-FZUGP,94.9,95.04174773440846,93.78735706206784
3401-URHDA,59.9,60.103238749326465,59.52308749705584
0365-TRTPY,91.2,90.03790906895486,90.27765920102678
4654-DLAMQ,97.0,94.92330242553086,92.60395643116733
8847-GEOOQ,60.2,59.93762323445298,59.527714539508054
3030-ZKIWL,20.05,19.990206684675982,21.541455220404323
6727-IOTLZ,81.95,79.94629609615406,79.90132254305497
6960-HVYXR,76.0,74.97771084930561,73.77703869797789
0378-NHQXU,88.25,89.96951174371492,89.71120551085619
0565-JUPYD,104.5,105.05542559050485,103.26071117863452
4625-XMOYM,26.25,24.925619688890045,26.26233933477898
7663-ZTEGJ,100.55,99.93143646254322,98.39499583305215
1402-PTHGN,61.5,60.0049913074772,60.115976972812796
7657-DYEPJ,70.15,70.02420723306365,71.18532172191635
3523-BRGUW,19.3,19.982192710141653,20.789905026664677
0100-DUVFC,104.8,104.87641747944605,102.83112337683835
2026-TGDHM,79.3,79.89839622060637,79.38911220928489
9746-UGFAC,20.85,19.95610155076531,19.01407952031719
1042-HFUCW,54.75,54.991104979364664,56.72494747686413
1153-GNOLC,39.1,39.932160589785944,40.26212118683379
0576-WNXXC,95.55,94.91517003865472,94.85261871720937
6906-ANDWJ,74.9,74.96271594943931,74.52951108621009
1022-RKXDR,24.85,24.94683238620661,23.54393797867408
7123-WQUHX,95.0,94.98935407089444,94.47408113125151
5857-TYBCJ,89.2,89.9789068958932,89.88018695730906
7729-XBTWX,19.75,19.92029409034768,21.78177091877297
3978-YNKDD,20.85,19.96853674418361,19.809919893671996
9170-CCKOU,90.2,90.0827751077868,89.15645635871681
1475-VWVDO,74.9,74.99242985541673,75.34586069180992
7108-DGVUU,71.7,69.93627555587076,70.71474985704006
2533-QVMSK,94.1,94.93904743183644,94.77399264491979
7339-POGZN,50.7,50.02751642121802,50.56733359233396
6848-YLDFR,75.2,74.93538224972383,76.23050608078006
2898-LSJGD,55.95,54.92013942709049,56.8328393137799
3507-GASNP,19.95,19.927628902398148,20.372796502550514
7799-LGRDP,25.7,24.97804383997196,23.99358558058441
5373-SFODM,85.25,84.93723888836027,85.01644809297568
7733-UDMTP,55.0,54.89165375896925,54.27435276374426
2801-NISEI,54.95,55.092020260910246,55.32567609801637
4378-MYPGO,105.25,104.90585868749162,102.33365332442298
0129-KPTWJ,94.65,94.92197259917688,90.55342681097318
0373-AIVNJ,39.55,40.01435745230147,42.02974405674091
8414-OOEEL,79.5,79.94728149842675,79.96684146558765
8541-QVFKM,73.5,74.96855533385167,74.77388928280044
2931-XIQBR,103.05,99.87599767786409,98.50920746884135
5652-MSDEY,75.75,74.96301193630282,74.72821347331565
2586-CWXVV,30.4,29.976725639281455,31.399772510156282
8058-INTPH,79.65,79.9528012352255,79.71586175801986
2798-NYLMZ,108.55,109.99155659115928,109.11462939061971
0880-TKATG,101.15,99.92212399687298,97.43734319811736
9342-VNIMQ,54.65,55.02156554479532,55.692757574584334
7779-LGOVN,86.65,84.90653614352763,84.01317300724955
2192-CKRLV,49.2,49.92852299557267,52.4151636265772
6982-UQZLY,20.85,19.95555799556883,25.86672734938295
8441-SHIPE,25.6,24.947079448404843,25.669996045663098
8212-CRQXP,80.0,79.98561155727106,80.19779526330156
3009-JWMPU,96.75,99.90152826078543,98.61107214882455
0623-IIHUG,41.9,39.99474483651631,40.739964204530885
2632-IVXVF,111.75,109.96513554447648,109.03544482114447
0655-RBDUG,98.05,99.93768079836545,99.18363037166182
1867-TJHTS,79.8,80.0178963863504,79.37709576972982
0027-KWYKW,83.75,84.93959347087215,85.70184281595468
1131-QQZEB,23.95,24.954329930309363,26.958462281499912
5651-CRHKQ,86.2,84.9561272211433,84.6254968304206
1371-DWPAZ,56.05,55.01939936896058,55.00553860994402
1194-BHJYC,62.15,59.95391510434555,60.46156383075296
0572-ZJKLT,99.65,99.93553088413128,100.22260245747793
2928-HLDBA,20.7,19.977408556290925,20.587060178175243
2645-QTLMB,94.25,94.89306947076471,95.44177080283195
0491-KAPQG,73.7,74.9800625300941,75.24818094365484
3793-MMFUH,95.05,94.88534754815518,94.42215573204896
0578-SKVMF,83.3,84.8738913958314,84.16509673679387
1025-FALIX,69.05,69.99036061745153,70.06604936405806
7880-XSOJX,42.4,40.0361324977728,40.965164798978236
5799-JRCZO,19.5,19.952941596156165,21.30522625385484
0495-ZBNGW,79.9,79.99181311036058,79.18804486008182
9970-QBCDA,19.7,20.015375941529257,21.339976975895986
7271-AJDTL,94.45,95.002569166012,95.56629413006713
7833-PKIHD,76.4,74.9672251964372,75.95085383761895
5791-KAJFD,68.75,69.97815048945118,71.59929674673535
8499-BRXTD,20.1,19.960103724169926,19.37503367327063
0853-TWRVK,105.6,104.96669876220119,103.51572073359313
4456-RHSNB,49.6,50.01137353376562,51.81619838329411
9809-IMGCQ,96.7,94.89714161820709,95.25127449623976
2073-QBVBI,35.45,34.94430191781403,35.85700798933888
1257-SXUXQ,19.45,19.968818643613552,21.10373479453812
6169-PGNCD,74.3,75.06869990265804,76.2240537426945
2692-BUCFV,101.45,99.9003457648901,99.53701834245688
1644-IRKSF,93.8,94.86059618367621,94.86933882756969
1304-SEGFY,97.85,99.88350803052136,98.53831265320417
9777-WJJPR,88.65,90.03636479830325,90.40029269385487
5732-IKGQH,104.45,104.94551272711287,103.32873375013288
1757-TCATG,20.05,19.94650757975478,17.63463356557226
8314-HTWVE,19.85,19.920739429201554,21.224104416632926
2087-QAREY,54.7,55.01430292706064,56.39799948716227
4229-CZMLL,74.9,74.98113830687963,74.85246451261614
4940-KHCWD,37.7,39.99465370841206,41.40760982537623
1834-WULEG,20.25,19.93857224620276,18.228637736662954
6360-SVNWV,73.55,75.02430007277523,74.66618935188093
5226-NOZFC,85.75,84.95246644301565,86.37965180165097
1062-LHZOD,69.9,69.94552456239268,69.34688208211843
1106-HRLKZ,19.6,19.930812256396607,18.15562215153831
7094-MSZAO,20.05,19.9977739503027,21.62885463824493
0613-WUXUM,19.2,19.907567680414978,22.33147194145858
8806-EAGWC,55.15,55.01837158735674,56.730151060816155
6769-DYBQN,85.0,84.95099027096009,84.10725826881449
2408-TZMJL,110.15,109.94211373330299,110.67463144132802
1996-DBMUS,70.65,69.94598399609258,70.21855537993494
6323-AYBRX,19.35,19.950550773054566,19.911986754887316
1432-FPAXX,30.6,29.955676593229015,28.89372573450904
4160-AMJTL,19.65,19.96736042838262,21.95795205485961
3352-RICWQ,19.75,19.920595992296825,20.815029473615702
2680-XKKNJ,58.2,60.04418738206927,60.42384567434938
8182-BJDSI,89.95,89.89537997493451,90.06269865394525
1389-WNUIB,76.0,74.96176644524158,74.86615132386896
4612-THJBS,104.75,104.86655729258887,105.86802197411234
1530-ZTDOZ,40.65,40.02176811862005,41.81222132085825
5842-POCOP,88.9,89.96532585689249,87.50297141604058
9492-TOKRI,90.0,89.98263928795734,90.3177117149822
0795-LAFGP,90.4,89.98383186089406,89.5638763973638
0611-DFXKO,89.0,89.89946752221474,90.44377053811057
8035-BUYVG,42.35,40.010629639585886,40.296994817754594
6620-JDYNW,60.6,60.082896091027806,59.98412771300093
8590-OHDIW,20.3,19.925128651746384,18.007329464042847
5897-ZYEKH,105.6,104.89296132207195,103.32184956790252
5084-OOVCJ,55.35,55.08289552500753,56.213130307562636
1740-CSDJP,35.25,34.92367026608041,37.62820270674344
2696-RZVZW,25.05,24.999092886024393,25.96582082816584
9450-TRJUU,83.15,84.98092703910726,85.40279557511393
4581-SSPWD,75.8,74.96891392611352,74.51085086579717
4813-HQMGZ,90.25,89.92291187819171,88.59898297919274
4903-CNOZC,70.9,69.99094015978187,70.87760052128768
0822-GAVAP,34.7,34.90783473562085,36.378848998911714
3055-OYMSE,73.8,74.96213820056607,74.96686698763344
