cliente,real,arbol,random_forest
1024-GUALD,24.8,25.125,24.99224821428572
0484-JPBRU,25.25,25.799999999999997,25.207703571428574
3620-EHIMZ,19.35,20.424999999999997,20.216115674603177
6910-HADCM,76.35,75.675,75.14280595238095
8587-XYZSF,50.55,49.474999999999994,49.68723333333332
6818-WOBHJ,89.6,89.76666666666667,89.77123095238093
3082-YVEKW,77.15,76.55000000000001,69.72466904761905
4737-AQCPU,72.1,71.35,70.76873154761905
4853-RULSV,104.0,104.36666666666667,104.9173123015873
5766-ZJYBB,19.4,20.04,20.04734318467857
2668-TZSPS,20.45,20.04,20.04734318467857
3192-LNKRK,84.05,85.025,86.53691031746031
5315-CKEQK,51.0,49.225,50.53635476190475
5914-DVBWJ,85.45,85.41666666666667,84.84736904761908
7998-ZLXWN,20.45,19.675,19.887047023809526
6328-ZPBGN,95.15,95.975,95.02492619047625
9530-EHPOH,53.75,55.025000000000006,54.61135238095238
1853-UDXBW,70.0,69.71666666666667,69.90191726190477
2672-TGEFF,88.8,91.25,90.16672916666668
1902-XBTFB,89.4,89.30000000000001,89.76703214285715
1640-PLFMP,70.25,69.855,69.90513999511624
3679-XASPY,19.45,19.990000000000002,19.732372077922076
7356-IWLFW,80.0,81.775,80.33004761904759
9036-CSKBW,107.45,108.03333333333335,109.73823511904762
8952-WCVCD,104.45,105.45,105.78299583333332
2100-BDNSN,67.95,70.875,66.22035654761903
2869-ADAWR,89.3,89.68333333333334,90.27555384199138
5832-EXGTT,60.2,59.7,62.480118452380964
9402-ORRAH,91.5,89.42500000000001,90.60698630952378
4967-WPNCF,63.7,65.6,64.94982857142855
8033-VCZGH,103.95,104.375,104.49462500000001
9392-XBGTD,20.6,19.633333333333333,19.860341865079366
0078-XZMHT,85.15,85.7,84.6187392857143
0743-HNPFG,69.75,70.74999999999999,69.73972857142854
5334-JLAXU,94.1,94.275,94.86160297619048
5696-EXCYS,19.45,19.25,19.748501984126985
2569-WGERO,21.15,19.575000000000003,19.9171494047619
5219-YIPTK,104.4,106.44999999999999,105.22074166666667
5553-AOINX,104.9,107.10000000000001,106.43786011904764
5502-RLUYV,103.95,105.17500000000001,105.4812369047619
2058-DCJBE,69.75,70.0,69.6951833333333
2293-IJWPS,100.75,99.32499999999999,99.79062083333329
7130-VTEWQ,75.75,74.425,74.7001357142857
0080-EMYVY,51.45,50.775000000000006,50.23353154761904
0148-DCDOS,94.7,95.875,94.33267380952384
9170-ARBTB,19.6,19.283333333333335,19.6596369047619
2070-FNEXE,76.45,74.88333333333333,75.00507996031745
5364-EVNIB,79.8,79.075,79.49394999999996
1112-CUNAO,89.85,89.6,89.65067321428573
4576-CSAJH,55.15,53.81666666666666,54.207887500000005
9967-ATRFS,19.9,19.225,19.69018441558442
1360-RCYRT,30.35,29.975,29.867567857142866
5038-ETMLM,113.65,115.70714285714287,115.53584523809526
5663-QBGIS,98.35,99.25,99.24142321428573
4194-WHFCB,96.65,93.275,93.90266428571424
9481-WHGWY,75.35,73.69999999999999,76.39153690476186
5453-YBTWV,101.1,98.775,102.5578
2018-PZKMU,103.1,98.53333333333335,99.25844642857145
9277-JOOMO,24.6,25.35,25.022602579365085
3629-ZNKXA,101.8,98.76666666666667,99.65741904761911
0369-ZGOVK,70.4,69.75,69.83253333333332
3604-WLABM,54.25,55.675,54.72031964285718
4063-EIKNQ,20.95,20.65,20.1150119047619
2878-RMWXY,102.65,101.46666666666665,100.63305952380954
9540-JYROE,70.1,69.76666666666667,69.94368928571426
7515-LODFU,20.3,19.65,19.917695238095245
1839-FBNFR,19.85,19.575000000000003,19.96582142857143
5397-NSKQG,50.9,50.68333333333333,51.888136706349215
1755-FZQEC,19.9,20.133333333333333,19.880484523809518
2160-GPFXD,65.65,66.575,65.53858690476193
4415-IJZTP,74.5,76.125,75.4926132936508
9880-TDQAC,60.0,59.775,59.89488333333334
5138-WVKYJ,98.55,97.625,98.81911309523812
8844-TONUD,96.65,96.825,96.01733988095239
0080-OROZO,99.25,99.125,99.58022500000001
0953-LGOVU,35.5,33.925,34.54476547619049
5325-UWTWJ,90.55,88.175,88.06076309523809
1074-AMIOH,108.25,103.42500000000001,103.74219047619052
5906-BFOZT,19.5,19.900000000000002,19.911096427615643
7026-YMSBE,19.7,19.450000000000003,19.738919642857137
6572-ADKRS,74.8,75.525,75.56557916666667
5922-ABDVO,89.65,89.625,89.4746791666667
6475-VHUIZ,54.25,53.625,54.438558387445894
1324-NLTJE,55.0,54.75,54.76224444444447
4361-FEBGN,20.15,20.099999999999998,19.777186904761905
8393-DLHGA,95.9,94.6,94.53809529220779
6769-DCQLI,105.0,104.08333333333333,104.00876547619049
3018-TFTSU,81.7,79.675,79.57408015873017
2324-AALNO,24.55,24.46666666666667,24.73695
2300-RQGOI,20.05,20.075000000000003,20.083492460317466
6133-OZILE,35.2,36.0,35.53369424603174
7605-SNLQG,50.25,49.31666666666666,49.97859067460318
5348-CAGXB,89.55,88.88333333333333,89.52939166666667
0201-MIBOL,102.4,101.475,100.6614238095238
7083-MIOPC,20.25,20.1,19.880004166666662
0562-KBDVM,44.6,47.5,46.31726507936508
1173-NOEYG,90.15,88.75,91.26011309523815
7698-YFGEZ,20.0,20.04,20.04734318467857
9061-TIHDA,95.25,95.51666666666665,95.18853333333331
0016-QLJIS,90.45,91.51666666666665,90.4993660714286
7296-PIXQY,70.2,70.025,70.05482916666665
9102-IAYHT,85.45,85.875,85.75575714285716
6447-EGDIV,20.95,20.925,20.107909722222217
3460-TJBWI,24.2,24.924999999999997,24.85335297619047
3744-ZBHON,20.2,19.65,19.714238050144296
1092-GANHU,76.65,75.15,75.04345595238094
3948-KXDUF,68.75,69.89999999999999,70.10291428571426
7284-ZZLOH,53.3,53.625,54.72596628787876
6745-JEFZB,91.5,90.525,90.8286011904762
2606-PKWJB,40.25,40.43333333333333,40.24294484126986
1624-WOIWJ,84.7,85.575,85.32635595238092
8777-PVYGU,64.3,65.21666666666665,67.06750476190477
4770-QAZXN,19.45,20.283333333333335,19.91909107142857
8012-SOUDQ,90.25,89.68333333333334,89.87415265151516
5546-BYZSM,20.45,20.1,19.992423809523807
0523-VNGTF,50.5,50.51666666666667,49.1074523809524
3779-OSWCF,93.2,87.83333333333333,88.76802500000002
8535-SFUTN,106.45,104.125,104.5773797619048
2320-SLKMB,44.45,45.125,46.09407023809523
7169-YWAMK,68.4,70.6,70.4349011904762
8434-PNQZX,78.45,79.625,80.10545476190478
4981-FLTMF,65.2,65.975,65.3430857142857
9424-CMPOG,19.6,20.25,19.94778809523808
3627-FCRDW,71.0,69.16666666666666,69.58171448412699
1518-OMDIK,44.55,44.575,45.100608351370866
8393-JMVMB,19.45,20.04,20.04734318467857
7638-QVMVY,79.0,80.25,80.20503273809526
6140-QNRQQ,71.55,70.525,70.37094774808523
7969-FFOWG,19.9,20.35,19.92538492063492
1342-JPNKI,86.05,85.425,85.30682321428573
7080-TNUWP,95.0,95.625,95.37405575396828
8949-JTMAY,98.6,100.33333333333333,100.31340476190474
0654-HMSHN,104.4,103.5,104.98247023809526
2725-KXXWT,90.75,89.25,89.51309978493725
2439-QKJUL,20.25,20.450000000000003,20.301727976190485
1935-IMVBB,89.7,91.125,89.95016587301589
4628-WQCQQ,85.15,85.025,86.5594829365079
3724-BSCVH,20.45,20.425,20.00489464285713
7605-BDWDC,49.85,44.78333333333334,47.66359305555556
7137-RYLPP,85.7,85.9,85.36802857142858
3207-OYBWH,95.25,93.75,94.3004083333334
4707-YNOQA,25.6,24.225,24.71544523809525
6956-SMUCM,99.0,101.23333333333333,100.76002738095234
8714-CTZJW,82.85,85.95,85.83578611111112
3662-FXJFO,20.5,20.05,19.89231904761904
7623-HKYRK,19.7,19.8,19.774987499999995
1353-GHZOS,59.75,61.525,62.62311666666665
3323-CPBWR,96.9,95.75,92.88425436507936
6152-ONASV,58.25,60.56666666666666,60.71351845238094
9251-AWQGT,20.0,19.566666666666666,19.757124404761907
4803-LBYPN,20.8,19.8,20.193645436507932
8879-ZKJOF,79.85,79.64999999999999,79.77481309523807
7354-OIJLX,75.85,74.225,74.66937519841275
9129-UXERG,103.6,104.15000000000002,105.4663892857143
5302-BDJNT,95.5,93.625,92.79425257936505
7148-XZPHA,79.4,80.16666666666667,80.64365595238091
2651-ZCBXV,108.0,108.6875,109.13364027777774
1304-NECVQ,78.55,78.95,80.03009742063492
3374-TTZTK,106.3,111.1,110.6041123015873
0229-LFJAF,69.65,69.89999999999999,70.15586845238094
1304-BCCFO,70.05,70.025,70.27632734487733
0455-XFASS,69.55,71.025,70.45479999999999
0221-WMXNQ,75.35,74.88333333333333,75.31608670634921
2882-WDTBA,75.75,74.75,75.3538625
8069-RHUXK,35.7,35.925,35.30113809523811
4806-KEXQR,79.9,80.275,80.527098015873
2817-NTQDO,45.55,44.166666666666664,44.38306607142856
3230-IUALN,81.0,80.64999999999999,80.09481666666666
6500-JVEGC,101.35,96.05,99.40642857142855
7103-ZGVNT,73.7,73.78333333333333,73.66718333333333
1837-YQUCE,58.35,62.199999999999996,61.00205357142855
4800-VHZKI,19.9,19.81875,19.86538919483295
3887-PBQAO,25.9,24.475,24.696083730158726
5177-RVZNU,20.3,19.575000000000003,19.83809285714286
1729-VLAZJ,40.25,40.43333333333333,40.16096031746033
4273-MBHYA,89.35,90.46666666666665,89.93670355477855
8690-UPCZI,69.05,70.93333333333334,68.91750039682542
6374-NTQLP,104.1,105.01666666666667,105.18974880952375
1618-CFHME,75.9,75.29166666666667,75.4434882936508
4104-PVRPS,53.6,54.25,55.03373690476189
4210-QFJMF,79.15,80.275,80.37272162698409
5787-KXGIY,19.3,19.549999999999997,19.84044761904762
3088-LHEFH,79.0,79.08333333333333,79.67028452380956
8896-RAZCR,19.9,20.166666666666668,20.09452858946608
7268-WNTCP,20.45,19.866666666666664,20.095730952380944
5854-KSRBJ,25.4,25.725,25.45105238095238
9907-SWKKF,25.05,25.3375,25.289279761904755
3932-CMDTD,105.65,105.86666666666667,105.15305238095237
5277-ZLOOR,85.55,86.44999999999999,84.88154999999995
2746-DIJLO,56.3,55.775,55.86892380952379
9174-FKWZE,19.45,20.53333333333333,19.93068630328006
9919-FZDED,84.1,83.55000000000001,84.39622841880342
9488-FYQAU,109.25,110.16666666666667,109.8949309523809
6869-FGJJC,79.6,81.425,80.90700476190474
3349-ANQNH,99.5,100.06666666666668,100.25341428571426
0222-CNVPT,48.8,50.68333333333333,51.71998115079366
6900-PXRMS,105.75,104.45,105.13163571428575
0230-WEQUW,56.6,54.075,52.41861249999999
7629-WFGLW,95.65,93.975,93.78114935064936
2235-EZAIK,79.2,79.93333333333334,79.82970059523808
5119-NZPTV,70.1,70.23333333333333,69.72584285714285
4282-MSACW,117.2,117.58333333333333,116.60275000000003
7711-YIJWC,84.9,84.4,85.13275317460315
8749-CLJXC,20.05,20.04,20.04734318467857
7636-XUHWW,19.9,20.349999999999998,20.17767777777778
0883-EIBTI,19.5,19.85,19.914216079078873
4098-NAUKP,84.65,83.775,85.07175436507936
0701-TJSEF,68.25,70.83333333333333,68.14996825396827
0689-NKYLF,83.2,85.025,85.64291626984124
9867-NNXLC,20.05,19.483333333333334,19.691866107503614
9337-SRRNI,25.3,25.475,25.17173333333333
1850-AKQEP,20.35,20.0,19.90580714285714
5600-KTXFM,69.95,69.21666666666667,69.94968154761904
7055-HNEOJ,55.8,55.675,54.86981964285717
2462-XIIJB,92.5,88.88333333333333,89.31450595238096
7277-KAMWT,20.0,19.25,19.535905158730163
7691-KGKGP,65.0,65.76666666666667,66.21881884920633
7808-DVWEP,20.0,20.150000000000002,20.12649431818181
2379-GYFLQ,94.9,96.01666666666667,95.73601626984127
7325-ENZFI,40.3,40.800000000000004,40.44784583333334
8800-ZKRFW,107.5,109.75,110.16843214285713
9133-AYJZG,98.7,99.2,100.03686666666668
6772-WFQRD,20.4,19.35,19.769502380952385
9670-BPNXF,62.55,59.725,59.95519226190477
2675-IJRGJ,19.65,20.825,20.09878690476191
4829-ZLJTK,112.4,110.31666666666666,109.79413116883124
9950-MTGYX,20.3,20.25,19.581039285714283
9755-JHNMN,67.4,65.36666666666666,65.56886726190474
3746-EUBYR,74.6,72.725,73.85403392857145
7929-DMBCV,81.0,78.7,79.91814523809524
9640-ZSLDC,60.6,58.325,61.31119146825395
7197-VOJMM,69.2,68.1,69.00054484126984
2696-NARTR,73.85,75.8,75.3862376984127
0689-DSXGL,85.8,84.51666666666667,85.97351448412695
7294-TMAOP,90.55,89.94999999999999,89.81244105477856
6177-PEVRA,55.5,53.925,55.0065154761905
7410-YTJIK,75.45,74.125,74.52875654761904
1410-RSCMR,71.35,70.83333333333333,67.95991845238096
8800-JOOCF,84.05,84.64999999999999,85.24004880952381
4526-EXKKN,24.6,25.525,24.851248809523813
0813-TAXXS,77.8,76.60000000000001,77.24180357142855
2320-TZRRH,19.5,19.483333333333334,19.823155952380954
0841-NULXI,35.55,35.46666666666666,35.500939285714296
2725-TTRIQ,84.2,84.7,84.36006726190475
4778-IZARL,110.1,109.64999999999999,109.63891309523808
2535-PBCGC,64.55,66.15,64.54016130952381
3629-WEAAM,64.1,63.45000000000001,63.2583976190476
6128-CZOMY,45.65,44.7,44.84520079365078
9227-UAQFT,19.75,19.85,19.68938650793651
0804-XBFBV,25.2,24.383333333333336,24.628268253968255
4503-BDXBD,74.95,74.6,74.87797738095242
9626-VFRGG,88.5,89.68333333333334,89.98099491341995
4994-OBRSZ,76.1,73.975,72.08570178571432
3654-ARMGP,88.65,85.73333333333335,84.37058492063488
0829-XXPLX,89.4,88.65,88.89939702380948
8938-UMKPI,106.4,106.875,105.95434484126982
4854-SSLTN,59.5,59.825,58.984701785714286
9720-JJJOR,60.3,59.8,60.44117976190478
1926-QUZNN,25.25,24.025,24.26204583333333
4900-MSOMT,80.2,80.89999999999999,80.55540853174604
8910-ICHIU,95.65,96.05,97.2381238095238
4892-VLANZ,19.8,20.04,20.04734318467857
0076-LVEPS,45.0,43.475,43.32463452380952
1666-JXLKU,100.05,100.8,100.19279206349204
4003-FUSHP,61.55,60.55,61.70150833333336
7696-AMHOD,78.0,78.45,76.1648735750361
8082-GHXOP,44.0,45.7,45.3542617063492
5445-GLVOT,49.8,50.275,49.77945595238093
5195-KPUNQ,96.75,94.11666666666667,94.72749305555556
3948-XHGNA,49.55,50.51666666666667,50.418529761904765
9624-EGDEQ,19.8,20.075000000000003,19.94108154761905
7551-DACSP,55.3,55.849999999999994,55.52246488095239
8128-YVJRG,79.65,80.2,80.39405059523807
1038-ZAGBI,19.8,19.9,20.029310515873014
9153-BTBVV,25.0,24.475,24.817092857142846
9470-RTWDV,82.0,79.03333333333335,78.86946944444448
7554-AKDQF,45.65,43.96666666666667,44.915823214285695
7241-AJHFS,87.65,84.56666666666668,84.60646623376623
9633-DENPU,58.6,58.400000000000006,62.190200000000004
5480-XTFFL,21.0,20.26666666666667,20.003095833333333
7803-XOCCZ,84.05,87.375,85.05334166666664
6549-BTYPG,60.8,61.099999999999994,59.29350952380953
9114-AAFQH,65.65,65.325,62.7084277777778
3572-UUHRS,18.85,19.883333333333336,19.96367738095238
7666-WKRON,80.45,80.61666666666666,81.49465952380952
5192-EBGOV,85.7,86.44999999999999,84.96854166666661
6502-MJQAE,69.6,69.73333333333332,69.80175819831102
6400-BWQKW,79.05,80.2,80.29641011904758
5928-QLDHB,76.25,74.225,74.66937519841275
4376-KFVRS,114.05,114.14000000000001,114.18434648268392
3528-HFRIQ,52.3,53.56666666666666,54.33029880952382
2718-YSKCS,19.6,19.625,20.22533287545788
2434-EEVDB,94.6,95.45,93.95716428571428
6506-EYCNH,19.55,19.125,19.86099821428571
3396-DKDEL,115.15,114.05,113.49754761904758
3269-ATYWD,95.65,93.875,95.28577539682541
1159-WFSGR,20.4,19.5,19.88283571428572
9835-ZIITK,110.85,107.90000000000002,108.91440357142858
9279-CJEOJ,95.4,95.875,94.70542321428574
4720-VSTSI,84.8,84.9,84.89755595238094
1360-JYXKQ,99.1,99.125,99.36885476190474
8388-FYNPZ,56.75,55.724999999999994,55.865731168831154
7868-TMWMZ,110.0,109.64999999999999,109.54890595238098
3466-RITXD,92.4,93.61666666666667,94.95056190476193
6427-FEFIG,78.6,79.45,79.45609642857139
6518-PPLMZ,19.4,20.483333333333334,20.202925595238092
6762-NSODU,19.4,20.15,20.009160714285716
4355-CVPVS,88.9,90.44999999999999,89.78915119047619
7629-WIXZF,59.1,61.675,63.0042027777778
3049-NDXFL,85.8,86.10000000000001,85.48143035714284
3566-HJGPK,45.55,45.22857142857142,45.252427985903005
1460-UZPRJ,19.95,20.1,20.187739087301587
3712-PKXZA,20.55,20.475,20.18393273809524
1623-NLDOT,33.55,35.15,35.79721904761905
5171-EPLKN,19.85,19.933333333333334,19.926859523809522
5569-KGJHX,85.35,85.9,85.44463625541124
7463-IFMQU,20.05,20.066666666666666,19.931451785714284
3178-CIFOT,19.65,20.666666666666668,20.213033766233767
1095-JUDTC,95.05,93.61666666666666,93.79513511904766
3719-TDVQB,18.95,19.525,20.036736904761902
4929-XIHVW,95.5,95.5,95.1485297619048
8106-GWQOK,60.0,59.175,60.08246845238095
4128-ETESU,99.7,100.925,100.51605476190471
0661-WCQNQ,56.25,56.166666666666664,55.50766785714286
4927-WWOOZ,91.45,88.88333333333333,89.53673928571426
7564-GHCVB,79.05,81.42500000000001,80.34280297619043
3445-HXXGF,45.3,43.325,43.675019444444445
6670-MFRPK,79.2,80.175,80.13746352813851
6890-PFRQX,69.5,70.9,67.59746309523806
1552-CZCLL,20.0,19.85,19.545341071428567
2014-MKGMH,101.1,100.06666666666668,99.98415476190476
0303-WMMRN,19.25,19.799999999999997,20.089994443056945
3806-DXQOM,33.65,34.825,34.613535119047626
1724-BQUHA,89.5,90.73333333333333,89.97502321428573
2580-ATZSQ,61.35,61.4,60.63578392857143
7945-PRBVF,21.45,20.575,20.230782738095233
3898-GUYTS,97.05,100.55,99.08206190476189
2832-SCUCO,19.9,19.650000000000002,19.643800725663223
9779-DPNEJ,80.15,81.475,80.72462916666669
4915-BFSXL,68.95,70.9,69.91893492063492
5018-LXQQG,66.3,64.725,65.82834047619048
1698-XFZCI,107.75,110.44999999999999,109.23821289682539
1872-EBWSC,20.35,19.7,19.677362499999994
4446-BZKHU,105.55,104.32499999999999,103.76207341269844
4607-CHPCA,90.4,90.36666666666667,90.49389047619049
9475-NNDGC,113.15,108.625,108.96994642857143
3841-CONLJ,35.0,35.125,35.593658333333345
2294-DMMUS,70.45,70.575,72.28503313492064
5921-NGYRH,73.55,75.325,75.23292420634922
1897-OKVMW,90.6,91.51666666666665,90.4138994047619
5117-IFGPS,84.3,85.14999999999999,84.85378095238099
3866-MDTUB,70.75,71.025,71.49561845238091
1194-SPVSP,19.65,20.175,20.176026983583796
6905-NIQIN,50.65,50.56666666666666,49.83102619047618
6813-GZQCG,24.65,25.525,25.06672142857143
9896-UYMIE,114.3,117.58333333333333,116.96212321428575
8849-GYOKR,106.55,104.08333333333333,104.67657911255408
5816-JMLGY,80.4,81.35,79.36586865079366
3990-QYKBE,92.5,95.39999999999999,95.16411944444444
6161-UUUTA,79.9,79.46666666666667,79.79204345238095
0396-UKGAI,55.3,53.81666666666666,54.386715476190446
0512-FLFDW,100.5,99.32499999999999,99.95747440476187
2946-KIQSP,33.45,36.0,35.65510079365079
0187-WZNAB,74.4,74.825,75.02451785714287
6867-ACCZI,52.5,50.51666666666667,52.43477222222224
7024-OHCCK,93.85,93.925,94.38227083333331
6481-OGDOO,90.6,89.36666666666667,92.11990892857143
7377-DMMRI,47.8,48.85,49.24327142857143
1963-VAUKV,20.4,20.03947368421052,20.0168958646364
5919-TMRGD,79.35,79.56428571428572,79.86436765873015
6994-ORCWG,54.25,55.449999999999996,55.16179226190477
5144-TVGLP,94.75,95.39999999999999,95.44172103174598
0328-GRPMV,70.1,69.855,69.90513999511624
2905-KFQUV,70.4,68.9,69.88710515873015
8637-XJIVR,78.95,79.08333333333333,79.58696071428574
5150-LJNSR,98.05,94.6,94.0180470238095
4826-DXMUP,72.1,69.2,71.68148273809523
3518-FSTWG,109.55,109.92500000000001,109.5825204545455
2929-ERCFZ,94.2,94.63333333333333,94.76010337301581
1455-UGQVH,98.5,99.525,100.06890952380951
8485-GJCDN,69.05,70.4,70.4972093253968
0459-SPZHJ,83.5,83.55000000000001,83.57320064102565
2169-RRLFW,25.6,25.360000000000003,25.097142063492058
8818-DOPVL,104.45,106.2,105.58938829365077
1207-BLKSA,23.05,25.53333333333333,25.121506872294372
7593-XFKDI,46.3,44.81999999999999,44.91521845238097
5393-RXQSZ,79.6,80.1375,80.30290059523807
5183-KLYEM,112.75,116.9,116.07534900793651
0923-PNFUB,83.75,84.82499999999999,85.46540833333333
4134-BSXLX,60.9,59.825,59.54868869047616
1452-XRSJV,51.05,50.875,50.623555357142834
4213-HKBJO,25.7,24.549999999999997,24.83654285714285
7750-EYXWZ,60.65,61.099999999999994,59.29494166666667
7180-PISOG,74.5,74.9125,74.7738785714286
1356-MKYSK,78.65,82.25,80.66118452380952
1212-GLHMD,86.05,83.83333333333333,84.76453452380956
7228-OMTPN,88.45,90.73333333333333,90.62544004329004
7682-AZNDK,89.85,89.30000000000001,90.07952500000002
6286-SUUWT,19.95,20.04,20.04734318467857
3500-RMZLT,96.3,95.125,93.1439452380952
4729-XKASR,24.75,25.0,24.884760984848484
8364-TRMMK,50.65,50.025000000000006,50.04064642857143
1000-AJSLD,20.1,19.900000000000002,19.911096427615643
4393-OBCRR,20.25,20.4,20.084981746031747
0942-KOWSM,80.8,81.35,80.5152484126984
0870-VEMYL,53.85,56.166666666666664,55.81420238095238
3454-JFUBC,20.0,19.599999999999998,19.795025595238098
2592-YKDIF,20.35,20.03947368421052,20.0168958646364
6941-PMGEP,80.0,79.85000000000001,80.20547361111106
0511-JTEOY,71.1,70.57499999999999,70.61110034271285
4323-ELYYB,20.0,20.425,19.750150198412694
9500-LTVBP,80.05,81.05,80.38578809523808
8120-JDCAM,69.55,69.21666666666667,69.82763928571426
1335-NTIUC,24.95,24.383333333333336,24.664194642857147
6563-VNPMN,85.7,84.6,84.61354821428571
0668-OGMHD,28.5,30.599999999999998,30.445906547619025
0311-UNPFF,88.8,89.175,90.39269404761906
9282-IZGQK,85.0,86.10000000000001,85.54496785714285
4695-WJZUE,88.55,88.05,88.25667380952387
5527-ACHSO,70.5,69.2,70.54645059523808
5140-FOMCQ,109.15,108.775,109.13841388888885
0410-IPFTY,83.85,83.875,84.9404595238095
1333-PBMXB,24.75,24.475,24.348736111111116
1915-OAKWD,19.3,19.924999999999997,19.89726547619047
5707-ORNDZ,54.55,54.85,54.80739722222224
7969-AULMZ,97.35,94.225,94.41560476190476
2700-LUEVA,20.75,19.925,19.9875752164166
9099-FTUHS,54.4,53.51666666666666,54.25652023809523
8699-ASUFO,74.4,74.80000000000001,74.37430952380954
7181-OQCUT,103.85,103.35000000000001,103.89603035714295
3096-YXENJ,107.65,110.625,110.03003571428572
2495-INZWQ,44.55,45.349999999999994,45.15703740842492
2193-SFWQW,111.95,108.64999999999999,108.8789642857143
3908-MKIMJ,41.95,39.166666666666664,39.84584404761906
6736-DHUQI,84.8,84.55,85.25490833333333
2868-MZAGQ,79.25,80.89999999999999,80.83039900793646
8905-IAZPF,95.65,95.5,95.16374404761906
1215-FIGMP,89.9,89.68333333333334,90.17042380952381
0772-GYEQQ,88.35,90.475,88.9514
9995-HOTOH,59.0,58.75,58.73102976190475
7579-KKLOE,91.25,90.71666666666665,89.9785452380952
3594-UVONA,85.95,87.225,85.74256428571431
6641-XRPSU,70.0,69.175,69.86404345238095
5707-ZMDJP,69.7,70.6,70.23988035714284
3307-TLCUD,34.4,34.45,35.01776190476188
4797-AXPXK,60.0,59.325,59.17110833333333
4869-EPIUS,80.9,80.5,81.0066217338217
8563-IIOXK,49.75,49.175,49.35007857142858
2773-OVBPK,111.3,109.3,110.09067996031746
1353-LJWEM,60.9,60.86666666666667,59.6541892857143
5868-YTYKS,20.25,19.740000000000002,19.754595412226664
8713-IGZSO,24.85,24.525,24.781233928571428
6050-FFXES,105.35,105.48333333333333,104.55874404761907
9300-RENDD,79.95,79.56428571428572,79.50596111666113
4183-MYFRB,90.05,88.8,89.9197521645022
3339-EAQNV,97.25,99.525,99.97715238095238
2545-EBUPK,84.05,84.82499999999999,84.85569722222219
4990-ALDGW,20.75,20.700000000000003,20.4823761904762
0970-ETWGE,89.55,89.66666666666667,89.64269601509599
3671-SHRSP,80.6,78.7,79.68613333333333
2308-STERM,19.4,19.85,19.914216079078873
1219-NNDDO,76.85,74.75,74.97043988095238
3508-CFVZL,111.3,112.91666666666667,114.71178472222222
3387-PLKUI,18.8,20.0,19.73504166666666
9702-AIUJO,44.8,44.583333333333336,44.50033629148626
8337-UPOAQ,89.8,88.05,88.517130952381
1728-CXQBE,94.25,93.75,94.35205476190478
5134-IKDAY,69.8,71.025,70.05749658258408
9638-JIQYA,24.9,25.150000000000002,24.920565476190475
6647-ZEDXT,110.45,109.0,109.89609265873018
1579-KLYDT,90.45,88.88333333333333,89.38578095238094
3985-HOYPM,19.4,20.425,19.981285317460312
6705-LNMDD,50.0,51.23333333333333,50.49589821428571
6917-FIJHC,26.0,24.025,24.75312083333334
4640-UHDOS,55.95,54.474999999999994,56.00106369047619
1414-YADCW,84.6,84.6,85.07647738095238
5960-MVTUK,29.75,30.266666666666666,30.3115369047619
0637-KVDLV,76.5,74.9125,75.16054146825398
5451-YHYPW,115.75,115.775,115.93884305555554
5813-UECBU,83.85,86.125,85.26339087301584
9947-OTFQU,74.4,75.575,74.37472261904763
1816-FLZDK,29.15,29.975,30.22180833333332
3005-NFMTA,98.8,101.475,100.78290119047621
4710-NKCAW,64.4,66.575,64.34284662698411
4290-BSXUX,79.65,80.16666666666667,79.65323452380952
6266-QHOJZ,89.85,88.5,88.47609642857142
6047-SUHPR,59.8,59.8,60.37621904761907
6010-DDPPW,25.15,24.850000000000005,24.906357142857136
4374-YMUSQ,116.25,112.51666666666667,113.72697857142859
1958-RNRKS,49.9,51.333333333333336,50.76473452380951
7176-WIONM,49.85,48.61666666666667,49.11982777777779
9483-GCPWE,20.1,20.425,19.901818055555545
1264-FUHCX,56.3,54.125,56.44396904761906
8887-IPQNC,44.25,43.96666666666667,44.65453452380953
2921-XWDJH,83.45,86.4,86.48184047619048
5574-NXZIU,109.2,109.64999999999999,109.62806309523806
8644-XLFBW,71.65,69.81666666666666,69.82641571830945
4811-JBUVU,89.9,89.725,88.70147023809521
8970-ANWXO,73.75,72.9,74.85883095238093
0602-DDUML,69.75,70.4,71.29458035714283
5671-RQRLP,75.65,74.975,74.63474047619046
9959-WOFKT,106.7,105.82499999999999,105.56006666666669
1208-NBVFH,49.6,50.31666666666666,50.21950476190475
6976-BWGLQ,25.2,24.366666666666664,24.302120833333333
2178-PMGCJ,69.7,70.475,70.0510261904762
7610-TVOPG,26.35,24.8,24.788529166666677
7240-ETPTR,48.75,48.61666666666667,49.062717063492066
6518-LGAOV,105.0,105.525,104.48080892857146
2826-DXLQO,29.8,29.516666666666666,29.805566666666667
5949-HGVJL,73.05,74.55,75.44269682539681
3489-VSFRD,60.25,60.3,58.93553690476194
2812-REYAT,20.05,20.325000000000003,19.905583928571417
9633-XQABV,70.25,70.23333333333333,70.12571154401157
4102-OQUPX,74.4,73.925,74.49623888888894
2900-PHPLN,19.55,19.325,19.871034523809527
9894-QMIMJ,55.8,54.224999999999994,55.35115158730156
7596-ZYWBB,59.6,59.65,59.11319880952378
5440-FLBQG,108.4,109.3,109.69001984126986
3063-QFSZL,55.4,55.85,55.611162157287154
4873-ILOLJ,90.35,90.36666666666667,90.73803333333332
3003-CMDUU,95.15,95.85,95.06976785714289
7279-NMVJC,19.9,20.225,20.019902976190462
6478-HRRCZ,70.5,70.74999999999999,69.38633650793652
3678-MNGZX,19.95,19.85,19.950026190476187
5902-WBLSE,20.15,19.325,19.898659523809528
7722-CVFXN,105.2,106.65,105.29782619047616
2223-KAGMX,19.4,19.566666666666666,19.793432142857135
9803-FTJCG,66.85,65.225,65.24390833333334
6060-QBMGV,19.85,20.316666666666666,19.939879761904766
2858-EIMXH,95.85,95.39999999999999,94.79597499999998
4741-WWJQZ,80.15,81.57499999999999,78.93792698412695
9845-PEEKO,79.2,78.625,80.30185108225113
9167-APMXZ,84.15,84.98333333333333,85.11986666666668
9800-ONTFE,75.8,75.625,75.16899761904762
3621-CHYVB,49.9,47.56666666666666,47.110992857142875
3177-LASXD,71.35,69.75,69.74160901875906
1465-VINDH,102.1,103.23333333333333,103.9207892857143
2055-SIFSS,51.65,51.333333333333336,50.826877380952375
0804-YGEQV,24.45,24.475,24.562060714285717
3346-BRMIS,48.35,49.43333333333334,49.53010158730159
3130-ICDUP,80.55,80.225,80.42294583333327
0732-OCQOC,25.05,24.799999999999997,24.617718849206348
4012-YCFAI,61.35,59.5,59.24354107142855
7346-MEDWM,83.25,84.9,85.3364896825397
7036-TYDEC,104.0,105.48333333333333,104.6325642857143
6615-NGGZJ,100.55,100.05,100.30556607142854
3441-CGZJH,60.4,62.199999999999996,60.59338571428569
0208-BPQEJ,19.4,19.125,19.860374206349196
2229-DPMBI,19.5,19.450000000000003,19.69578035714285
7159-FVYPK,69.15,75.21666666666665,64.72975059523812
7544-ZVIKX,105.05,103.975,104.53642261904757
6366-XIVKZ,63.15,64.81666666666666,64.62457916666666
7137-NAXML,20.15,20.325,20.20766805555555
7126-RBHSD,78.9,81.42500000000001,80.17848154761903
1428-IEDPR,109.3,108.5,109.4634827380953
9465-RWMXL,78.9,81.4,81.00250324675321
2908-ZTPNF,34.85,35.15,35.78273809523811
4176-RELJR,25.1,24.083333333333332,25.212700396825383
3001-UNBTL,103.95,98.775,99.0978716269841
6067-NGCEU,111.05,108.03333333333335,109.19860456349204
2479-BRAMR,83.75,85.625,85.0393125
3161-ONRWK,65.85,67.15,66.25142738095239
6349-JDHQP,19.85,19.5,19.683756547619055
1619-YWUBB,24.95,25.275,25.166248412698415
2761-OCIAX,74.7,73.98333333333333,74.37328333333336
2683-JXWQQ,33.6,35.11666666666667,35.548608333333334
9585-KKMFD,20.0,20.025,19.916455357142855
7524-VRLPL,74.1,76.05,74.7844238095238
3780-DDGSE,76.05,74.55,75.30635000000001
2207-OBZNX,51.0,50.925,50.88584583333335
0023-UYUPN,25.2,24.375,25.183896230158734
5975-BAICR,63.7,63.550000000000004,64.97127500000002
2669-OIDSD,100.05,98.71666666666665,99.1310380952381
8146-QQKZH,81.85,80.025,80.47939880952376
2307-FYNNL,109.05,109.85000000000001,109.81197797619046
2985-FMWYF,93.5,94.225,94.33621964285715
5387-ASZNZ,63.85,64.05,65.04489464285713
5349-AZPEW,25.05,24.924999999999997,24.903107142857152
9481-IEBZY,112.9,117.58333333333333,115.86378988095231
9818-XQCUV,20.35,19.85,19.914216079078873
3750-RNQKR,19.45,20.05,20.064951785714282
5442-UTCVD,91.85,88.05,88.37013492063495
3649-JPUGY,88.6,85.7,84.62688095238096
2195-VVRJF,59.1,59.7,61.63923750000003
1271-UODNO,53.85,54.75,54.73523730158731
0118-JPNOY,85.8,85.575,86.10009880952379
9499-XPZXM,64.75,65.975,65.80004523809525
7343-EOBEU,23.6,25.35,25.057830357142862
3877-JRJIP,59.85,59.51666666666667,58.70269404761903
5498-TXHLF,87.45,88.88333333333333,90.18724642857143
3969-GYXEL,76.4,75.19999999999999,74.76131527777778
5730-DBDSI,19.7,19.96666666666667,19.873933333333326
2868-SNELZ,80.6,78.95,79.71577599206348
7797-EJMDP,66.05,64.725,65.60500396825397
4067-HLYQI,70.4,69.88333333333333,69.96860773809526
4231-LZUYM,25.65,24.475,24.504550595238083
3638-WEABW,59.9,60.35,59.787945238095254
5060-TQUQN,83.55,83.92500000000001,84.60701726190473
7802-EFKNY,24.95,24.9,24.79227792207793
7576-JMYWV,110.2,109.28333333333335,109.27078571428574
3496-LFSZU,70.5,70.0,69.83655535714287
4795-WRNVT,65.1,65.33333333333333,65.59368273809525
3938-YFPXD,84.3,86.775,85.59898571428573
6651-AZVTJ,99.8,99.96666666666665,99.97249047619049
3658-KIBGF,54.9,54.35,54.95635277777778
4143-HHPMK,85.35,84.75,87.03400357142857
4821-WQOYN,20.1,20.1,19.917794047619044
4291-HYEBC,39.1,40.18333333333333,42.84889464285714
8849-AYPTR,91.25,91.125,90.57863928571427
3898-BSJYF,73.55,75.25,71.53816428571427
7562-GSUHK,93.2,90.78333333333335,90.42918133116886
3523-QRQLL,69.5,69.05000000000001,71.1737027056277
9661-JALZV,24.7,24.916666666666668,24.980040476190474
4670-TABXH,109.75,109.85000000000001,109.53753849206346
7966-YOTQW,54.5,56.95,55.43388055555557
3694-GLTJM,19.65,20.23333333333333,20.372683495670984
8835-VSDSE,70.7,70.22500000000001,70.06246114718616
3721-CNEYS,70.95,70.22500000000001,70.12194887130416
9667-TKTVZ,54.35,54.75,54.82679563492066
2927-CVULT,104.05,101.86666666666667,103.14704880952388
6595-YGXIT,88.95,90.025,89.47476011904763
0864-FVJNJ,113.35,116.8,115.87204107142854
4537-DKTAL,45.55,44.71666666666667,44.69355694444446
3466-WAESX,69.1,69.21666666666665,67.17562803030302
2483-XSSMZ,47.85,50.275,50.06045238095236
4163-KIUHY,25.6,26.1,25.080370833333337
8486-AYEQH,76.05,74.33333333333333,74.54671428571427
0516-WJVXC,54.2,54.325,54.959275595238104
5304-EFJLP,111.65,109.85000000000001,109.60009007936506
4137-BTIKL,90.75,88.55,89.44339484126984
2863-IMQDR,89.65,89.25,89.70701845238098
2930-UOTMB,65.25,66.05,63.25799642857143
5673-TIYIB,40.4,40.68333333333333,39.399745634920656
3645-DEYGF,20.75,19.65,19.652471214896217
1099-GODLO,20.35,20.0,19.88475079365079
1955-IBMMB,20.2,19.883333333333336,19.69983214285714
6857-VWJDT,95.65,94.81666666666666,94.38508948412698
6410-LEFEN,45.15,43.975,44.36218690476189
6692-UDPJC,91.65,90.05000000000001,89.85343611111108
7858-GTZSP,86.55,85.275,84.94008333333332
5232-NXPAY,74.45,74.25,76.01605119047619
1355-KUSBG,48.8,48.900000000000006,49.705163690476205
1174-FGIFN,90.45,89.725,88.99710119047619
8750-QWZAJ,19.8,19.95,19.946208369408374
7850-THJMU,19.65,19.925,19.9141607142857
0310-MVLET,99.15,101.07499999999999,100.2582408730159
2623-DRYAM,101.75,98.15,98.95321726190475
1905-OEILC,19.5,20.03947368421052,20.0168958646364
6899-PPEEA,96.55,95.39999999999999,95.52177976190472
3104-OWCGK,90.95,90.90000000000002,91.20863035714282
5287-QWLKY,105.1,105.775,104.88929126984121
2603-HVKCG,101.4,101.82499999999999,100.21961904761905
9845-QOMAD,19.75,19.85,19.689226587301583
4816-OKWNX,103.4,103.42500000000001,103.67853690476196
9103-CXVOK,19.75,19.990000000000002,19.88743571428571
2845-AFFTX,99.8,98.58333333333333,99.3980807539683
7776-QWNFX,50.4,49.3,50.037966666666655
1468-DEFNC,24.4,24.416666666666668,24.832763888888884
7905-NJMXS,64.2,64.05,63.838729960317444
1866-OBPNR,74.6,74.375,74.42894841269842
3720-DBRWL,83.85,83.775,84.56854642857142
5073-RZGBK,80.05,79.625,79.50029523809522
0129-QMPDR,20.5,19.75,20.038929166666666
2560-PPCHE,105.05,106.23333333333335,105.70493630952386
1496-GGSUK,25.7,25.3375,25.29361428571428
4671-LXRDQ,45.0,45.55,45.47716047979799
9432-RUVSL,102.5,105.01666666666667,105.15139642857143
3992-YWPKO,109.9,112.075,110.95350476190477
8980-WQFWL,62.1,59.916666666666664,60.260101984126976
0212-ISBBF,50.35,51.0,50.836922619047634
7722-VJRQD,60.95,60.475,61.621791666666624
4135-FRWKJ,76.25,76.55000000000001,73.6229023809524
5161-UBZXI,106.35,105.675,105.0998714285714
5327-XOKKY,73.45,80.41666666666667,78.69937499999997
3988-RQIXO,91.3,89.32499999999999,89.62890696386943
0479-HMSWA,105.45,105.86666666666667,104.92554404761906
6923-AQONU,20.9,20.0,20.00353988095239
5562-YJQGT,20.35,19.7625,19.879144719169716
7598-UAASY,76.4,75.775,75.45335595238093
7251-LJBQN,103.75,104.23333333333333,104.48801388888891
4910-GMJOT,94.6,94.81666666666666,94.42262281746032
0257-ZESQC,75.2,74.825,75.02152142857146
4765-OXPPD,65.0,65.9,65.25434226190475
6583-QGCSI,88.05,91.25,90.09498869047619
9805-FILKB,20.2,19.75,20.11506130952381
2706-QZIHY,25.2,25.099999999999998,25.31816031746033
7673-LPRNY,78.55,79.725,78.6827412698413
6778-YSNIH,59.0,58.400000000000006,59.11745476190478
9050-QLROH,90.7,88.05,89.31953333333335
0707-HOVVN,75.5,74.55,74.5194523809524
7102-JJVTX,48.6,49.116666666666674,50.05915416666665
1810-MVMAI,67.6,69.55000000000001,68.97103888888893
7993-NQLJE,75.1,75.19999999999999,74.92558690476193
9281-OFDMF,90.7,89.925,89.70340952380955
6789-HJBWG,49.4,51.29999999999999,50.827322023809536
2139-FQHLM,89.95,90.475,89.19150357142858
3723-BFBGR,54.8,55.775,55.96782142857143
0639-TSIQW,102.95,98.375,99.13621269841275
8626-PTQGE,60.05,59.175,60.33879226190477
3541-ZNUHK,85.1,85.56666666666666,84.93611666666663
4568-KNYWR,63.25,65.33333333333333,66.53783750000004
9658-WYUFB,94.4,95.725,95.25523968253968
0997-YTLNY,48.8,50.31666666666666,50.46306964285713
3208-YPIOE,75.25,73.69999999999999,74.49255892857143
7707-PYBBH,61.9,59.5,60.082211309523785
9313-QOLTZ,20.9,20.225,19.981704761904744
6654-QGBZZ,19.9,20.03947368421052,20.0168958646364
6877-LGWXO,78.55,81.475,80.74337559523809
8020-BWHYL,75.3,74.375,74.51428869047619
3594-IVHJZ,20.45,20.2,20.13933317099567
9507-EXLTT,79.35,80.55000000000001,79.87524572510821
9793-WECQC,95.3,93.73333333333333,94.1988226190476
1266-NZYUI,66.85,66.05,64.86363809523806
2342-CKIAO,20.3,19.85,19.914216079078873
6963-EZQEE,88.55,90.4375,91.05232321428569
2796-NNUFI,19.95,19.525,19.835635714285726
3486-NPGST,19.55,19.450000000000003,20.39282896825396
9070-BCKQP,110.15,109.5,110.56339880952378
7742-MYPGI,48.8,50.0,50.19219253246754
9929-PLVPA,20.4,20.1,20.160544841269843
9124-LHCJQ,85.45,86.10000000000001,85.41000535714285
2792-LSHWX,83.4,84.6,84.23265238095237
9330-IJWIO,100.35,99.2,99.48667976190481
0617-AQNWT,47.85,47.56666666666666,48.33978452380954
0895-UADGO,44.55,50.325,47.43879880952383
7255-SSFBC,112.25,111.05000000000001,110.00917738095235
5834-ASPWA,75.45,74.9125,75.00404647435899
4132-KALRO,100.85,99.225,99.30871249999998
8064-RAVOH,49.85,49.26666666666667,49.94795654761902
8028-PNXHQ,24.25,24.416666666666668,24.617084920634916
9508-ILZDG,96.35,93.61666666666666,93.57786904761907
4361-JEIVL,44.4,44.725,44.699588293650784
2430-USGXP,101.05,98.425,99.27440357142859
5965-GGPRW,105.25,105.82499999999999,105.59375595238095
2542-HYGIQ,19.95,19.7625,19.779866147741142
1035-IPQPU,103.5,107.10000000000001,106.0989307539683
3617-XLSGQ,109.25,109.41666666666667,110.08873412698415
9107-UKCKY,79.8,80.69999999999999,80.73377380952378
5146-YYFRZ,19.95,19.85,19.880060714285708
5649-VUKMC,95.5,96.425,96.03409444444442
3472-OAOOR,34.95,35.449999999999996,34.86602857142858
0397-ZXWQF,20.5,19.85,19.880060714285708
1346-UFHAX,80.0,79.08333333333333,79.71512619047623
7252-NTGSS,45.15,44.88,44.851755339105345
3198-VELRD,84.75,85.63333333333333,85.56040178571429
3407-QGWLG,20.05,20.2,19.886946932234427
9874-QLCLH,104.2,103.35000000000001,103.66525654761912
8668-KNZTI,53.75,53.625,54.655036309523794
8249-THVEC,19.4,20.200000000000003,19.93741091269841
6060-DRTNL,84.85,85.94999999999999,85.97113690476188
6773-LQTVT,35.65,35.7,35.29060476190476
7853-GVUDZ,20.15,20.23333333333333,20.109996428571428
4897-QSUYC,20.15,19.81875,19.86538919483295
5197-PYEPU,94.45,94.63333333333333,94.71897142857144
3785-NRHYR,19.65,20.04,20.04734318467857
6087-MVHJH,88.45,88.05,88.88954583333337
1685-VAYJF,45.2,45.4,45.17937481962481
9912-GVSEQ,93.85,94.7,94.22778690476187
4636-OLWOE,61.0,60.86666666666667,60.18036904761903
9600-UDOPK,94.05,94.05,94.12991626984129
8631-NBHFZ,79.4,80.89999999999999,80.6786982142857
1053-MXTTK,108.65,108.64999999999999,108.85942261904765
3549-ZTMNH,24.0,25.275,25.32322142857143
7825-ECJRF,106.6,106.0,105.34843154761906
6439-LAJXL,68.95,70.725,68.37261726190475
4075-WKNIU,73.35,73.32499999999999,70.35226904761906
8042-RNLKO,25.45,24.299999999999997,24.94069523809524
4881-JVQOD,34.55,36.0,35.476230357142846
9593-CVZKR,24.45,24.125,24.768792658730163
9972-EWRJS,19.25,19.575000000000003,19.833350216450217
9888-ZCUMM,60.05,62.199999999999996,61.07801428571428
1265-ZFOSD,81.3,80.44999999999999,79.964
6078-VESFR,70.45,71.86666666666667,70.86060714285713
0306-JAELE,96.1,95.025,95.11310595238098
7075-BNDVQ,35.0,34.45,35.01651031746031
2208-MPXIO,20.0,20.825000000000003,20.309307142857133
3096-GKWEB,94.75,92.57499999999999,93.75338154761903
7404-JLKQG,57.55,59.0,60.5765708333333
5049-GLYVG,20.6,20.04,20.04734318467857
6704-UTUKK,45.9,44.583333333333336,44.79615238095238
9397-TZSHA,24.6,25.0,25.318170833333326
4686-UXDML,99.85,99.2,100.03078333333335
3808-HFKDE,44.35,44.51666666666667,44.6648257936508
3580-HYCSP,110.3,109.92500000000001,109.39022619047618
9795-VOWON,24.35,25.150000000000002,25.10354464285714
2159-TURXX,20.05,19.875,20.313262301587304
0096-BXERS,50.35,48.900000000000006,49.77587083333336
6507-DTJZV,66.4,64.75,65.68283650793651
9962-BFPDU,20.05,20.0,19.920445138888887
4587-NUKOX,79.1,79.5,79.72669642857142
4060-LDNLU,96.2,94.71666666666665,94.67201706349209
2379-ENZGV,84.85,84.82499999999999,85.39486904761903
4877-EVATK,20.0,20.04,20.04734318467857
9442-JTWDL,20.05,19.675,19.891630952380947
2748-MYRVK,99.9,99.25,99.19047559523813
3966-HRMZA,75.05,74.125,74.47244047619047
2862-JVEOY,19.15,20.075000000000003,19.93853809523809
9489-DEDVP,69.2,69.63333333333334,70.38976666666669
9469-WEJBT,90.35,91.275,91.07697301587302
2384-OVPSA,20.2,20.075000000000003,20.088518055555564
2186-QZEYA,58.55,60.300000000000004,60.473448809523795
6202-JVYEU,19.9,19.849999999999998,19.97085416666667
6419-ZTTLE,20.75,20.53333333333333,20.284544246031746
1891-UAWWU,90.8,91.025,90.51874345238095
6963-KQYQB,24.05,25.0,25.229842857142852
2521-NPUZR,101.0,104.58333333333333,102.46302261904759
8242-SOQUO,84.7,86.025,85.47742499999997
9823-EALYC,80.85,79.35,79.8929484126984
2314-TNDJQ,55.65,50.51666666666667,52.71133769841269
9714-EDSUC,94.9,94.11666666666667,92.30609841269839
1383-EZRWL,20.05,19.875,20.047663095238097
6617-WLBQC,81.85,81.42500000000001,80.10660535714281
6652-YFFJO,64.9,64.75,65.94735138888888
1401-FTHFQ,20.0,20.666666666666668,20.367483549783543
1803-BGNBD,54.3,53.81666666666666,54.32012261904765
1470-PSXNM,93.65,94.95,94.87343293650797
9185-TQCVP,85.15,85.875,85.47405714285713
6481-LXPWL,36.1,35.7,35.06946190476191
5066-GFJMM,19.9,20.225,20.005519444444428
7519-JTWQH,110.5,109.25,110.2649238095237
9957-YODKZ,80.8,80.55,80.36209404761904
8430-TWCBX,20.7,19.025,19.41743273809524
5955-ERIHD,94.7,92.57499999999999,93.75338154761903
5186-SAMNZ,69.5,71.0,70.62588095238095
5759-RCVCB,35.2,35.083333333333336,35.5368761904762
0220-EBGCE,85.85,85.525,85.97666011904761
7427-AUFPY,19.65,19.3,19.983395833333336
3221-CJMSG,51.1,49.85,49.86620714285715
4194-FJARJ,60.0,61.75,60.93916726190474
8138-EALND,19.75,19.575000000000003,19.84145416666667
8345-MVDYC,81.65,80.025,79.9163363095238
6119-SPUDB,38.25,41.7,40.41438650793649
1202-KKGFU,54.2,54.325,55.40221666666665
6556-DBKZF,76.05,74.525,75.94183571428569
6339-DKLMK,31.65,31.075000000000003,30.349844047619044
1977-STDKI,73.0,73.98333333333333,74.83237202380955
4001-TSBTV,91.55,90.90000000000002,91.2499220238095
7912-SYRQT,75.1,74.125,74.6944125
4779-ZGICK,23.55,24.5,24.771063095238087
0670-ANMUU,97.65,94.5,94.5969946428571
8735-NBLWT,20.4,20.25,19.96699007936507
8930-XOTDP,55.95,55.825,56.05656547619048
6380-ARCEH,20.2,20.04,20.04734318467857
1167-OYZJF,20.05,19.575000000000003,19.832416666666667
1628-BIZYP,85.0,84.75,85.06622261904762
6284-KMNUF,98.0,100.15000000000002,100.30209047619044
4676-WLUHT,46.2,44.51666666666666,44.83589107142855
2138-VFAPZ,19.7,19.5,19.6104134920635
8648-PFRMP,46.35,44.825,45.01794821428569
8097-VBQTZ,69.9,70.6,69.6355732142857
6087-YPWHO,68.15,70.9,70.55153988095236
8109-YUOHE,56.1,55.93333333333334,55.39267023809525
3807-XHCJH,20.0,19.990000000000002,19.732372077922076
0524-IAVZO,85.0,85.35,85.11688571428573
8957-THMOA,20.15,19.5,19.99422023809524
7521-YXVZY,19.95,20.2,20.2734876984127
7077-XJMET,74.15,74.775,74.76727380952381
9625-QSTYE,81.15,79.075,79.50261666666663
7924-GJZFI,69.3,70.71666666666665,70.38455
2034-GDRCN,90.4,90.46666666666665,89.84714787296036
4186-ZBUEW,70.7,70.5,70.24455833333332
4026-SKKHW,50.25,50.5875,50.44523253968253
8548-AWOFC,63.85,69.65,69.835456547619
0680-DFNNY,101.1,98.425,99.65946666666669
7501-IWUNG,73.8,74.25,76.03551190476189
7176-WRTNX,114.95,112.91666666666667,114.10638749999993
8450-UYIBU,39.85,39.15,39.925586111111095
1794-HBQTJ,48.6,49.0,49.56621071428571
1862-QRWPE,20.65,20.174999999999997,19.98499880952381
2996-XAUVF,40.05,40.475,43.96715714285716
7145-FEJWU,105.3,105.6,105.46258611111114
6710-HSJRD,114.1,109.96666666666665,110.40375317460315
7530-HDYDS,84.25,84.51666666666667,85.84084484126983
8042-JVNFH,71.35,70.525,70.37094774808523
5127-BZENZ,65.2,64.83333333333334,66.04996071428573
0876-WDUUZ,85.4,86.80000000000001,86.23906111111113
0356-ERHVT,45.9,44.575,44.80667619047619
9912-OMZDS,106.15,106.56666666666666,106.04378373015874
2275-RBYQS,45.4,44.61666666666667,44.730042839105366
0917-EZOLA,104.15,105.375,104.48367678571432
2749-CTKAJ,20.15,20.0,19.905898214285706
5160-UXJED,44.6,44.583333333333336,44.80324978354979
7244-QWYHG,44.45,45.875,44.7277494047619
4226-KKDON,66.65,65.76666666666667,64.87295396825391
7018-FPXHH,59.8,59.8,60.27458809523808
9897-KXHCM,80.3,80.275,80.54994781746029
1222-KJNZD,20.4,19.75,19.9256625
2452-KDRRH,101.4,99.48333333333333,99.52725198412692
6892-EZDTG,91.65,89.85,90.29675930735931
6980-CDGFC,20.85,19.575000000000003,19.91633928571428
5071-FBJFS,50.3,49.81666666666666,49.5942386904762
4018-PPNDW,24.1,24.125,24.439223015873004
9066-QRSDU,26.3,23.85,24.86390734126984
0318-ZOPWS,20.15,20.2,20.05022976190476
0419-YAAPX,85.3,86.19999999999999,85.92952321428572
9786-IJYDL,113.2,115.23333333333335,114.50073849206346
4195-PNGZS,24.45,24.566666666666663,24.86977503607503
9372-TXXPS,59.85,60.4,59.20310833333334
7734-DBOAI,40.1,39.775,41.63518214285715
2858-MOFSQ,55.85,55.95,55.29416190476189
8180-AKMJV,44.55,44.325,44.627480735930725
2690-DVRVK,20.55,19.466666666666665,19.89455952380952
1790-NESIO,20.4,19.8,19.886856349206354
8083-YTZES,74.35,75.83333333333333,75.54296587301589
0661-KBKPA,78.75,79.03333333333335,79.58929404761903
4139-DETXS,64.45,66.45,65.67615416666665
1395-WSWXR,20.75,20.425,19.989672222222218
9546-KDTRB,24.7,24.825000000000003,24.929802380952395
4291-HPAXL,19.85,19.65,19.652471214896217
6198-ZFIOJ,75.6,75.44999999999999,75.28604226190477
7472-EQOAV,86.7,84.55,85.0525041666667
5997-OPVFA,89.05,87.32499999999999,88.90385340909089
5236-XMZJY,59.65,61.4,60.95742499999999
3873-NFTGI,55.5,55.775,55.93168214285714
8695-WDYEA,51.25,50.925,50.522213690476185
4342-HENTK,70.65,70.23333333333333,70.1350069865807
8580-QVLOC,92.45,90.16666666666667,89.54767003968253
3143-JQEGI,88.35,88.81666666666666,89.75599702380953
4465-VDKIQ,77.8,80.3,80.2946964285714
0824-VWDPO,96.75,92.85,94.37240119047615
3162-KKZXO,100.15,100.06666666666668,100.17707023809523
8445-DNBAE,50.05,50.875,50.106295238095235
2111-DWYHN,21.1,20.04,20.04734318467857
2662-NNTDK,24.8,24.299999999999997,24.945000396825392
7502-BNYGS,69.1,69.05000000000001,71.60443445165947
5372-FBKBN,20.75,20.200000000000003,19.99720366161617
4597-NUCQV,101.25,100.36666666666667,100.20997261904763
0020-JDNXP,61.25,59.333333333333336,59.63323571428568
6599-GZWCM,74.65,76.15,75.4576738095238
4342-HFXWS,69.7,69.55,69.09655833333332
5035-PGZXH,106.8,104.92500000000001,105.47308214285718
8216-AZUUZ,100.4,98.53333333333335,99.02716071428571
5542-DHSXL,54.7,54.68333333333334,54.801257142857146
8498-XXGWA,55.15,54.6,54.523794642857155
6542-LWGXJ,25.0,24.96666666666667,24.57846666666667
6248-TKCQV,80.6,77.39999999999999,79.69012738095238
3068-OMWZA,88.8,90.11666666666667,89.9112589285714
2430-RRYUW,54.8,55.6,55.275216666666644
8292-TYSPY,55.0,54.650000000000006,55.13119707792206
4589-IUAJB,24.25,24.850000000000005,24.906357142857136
5693-PIPCS,99.65,98.8,99.71448333333338
7446-KQISO,109.75,108.5,109.2838166666667
0048-PIHNL,20.45,20.325000000000003,19.803954761904755
6284-AHOOQ,90.5,89.425,90.7112742063492
2805-EDJPQ,99.75,98.93333333333334,96.53919682539677
9103-TCIHJ,55.7,56.95,55.45129722222224
9402-ROUMJ,100.25,99.63333333333333,97.76235833333334
5562-BETPV,19.65,19.6,19.72628630952381
3167-SNQPL,101.15,99.625,99.89138630952382
0810-DHDBD,74.0,76.55000000000001,73.27815595238097
1776-SPBWV,20.1,20.183333333333334,19.853661706349207
9537-JALFH,19.9,19.85,20.07061085164835
0702-PGIBZ,101.7,99.25,99.33697043650791
3055-VTCGS,58.55,59.916666666666664,62.1524498015873
9548-LERKT,19.75,20.425,19.924258730158733
6794-HKIAJ,90.7,90.075,90.45689940476188
9531-NSBMR,19.25,20.183333333333334,20.109795833333333
6368-NWMCE,68.15,70.5,69.78989999999999
0643-OKLRP,80.35,81.42500000000001,79.54860357142854
9948-YPTDG,79.45,81.56666666666666,80.56906369047621
4879-GZLFH,92.15,95.075,94.98172738095242
8098-TDCBU,25.25,23.516666666666666,24.59699226190476
5122-CYFXA,75.3,74.55,73.70781468253966
9889-TMAHG,100.3,99.375,100.03184623015872
5357-TZHPP,84.4,84.10000000000001,84.48795317460315
1474-JUWSM,68.4,68.9,70.14177083333328
8399-YNDCH,60.05,59.73333333333333,62.137555952380936
3847-BAERP,20.9,20.225,20.093360317460302
9402-CXWPL,98.9,99.525,99.61529821428569
5049-MUBWG,75.0,74.95,75.20344166666665
4039-HEUNW,96.5,99.575,100.24999166666669
5803-NQJZO,67.8,69.89999999999999,70.14820416666666
4116-TZAQJ,74.25,74.49999999999999,74.48282678571428
9094-AZPHK,100.15,100.05,100.20237440476193
6121-TNHBO,83.0,79.93333333333334,80.2901978174603
1564-HJUVY,63.75,65.76666666666667,64.73305515873011
7407-SUJIZ,20.6,20.225,20.09119999999999
5468-BPMMO,19.6,20.03333333333333,19.852005952380953
9168-INPSZ,104.15,105.475,104.39495952380956
8942-DBMHZ,20.45,20.05,20.19147043650793
8705-WZCYL,44.8,44.725,44.71163968253967
0322-YINQP,48.55,50.925,50.575510119047614
7000-WCEVQ,61.6,59.666666666666664,62.01047738095239
9739-JLPQJ,117.5,113.57499999999999,114.4456095695971
2794-XIMMO,60.45,61.099999999999994,59.47616666666667
9565-AXSMR,19.2,20.483333333333334,20.210513293650795
2880-FPNAE,74.2,75.775,75.40726666666666
3316-UWXUY,93.5,94.11666666666667,94.8050793650794
9824-BEMCV,69.0,70.275,70.3010359126984
3256-EZDBI,29.45,30.200000000000003,30.22022380952381
1226-IENZN,78.75,80.125,80.0301761904762
2823-LKABH,95.05,95.25,94.40006349206347
6161-ERDGD,85.45,84.18333333333332,84.32362023809524
2137-DQMEV,44.8,43.95,45.678460714285706
2424-WVHPL,74.7,75.8,75.78536269841267
9945-PSVIP,18.7,20.1,19.855119047619045
2840-XANRC,93.15,96.16666666666667,96.31544940476194
8008-HAWED,50.75,50.050000000000004,49.54101746031748
0412-UCCNP,59.2,60.3,59.26064404761908
6402-SSEJG,61.05,58.225,58.227196825396824
8049-WJCLQ,60.2,59.0,60.15390059523807
2830-LEWOA,103.9,102.625,104.03290714285717
9780-FKVVF,59.15,59.7,62.3076896825397
5014-GSOUQ,19.95,20.05,19.785118253968257
0396-HUJBP,19.3,19.85,19.914216079078873
8356-WUAOJ,45.0,45.38333333333333,45.162104761904764
5442-BHQNG,70.35,69.30000000000001,69.61174090909098
5655-JSMZM,96.2,95.39999999999999,95.32593353174597
7065-YUNRY,45.3,44.61666666666667,44.730042839105366
5161-XEUVX,94.3,93.625,93.25374186507938
9068-FHQHD,20.15,19.575000000000003,19.685393452380957
8017-LXHFA,94.75,95.16666666666667,94.89696964285712
0786-IVLAW,108.1,105.0,105.88543194444448
6100-QQHEB,92.55,92.57499999999999,93.38780416666667
2642-DTVCO,85.05,84.10000000000001,84.36616388888886
0147-ESWWR,101.25,100.1,100.1809238095238
2335-GSODA,40.1,41.7,40.17755793650793
9602-WCXPI,20.15,19.3,19.650754166666676
0329-GTIAJ,97.9,100.675,100.24218452380954
8241-JUIQO,19.45,19.866666666666667,19.990957738095247
0581-MDMPW,88.95,90.125,89.93522500000003
9314-IJWSQ,84.8,85.9,85.19953863636366
8532-UEFWH,25.75,24.8875,24.73674226190475
7861-UVUFT,84.3,85.43333333333334,86.02080952380953
8383-SGHJU,59.4,58.86666666666667,59.71811785714284
8755-IWJHN,95.35,93.75,94.24837500000004
0123-CRBRT,88.1,90.5,90.59118035714289
2223-GDSHL,116.05,114.08333333333333,114.63925
8189-HBVRW,90.8,91.225,91.09007202380951
8495-PRWFH,55.65,55.95,55.17054642857144
6092-QZVPP,79.2,82.25,80.48815476190477
5129-JLPIS,105.5,106.0,105.34985416666666
1614-JBEBI,20.7,20.725,19.774888293650793
0637-YLETY,95.6,94.7,94.82261071428569
0135-NMXAP,89.75,90.41250000000001,90.10780562770564
7892-POOKP,104.8,105.525,104.52824226190478
8161-QYMTT,94.1,94.35,94.74695039682541
3001-CBHLQ,104.9,102.1,104.11138809523817
8945-GRKHX,78.65,80.1375,80.51869047619044
4625-EWPTF,30.45,29.1,29.42119761904762
1343-EHPYB,103.4,103.075,103.61533293650797
0375-HVGXO,34.7,35.083333333333336,35.88707976190477
0330-BGYZE,102.5,103.42500000000001,104.70557023809525
5989-PGKJB,86.25,85.1,85.42309523809529
8752-GHJFU,92.0,95.75,94.64642474747473
4851-BQDNX,85.05,93.4,87.09138888888887
7240-FQLHE,99.75,99.45,100.26987023809525
6175-IRFIT,78.75,78.525,79.88640476190473
6538-POCHL,79.0,79.98333333333333,79.86331309523806
3078-ZKNTS,19.75,19.9,19.937579365079362
5777-KJIRB,50.25,50.53333333333333,49.99780079365081
7923-IYJWY,116.1,117.4,115.43961428571427
2810-FTLEM,50.15,50.275,49.84606428571426
1265-HVPZB,66.4,68.975,70.99159107142856
9796-BPKIW,69.95,71.0,70.45171547619047
9178-JHUVJ,24.1,24.924999999999997,25.188265476190473
4732-RRJZC,20.25,20.549999999999997,20.20954464285714
7010-BRBUU,24.1,25.15,25.021579383116876
9688-YGXVR,88.15,90.90000000000002,90.9629053571428
9286-DOJGF,74.95,75.75,75.11155645743146
6994-KERXL,55.9,54.875,55.44537435064934
2181-UAESM,53.45,55.400000000000006,55.771833549783544
4312-GVYNH,49.85,47.56666666666666,49.139970238095245
2495-KZNFB,90.65,90.78333333333335,90.19378948412695
4367-NHWMM,24.9,25.125,25.141243452380944
8898-KASCD,35.55,34.56666666666667,35.281707142857144
8016-NCFVO,116.5,117.58333333333333,116.45330000000004
4578-PHJYZ,68.75,70.4,70.94345535714287
2091-MJTFX,51.2,51.125,52.676294047619024
2277-DJJDL,99.0,100.1,100.14429523809524
2511-MORQY,54.9,55.025000000000006,55.05848333333334
2731-GJRDG,109.55,109.225,109.97582678571433
1784-EZDKJ,106.8,103.42500000000001,104.72458690476188
2468-SJFLM,74.3,75.8,75.66867936507936
5115-SQAAU,25.6,26.0,25.153977380952384
8708-XPXHZ,94.2,96.07499999999999,95.90668214285715
0601-WZHJF,46.35,45.349999999999994,45.19125476190476
0463-TXOAK,25.6,24.083333333333332,25.02936488095236
4683-WYDOU,107.6,104.07499999999999,104.88974047619052
1166-PQLGG,19.55,20.066666666666666,20.087365476190474
0963-ZBDRN,96.2,94.30000000000001,94.88542023809524
4871-JTKJF,69.65,70.23181818181817,70.15868676615567
7173-TETGO,78.5,81.42500000000001,79.99365238095235
4193-ORFCL,45.1,44.88,44.952149801587304
2692-PFYTJ,25.75,25.03333333333333,24.95050257936508
2369-UAPKZ,104.1,106.66666666666667,106.60884166666663
5193-QLVZB,104.75,103.42500000000001,104.55171388888888
0379-DJQHR,81.35,80.06666666666666,80.51775376984128
4657-FWVFY,96.35,96.01666666666667,95.3069400793651
0623-EJQEG,93.55,94.5,94.20237797619048
1699-TLDLZ,19.7,19.5,19.714859523809523
4501-UYKBC,69.1,69.65,69.4359595238095
8158-WPEZG,35.65,36.28333333333333,35.764375000000015
9732-EQMWY,99.4,99.66666666666667,99.11415773809526
1099-BTKWT,54.4,53.95,54.396122222222246
4815-TUMEQ,19.3,19.5,19.873918650793645
6407-UTSLV,83.8,86.025,85.55547678571429
0018-NYROU,68.95,70.23333333333333,69.76627499999998
4632-XJMEX,62.85,60.5,60.03613273809525
1409-PHXTF,110.45,112.775,111.33553809523809
8229-TNIQA,45.3,46.05,45.64835436507938
0529-ONKER,75.65,74.5,74.30890238095235
3675-YDUPJ,19.85,19.3125,19.814204761904758
4484-CGXFK,55.3,55.85,55.64131453823951
4443-EMBNA,24.75,24.475,24.817092857142846
4280-DLSHD,54.75,55.849999999999994,55.48474821428573
9300-AGZNL,94.0,94.32499999999999,94.14588630952379
2789-CZANW,110.3,109.81666666666666,109.50940308441557
8464-EETCQ,18.8,20.425,20.26134166666667
7216-EWTRS,100.8,100.6,100.5375035714286
4468-KAZHE,60.0,59.375,60.16360952380952
8623-ULFNQ,66.05,68.8,68.21854285714284
9317-WZPGV,79.75,80.275,79.91586646825391
8947-YRTDV,94.8,96.025,94.30807142857142
1814-DKOLC,25.45,25.35,25.110312103174607
8071-SBTRN,111.15,111.5,110.28702759740263
4701-MLJPN,55.25,53.925,54.56131255411255
1205-WNWPJ,59.5,59.45,62.07658571428571
6158-HDPXZ,25.35,24.349999999999998,24.49651904761906
6683-VLCTZ,98.55,98.9,99.4181428571429
3727-OWVYD,61.2,59.8,60.57805952380952
0856-NAOES,60.9,59.0,61.06486309523808
0562-FGDCR,74.55,73.78333333333333,73.09792698412699
0956-SYCWG,19.65,19.85,19.9768
2277-VWCNI,48.75,50.4,50.33945714285713
3498-LZGQZ,19.15,19.5,19.955098214285712
9135-MGVPY,84.7,83.775,84.94583809523809
3815-SLMEF,34.25,34.23333333333333,34.58434999999999
4513-CXYIX,80.7,79.225,79.57773095238092
8944-AILEF,19.45,20.525,20.133597402597402
1270-XKUCC,19.7,20.25,19.8274505952381
6633-SYEUS,83.2,84.51666666666667,85.08569841269838
8075-GXIUB,19.85,19.675,19.85730357142857
6016-NXBNJ,19.15,19.475,20.135700793650784
9332-GYWLO,54.85,54.625,55.31761488095239
3276-HDUEG,75.05,74.93333333333334,74.70937083333335
5884-FBCTL,25.1,24.366666666666664,24.302120833333333
8999-YPYBV,84.35,83.775,85.76559583333332
1522-VVDMG,89.75,91.475,91.12046547619046
0848-SOMKO,48.4,44.78333333333334,47.53842619047621
1657-DYMBM,19.9,20.483333333333334,19.902635119047613
6923-EFPNL,51.75,50.4,50.268987499999994
2167-FQSTQ,92.4,93.25,90.97418095238096
9286-BHDQG,45.25,46.3,45.94237500000002
7225-CBZPL,94.8,92.57499999999999,93.76058571428568
5605-IYGFG,69.85,70.225,69.83477559523809
6861-OKBCE,20.1,20.375,20.009370833333335
7571-YXDAD,74.9,75.07499999999999,74.88755654761906
0254-FNMCI,109.9,111.1,110.35941944444444
8981-FJGLA,78.0,79.94999999999999,80.1305035353535
8414-MYSHR,91.4,90.73333333333333,89.97502321428573
9274-CNFMO,74.95,73.925,75.05456309523807
3794-NFNCH,50.0,49.31666666666666,49.9250001984127
5158-RIVOP,20.9,19.55,19.909940476190478
1100-DDVRV,49.8,49.099999999999994,50.07080198412701
9522-BNTHX,56.25,54.06666666666666,54.15059880952379
3677-IYRBF,30.4,29.775,29.79068571428573
7009-PCARS,19.1,19.65,19.838639484126983
8250-ZNGGW,59.9,59.95,59.75149166666666
0967-BMLBD,20.0,20.425,19.885055555555557
7594-RQHXR,79.6,80.91666666666667,80.91340099206349
8966-SNIZF,19.45,19.575000000000003,19.741895436507935
7235-NXZCP,74.85,73.425,73.85411547619049
0122-OAHPZ,73.85,75.16666666666667,75.16542976190475
7815-PDTHL,20.2,19.475,19.854306547619036
8331-ZXFOE,71.1,67.95,68.55735595238095
8901-UPRHR,109.2,110.5,110.29863452380953
3563-SVYLG,62.65,64.48333333333333,65.04132619047618
3205-MXZRA,59.45,60.55,62.445598214285745
5392-AKEMH,45.05,44.51666666666667,44.5400369047619
8201-AAXCB,60.35,59.51666666666667,61.51313809523808
6919-ELBGL,114.95,116.14999999999999,115.19401791125537
0530-IJVDB,114.6,112.91666666666667,114.31178988095233
5047-LHVLY,50.15,50.05,50.18182797619047
8404-FYDIB,86.65,85.42500000000001,84.37277738095241
3415-TAILE,65.7,63.75,65.69590238095235
2819-GWENI,19.9,20.525,20.0729125
6164-HXUGH,19.85,19.916666666666668,19.86998630952381
6762-QVYJO,59.75,59.98333333333333,60.1206202380952
5046-NUHWD,45.0,42.974999999999994,43.00799107142857
0106-GHRQR,71.4,67.125,66.2815773809524
8374-XGEJJ,101.0,101.33333333333333,100.87488095238098
2546-KZAAT,75.4,74.82499999999999,74.69243333333335
7569-NMZYQ,118.75,115.70714285714287,115.79397156454654
3279-DYZQM,19.45,19.766666666666666,19.96620119047619
0374-FIUCA,20.4,19.75,19.781509126984123
3714-NTNFO,84.5,82.94999999999999,83.76538075396824
8705-DWKTI,83.8,85.94999999999999,87.03417261904761
4195-SMMNX,20.35,19.935714285714287,19.920037204462197
2599-CIPQE,109.3,108.64999999999999,108.96118095238093
5136-GFPMB,89.4,89.13333333333333,89.97844166666668
6476-YHMGA,76.5,81.375,80.26270793650791
3055-MJDSB,24.6,24.383333333333336,24.843827976190465
7516-GMHUV,105.05,105.625,105.37164761904764
5940-NFXKV,83.65,85.875,85.64563333333335
3597-YASZG,104.45,105.56666666666668,105.19113928571434
3786-WOVKF,106.85,104.08333333333333,104.36415173160167
2806-MLNTI,105.1,103.42500000000001,104.65477936507938
0799-DDIHE,46.3,44.51666666666667,44.89926309523812
9926-PJHDQ,76.8,80.41666666666667,78.84182976190476
0334-GDDSO,81.35,80.2,80.23768511904761
2371-KFUOG,99.15,100.55000000000001,100.33744166666665
4634-JLRJT,20.35,19.81875,19.86538919483295
5886-VLQVU,89.85,89.725,88.63440892857143
3194-ORPIK,84.4,84.95,85.14829880952381
6048-NJXHX,19.75,20.03333333333333,20.10869761904763
7860-KSUGX,64.45,65.75,66.29383630952378
2925-MXLSX,68.95,64.89999999999999,67.83750000000003
2933-FILNV,24.4,24.924999999999997,24.935784523809517
7758-XKCBS,29.7,30.266666666666666,30.068434523809515
2027-DNKIV,58.75,60.3,58.84207261904763
4751-ERMAN,75.4,73.55,77.1805948051948
8224-KDLKN,25.0,24.566666666666663,24.64510059523809
7929-SKFGK,114.3,112.775,114.35501190476188
8329-IBCTI,19.65,20.03947368421052,20.0168958646364
5016-IBERQ,84.25,83.55,84.23943809523811
5405-ZMYXQ,74.6,74.975,74.95289226190474
7841-TZDMQ,46.0,45.75,45.16846682900433
9754-CLVZW,38.85,39.575,39.09279246031746
9503-XJUME,19.65,19.3,20.01303511904762
3298-QEICA,34.6,35.925,35.23220833333335
9420-LOJKX,99.1,99.46666666666665,99.81589642857138
3391-JSQEW,50.15,49.75,50.191592857142844
4939-KYYPY,59.45,59.18333333333333,59.447661507936516
2061-VVFST,19.5,19.433333333333334,19.818300595238092
6480-YAGIY,112.2,109.64999999999999,109.79322261904761
0330-IVZHA,69.95,70.23333333333333,69.7460025793651
7161-DFHUF,23.85,25.360000000000003,25.042150793650784
1260-TTRXI,54.3,54.875,55.61484935064933
8577-QSOCG,20.2,19.700000000000003,19.81604900793651
8963-JLGJT,55.9,55.400000000000006,55.67392045454545
3266-FTKHB,19.15,19.68,19.78228769841269
6122-LJADA,90.15,90.525,90.81361309523808
8710-YGLWG,44.9,45.22857142857142,45.252427985903005
6463-HHXJR,100.5,99.775,100.22529523809527
9576-SYUHJ,91.15,89.875,90.05158392857142
9289-LBQVU,70.15,69.025,70.66136607142856
2207-QPJED,90.0,93.4,89.51247916666665
6990-YNRIO,108.65,111.46666666666665,110.2616287698413
0489-WMEMG,49.45,50.31666666666666,50.329134523809515
2189-UXTKY,79.2,80.76666666666667,78.95496666666666
7105-MXJLL,60.7,59.916666666666664,61.631676587301584
7133-VBDCG,79.85,79.17500000000001,79.93752678571428
9933-QRGTX,97.2,98.225,99.2748890873016
6356-ELRKD,95.6,96.05,95.46594166666665
2194-IIQOF,89.3,87.83333333333333,88.76802500000002
8063-GBATB,85.25,85.14999999999999,84.08195317460314
9611-CTWIH,89.45,90.46666666666665,90.2856340909091
3571-DPYUH,94.7,95.94999999999999,95.14665297619045
8519-QJGJD,75.35,74.95,75.01798452380949
5846-NEQVZ,70.85,70.83333333333333,70.6185535714286
6022-KOUQO,29.05,30.725,30.44606904761904
7205-BAIAD,20.6,19.575000000000003,20.099816071428563
9574-BOSMD,25.4,24.566666666666663,24.929480194805205
4884-TVUQF,101.3,99.63333333333333,98.43829166666664
6439-GTPCA,87.25,84.57499999999999,84.7823380952381
3795-CAWEX,116.55,114.05,113.62109285714281
7821-DPRQE,107.7,108.6875,108.9701415764791
4983-CLMLV,102.7,103.98333333333333,105.15322797619046
2380-DAMQP,115.15,113.57499999999999,114.6567232142857
7534-BFESC,76.1,74.975,74.80689523809524
6695-FRVEC,60.4,60.3,59.176594047619076
0361-HJRDX,64.35,66.15,64.41856071428569
0354-VXMJC,19.6,19.925,19.924586507936507
6559-ILWKJ,49.35,50.275,49.98683968253968
9895-VFOXH,24.4,25.275,25.14846233766234
8229-BUJHX,20.5,20.1875,19.986675234487734
4476-OSWTN,110.55,109.65,109.6247898809524
2995-UPRYS,99.2,98.8,99.69684166666667
9208-OLGAQ,84.95,84.35,85.79460952380948
4124-MMETB,94.65,95.875,94.59883392857142
8882-TLVRW,39.1,39.025,39.58278120490619
2957-JIRMN,84.45,82.75,83.970975
3646-ITDGM,19.7,19.15,19.970617857142862
2673-ZALNP,19.9,19.475,19.935972420634922
9975-SKRNR,18.9,20.04,20.04734318467857
3724-UCSHY,19.55,19.466666666666665,19.69449642857143
0259-GBZSH,85.65,84.39999999999999,84.9878095238095
7130-CTCUS,54.55,55.1,55.0632494047619
8150-QUDFX,19.85,19.935714285714287,19.920037204462197
8218-FFJDS,86.4,86.275,84.60623571428572
8259-NFJTV,34.65,35.925,34.88378492063492
7909-FIOIY,24.85,24.299999999999997,25.15681904761904
3317-VLGQT,78.1,80.7,80.54657460317462
2722-VOJQL,105.65,105.325,105.32578869047614
0584-BJQGZ,78.35,79.96666666666667,78.57692857142854
6732-VAILE,85.95,83.025,83.99278095238093
1302-TPUBN,19.35,19.96666666666667,19.873933333333326
8380-PEFPE,71.65,69.71666666666667,70.06219426019246
7402-PWYJJ,91.15,89.725,90.29714107142858
4250-FDVOU,56.25,55.23333333333334,55.341175
9128-CPXKI,95.8,95.075,94.76680178571426
4183-WCSEP,78.45,80.16666666666667,80.19528353174599
0404-SWRVG,74.4,75.83333333333333,75.73098273809522
6227-HWPWX,69.0,70.6,70.27459642857144
1899-VXWXM,106.1,104.06666666666668,104.35682142857141
8450-JOVAH,56.7,56.95,55.51835376984127
4550-VBOFE,102.95,104.58333333333333,104.64275773809524
9546-CQJSU,91.4,88.88333333333333,89.20529523809525
4789-KWMXN,110.85,111.125,110.47537380952384
0835-DUUIQ,21.05,19.766666666666666,20.132382142857146
1855-AGAWH,93.8,96.16666666666667,96.03244821428574
9079-YEXQJ,111.1,111.425,110.42542202380947
3577-AMVUX,55.05,55.675,54.80889464285717
2316-ESMLS,33.15,35.925,34.81848313492064
9426-SXNHE,18.75,20.825,20.186117063492055
8550-XSXUQ,70.55,64.175,67.72852817460318
0723-DRCLG,74.45,73.15,73.80730119047618
2176-OSJUV,65.15,65.975,65.65023392857145
0107-WESLM,19.85,20.133333333333333,20.02953874181374
8626-XHBIE,24.8,24.416666666666668,24.73060535714285
0188-GWFLE,20.05,19.935714285714287,19.920037204462197
8166-ZZTFS,80.55,80.375,80.88696309523806
5774-QPLTF,20.35,20.15,19.91972738095238
0929-PECLO,89.6,91.8,91.49926547619049
5696-QURRL,45.05,45.22857142857142,45.252427985903005
8124-NZVGJ,49.25,51.125,52.77978214285713
4130-MZLCC,50.55,49.3,50.2884265873016
4489-SNOJF,72.25,76.55000000000001,69.59135952380952
8984-HPEMB,118.65,112.91666666666667,115.0314347222222
4615-PIVVU,66.5,65.23333333333333,64.93532222222223
6848-HJTXY,19.45,19.65,19.6389996031746
8757-TFHHJ,49.8,51.7,49.972417261904745
4603-JANFB,69.85,69.73333333333332,69.80175819831102
8565-HBFNN,107.2,104.58333333333333,104.54793452380949
7422-WNBTY,93.35,94.7,94.68447261904757
4712-UYOOI,20.0,20.200000000000003,19.82994761904762
3372-CDXFJ,24.5,25.683333333333337,25.20946190476191
5353-WILCI,56.05,55.23333333333334,55.4841857142857
0988-AADSA,80.85,78.975,79.25871428571428
8270-RKSAP,70.5,69.16666666666666,69.75968710317461
5954-BDFSG,107.5,103.68333333333332,104.79213214285711
5792-JALQC,59.85,59.3,58.907342261904766
2202-OUTMO,60.85,58.86666666666667,59.81684761904762
9028-LIHRP,100.2,98.775,102.5578
9150-KPBJQ,19.65,19.25,19.815271428571425
4003-OCTMP,64.0,63.925000000000004,65.75283571428571
8775-LHDJH,90.6,89.85,89.90922478354983
6770-UAYGJ,25.25,24.46666666666667,25.183964610389612
7596-IIWYC,20.25,19.766666666666666,19.704818650793648
0887-WBJVH,93.45,95.23333333333333,94.92449642857142
8840-DQLGN,100.5,100.55,98.86457857142855
8413-VONUO,95.65,94.6,94.8752952922078
9281-PKKZE,43.95,44.583333333333336,45.00717777777777
5186-PEIZU,19.25,20.1,20.179680555555553
6339-YPSAH,73.8,73.4,74.5857107142857
2324-EFHVG,104.4,103.42500000000001,104.55171388888888
1918-ZBFQJ,79.25,79.075,79.50261666666663
6968-GMKPR,81.55,79.98333333333333,80.11752499999997
3062-ICYZQ,93.8,94.275,94.50481033549784
2233-FAGXV,24.3,25.35,25.34475674603175
6017-PPLPX,70.45,70.275,70.05735476190473
1982-FEBTD,25.6,24.475,25.00871031746033
9705-IOVQQ,99.0,100.5,100.01546250000003
6288-CHQJB,69.95,70.83333333333333,69.99761904761908
3315-TOTBP,76.0,74.17500000000001,74.27069186507934
6096-EGVTU,24.9,25.53333333333333,24.90212997835496
2937-FTHUR,64.8,65.975,65.67772083333334
4062-HBMOS,103.05,103.68333333333332,104.06168214285714
2387-KDZQY,20.1,20.0,20.039324007936504
4609-KNNWG,19.9,20.25,19.975023809523808
0409-WTMPL,110.65,108.775,109.13956388888886
3766-EJLFL,109.05,109.5,109.77143591269842
4232-JGKIY,19.2,20.150000000000002,20.119652398989892
0334-ZFJSR,66.05,64.4,64.88181964285712
6582-OIVSP,45.3,44.88,44.851755339105345
8661-BOYNW,84.4,84.7,84.92004404761909
4257-GAESD,45.0,45.20000000000001,45.199484325396824
8785-CJSHH,99.8,101.07499999999999,100.54952123015873
5469-CTCWN,106.0,104.08333333333333,105.02392936507938
2839-RFSQE,20.65,19.85,19.914216079078873
4890-VMUAV,71.5,69.07499999999999,68.84989285714285
3365-SAIGS,83.55,83.375,85.04630119047619
0946-CLJTI,98.7,100.66666666666667,100.2829900793651
3920-HIHMQ,49.5,49.45,49.8009244047619
5307-UVGNB,48.7,44.575,45.51769761904761
8780-RSYYU,19.2,20.083333333333332,19.983550000000008
0742-NXBGR,82.3,79.075,79.4784083333333
8067-NIOYM,21.1,20.083333333333332,20.08013571428571
5916-QEWPT,69.0,68.875,70.74961901154398
1029-QFBEN,19.55,20.04,20.04734318467857
9251-WNSOD,75.1,72.78333333333332,73.5644373015873
6576-FBXOJ,54.6,55.875,55.20936071428572
2501-XWWTZ,70.2,70.075,69.78339702380954
6080-LNESI,24.75,24.8,24.822289880952376
7245-NIIWQ,69.85,70.23333333333333,70.12571154401157
6567-HOOPW,79.2,79.56428571428572,79.94883064574312
4550-EVXNY,69.65,71.025,70.38043270391887
6437-UDQJM,84.1,83.55000000000001,84.22917008547009
0297-RBCSG,65.35,65.63333333333334,65.4285865079365
2097-YVPKN,25.75,24.96666666666667,25.203287698412694
0853-NWIFK,100.3,99.46666666666665,99.82822976190474
4853-OITSN,89.15,88.55,89.28014781746027
6128-DAFVY,44.85,44.583333333333336,45.165003968253956
1197-BVMVG,74.45,74.625,75.02520833333334
7508-DQAKK,86.4,89.84999999999998,89.84190952380953
9938-PRCVK,19.7,19.575000000000003,19.66016845238095
0289-IVARM,60.55,61.4,60.913714285714285
8260-NGFNY,25.2,25.275,25.14846233766234
7074-IEVOJ,79.4,79.25,79.92081130952378
6614-YWYSC,25.0,25.599999999999998,25.056886187423675
8473-VUVJN,73.65,75.33,75.0154206807082
6693-DJWTY,55.6,53.925,55.43529761904762
3655-SNQYZ,113.25,114.05,114.47724404761904
2845-KDHVX,68.3,64.0,68.23019285714285
5027-YOCXN,110.05,108.6875,108.85475099206349
8884-MRNSU,19.9,19.925,20.007349801587296
0567-XRHCU,43.95,42.974999999999994,45.65613928571428
5868-CZJDR,31.35,30.05,30.010083730158737
4223-BKEOR,64.85,64.81666666666666,64.85125416666666
6035-RIIOM,97.2,98.18333333333334,99.26986428571428
3797-VTIDR,23.45,24.65,24.754485064935064
2568-BRGYX,70.2,70.0,69.89381130952381
2775-SEFEE,61.9,65.975,64.62365317460316
4291-SHSBH,69.55,69.16666666666666,69.55667321428568
4635-EJYPD,18.95,20.625,20.221763293650792
2607-DHDAK,19.8,19.549999999999997,19.846772619047616
5204-QZXPU,39.65,39.15,39.80686309523808
0221-NAUXK,19.95,19.35,19.91795892857143
3398-ZOUAA,69.1,70.23333333333333,70.35645476190476
1768-HNVGJ,70.05,72.2,71.62549523809521
5917-RYRMG,19.8,20.1,20.12106764069264
3858-XHYJO,105.75,104.17500000000001,104.72410416666673
4837-PZTIC,41.9,41.7,40.482808730158716
2773-MADBQ,53.1,44.78333333333334,49.569162698412704
1090-PYKCI,105.1,106.1,104.08194583333334
9479-HYNYL,80.7,79.06666666666668,78.97150833333336
4565-NLZBV,24.65,24.025,24.774653571428576
8318-LCNBW,53.15,54.95,54.66935714285714
9261-WDCAF,54.65,55.333333333333336,55.69231125541124
4909-JOUPP,109.7,109.85000000000001,110.02590515873015
1951-IEYXM,90.6,90.71666666666665,90.62599785353534
4227-OJHAL,73.0,70.75,74.67001547619049
1708-PBBOA,54.75,44.78333333333334,48.7282626984127
8746-BFOAJ,20.5,20.325,20.171541865079362
4145-UQXUQ,92.1,94.63333333333333,94.78357003968249
9518-XXBXE,75.3,75.19999999999999,74.89391468253969
9558-IHEZX,106.75,111.5,110.11822700216452
1707-HABPF,91.3,90.90000000000002,91.01393392857136
9643-AVVWI,80.0,79.57499999999999,79.80353412698409
3398-FSHON,91.3,90.41250000000001,89.59721612554118
9139-TWBAS,47.85,48.2,45.115170833333316
0929-HYQEW,50.15,50.925,50.6893517857143
0487-CRLZF,74.45,74.25,76.05920476190475
0454-OKRCT,80.6,80.16666666666667,80.25514464285708
2347-WKKAE,94.4,94.6,93.33453095238092
6663-JOCQO,75.25,76.0,73.16704642857141
1297-VQDRP,107.15,102.1,104.4647964285714
4868-AADLV,116.25,117.58333333333333,115.88232499999998
0788-DXBFY,19.55,20.6,20.243635714285713
5845-BZZIB,20.1,19.8,19.90014742063491
7310-EGVHZ,20.2,20.175,20.176026983583796
4826-TZEVA,74.8,73.9,74.6438369047619
4080-IIARD,76.2,75.45,70.28857440476192
7672-VFMXZ,55.7,53.900000000000006,54.614229166666654
9940-RHLFB,75.3,75.675,75.14280595238095
9117-SHLZX,45.7,45.22857142857142,45.252427985903005
7253-UVNDW,54.35,54.650000000000006,54.78332624458871
9898-KZQDZ,94.55,95.39999999999999,95.25093452380953
8559-CIZFV,77.5,73.78333333333333,72.88777500000002
2506-CLAKW,98.15,101.86666666666667,97.84736726190472
8591-TKMZH,111.1,108.6875,108.74008026695526
4925-LMHOK,58.6,60.35,59.596796428571444
4971-PUYQO,94.55,95.875,94.78538452380951
0186-CAERR,116.3,117.58333333333333,116.91527083333334
6233-HXJMX,89.3,90.275,90.26596071428577
9367-OIUXP,20.7,19.2875,19.378090025252526
4588-YBNIB,19.6,19.81875,19.86538919483295
6467-CHFZW,99.35,98.53333333333335,99.45824999999999
8148-BPLZQ,49.8,49.2,50.1292845238095
0557-ASKVU,54.4,55.225,54.75333517316014
3354-OADJP,54.25,54.325,54.986093452380935
2259-OUUSZ,35.5,36.0,35.299659523809524
4919-IKATY,84.5,84.7,84.41832499999997
4328-VUFWD,59.3,60.025000000000006,63.093754365079384
8681-ICONS,20.65,20.183333333333334,19.723317857142856
2232-DMLXU,55.2,54.425,54.520603571428566
6447-GORXK,25.0,25.383333333333336,25.298171428571433
1777-JYQPJ,24.3,24.96666666666667,24.543670833333337
6685-GBWJZ,70.8,70.6,70.1467880952381
3955-JBZZM,78.8,79.57499999999999,79.87871309523808
5197-LQXXH,83.3,84.5,84.55659642857142
5993-JSUWV,61.15,61.4,60.78688273809526
2219-MVUSO,45.15,43.96666666666667,44.21337619047621
3158-MOERK,96.0,94.81666666666666,94.66537341269839
3594-KADLU,35.1,35.699999999999996,34.770908333333324
0932-YIXYU,20.25,20.383333333333333,19.990386309523814
8348-HFYIV,49.25,50.050000000000004,49.53401746031747
8687-BAFGU,74.0,75.8,75.78536269841267
7353-YOWFP,20.25,19.475,19.935972420634922
6837-HAEVO,105.0,105.325,104.96459603174603
6734-GMPVK,105.3,106.66666666666667,106.43538333333332
7602-DBTOU,19.6,19.475,19.828624206349208
9894-EZEWG,74.3,74.375,74.90371666666668
1670-SVOWZ,89.65,89.19999999999999,88.12635357142855
9142-XMYJH,19.35,18.825,19.714624999999998
5893-PYOLZ,81.8,79.06666666666668,78.80415833333335
3319-DWOEP,95.75,94.9,94.95317559523808
9514-JDSKI,40.2,39.1,39.60913452380952
7432-FFVAR,90.95,88.625,91.85225238095238
4329-YPDDQ,108.2,109.64999999999999,109.61922261904762
2860-RANUS,85.8,85.14999999999999,84.27418293650791
8696-JKZNU,76.25,74.33333333333333,74.84409285714285
1089-XZWHH,19.7,20.1,19.805420238095238
4831-EOBFE,94.65,94.32499999999999,94.62955376984131
4423-YLHDV,104.4,103.35000000000001,103.77575654761912
5449-FIBXJ,103.3,103.4,103.89331964285714
8144-DGHXP,80.6,80.64999999999999,80.36961666666666
6598-RFFVI,19.3,19.425,19.989031077256083
3096-JRDSO,104.3,104.36666666666667,104.57588134920637
5862-BRIXZ,60.75,62.199999999999996,60.83872678571428
1057-FOGLZ,19.65,19.433333333333334,19.699646572871572
9371-BITHB,19.85,20.424999999999997,20.216115674603177
4580-TMHJU,56.15,55.825,57.863310714285724
0178-CIIKR,19.95,19.78,19.803907296176043
9348-YVOMK,44.8,45.75,45.10518928571429
8417-FMLZI,83.55,83.875,84.8695599206349
6851-WEFYX,100.8,100.0125,99.91780972222224
8181-YHCMF,60.3,60.325,59.3847011904762
7548-SEPYI,96.25,95.16666666666667,95.0942613095238
0374-IOEGQ,44.6,44.325,44.6918017857143
0581-BXBUB,72.75,73.98333333333333,74.85280178571432
9350-ZXYJC,25.3,26.049999999999997,25.390295238095245
8642-GVWRF,79.7,80.3,80.30871190476188
2931-SVLTV,110.1,108.6875,108.67341527777779
5183-SNMJQ,95.1,95.17500000000001,95.41055833333334
7278-CKDNC,80.5,79.48333333333333,80.32288134920636
8024-XNAFQ,107.4,101.86666666666667,102.69797500000006
5480-TBGPH,99.3,100.63333333333333,100.03221607142858
7301-ABVAD,86.6,85.7,84.90682857142858
4678-DVQEO,52.2,50.349999999999994,49.93970476190477
9415-DPEWS,88.35,89.425,89.8071944444444
3748-FVMZZ,40.05,40.475,42.87422023809525
5281-BUZGT,90.85,89.875,90.06043392857141
5879-SESNB,75.25,76.55,75.20346785714284
1820-TQVEV,69.55,69.73333333333332,69.80175819831102
9003-CPATH,79.9,81.13333333333333,80.91371277056274
1268-ASBGA,85.35,85.14999999999999,84.77538452380952
6655-LHBYW,114.35,112.51666666666667,115.07762083333337
9227-LUNBG,24.6,25.25,25.089994805194806
9418-RUKPH,19.95,19.700000000000003,19.81604900793651
0537-QYZZN,79.85,78.5,79.64408809523809
8734-FNWVH,59.7,62.55,63.4670511904762
4801-KFYKL,19.45,19.35,19.976270634920635
8327-LZKAS,107.55,105.475,105.31444722222221
4188-PCPIG,70.35,70.6,69.3657970238095
1843-TLSGD,20.85,20.0,19.59618611111111
6906-MPARY,89.6,89.19999999999999,91.01265357142859
6082-OQFBA,19.65,20.0,19.929576785714275
3544-FBCAS,83.6,83.55000000000001,84.20092802197802
8034-RYTVV,84.25,84.51666666666667,84.61469107142857
7130-YXBRO,111.45,108.725,109.62752063492064
1157-BQCUW,74.95,74.9125,75.00404647435899
9445-SZLCH,97.35,93.375,93.92650119047623
1399-UBQIU,69.35,70.025,70.40097734487733
4912-PIGUY,84.6,84.39999999999999,84.95270833333329
1323-OOEPC,98.4,101.7,100.6378579365079
3181-VTHOE,51.05,55.925,50.358385317460325
8272-ONJLV,95.7,96.825,96.18044047619046
3647-GMGDH,94.7,96.16666666666667,95.93882123015872
1303-SRDOK,69.05,69.75,69.81338035714286
7361-YPXFS,64.45,60.86666666666667,61.15078154761903
3359-DSRKA,19.85,19.525,20.20353591269842
6746-WAUWT,19.7,20.666666666666668,20.170343668831165
4659-NZRUF,95.15,95.925,94.30247878787877
9518-IMLHK,72.45,74.475,74.78106964285716
3374-LXDEV,89.4,91.475,88.67702976190476
5356-RHIPP,20.2,19.900000000000002,19.911096427615643
1122-JWTJW,70.65,69.21666666666667,69.77994285714284
0650-BWOZN,73.55,75.575,74.64192261904765
5546-QUERU,19.95,19.799999999999997,19.74913035714286
8610-ZIKJJ,20.3,20.0,20.026793650793643
8590-YFFQO,64.95,64.48333333333333,65.03187619047618
2428-HYUNX,19.35,20.03333333333333,20.021620634920634
7219-TLZHO,20.85,19.916666666666668,19.896085637973144
2649-HWLYB,76.15,74.475,74.55354285714284
8065-QBYTO,99.65,100.55,98.88141607142857
8259-DZLIZ,53.85,54.175,55.83435833333334
3348-CFRNX,92.35,94.675,94.86090972222225
8245-UMPYT,96.4,95.975,95.1015767857143
1555-DJEQW,114.2,114.05,114.00517380952373
7776-QGYJC,81.5,78.7,80.57878928571428
2828-SLQPF,45.0,45.43333333333334,45.12248611111111
3170-GWYKC,104.95,105.01666666666667,105.18448809523811
1710-RCXUS,90.35,91.175,90.50089166666666
2673-CXQEU,110.5,108.03333333333335,109.02024583333336
3838-OZURD,105.0,103.525,103.94900178571429
4859-ZSRDZ,55.5,54.349999999999994,53.85932658730158
5795-BKOYE,59.1,60.86666666666667,60.81737956349205
2851-MMUTZ,56.15,53.81666666666666,54.13137023809525
9752-ZNQUT,48.6,50.0,50.07316746031747
6972-SNKKW,20.0,20.099999999999998,20.029976190476184
1329-VHWNP,25.05,24.35,24.798655952380955
3999-QGRJH,69.7,70.17500000000001,69.84147579365074
3466-BYAVD,69.5,64.55000000000001,66.0535779761905
4568-TTZRT,20.4,20.05,19.982822222222218
4672-FOTSD,67.25,64.325,64.39465079365077
8851-RAGOV,71.05,70.74999999999999,69.75429365079366
0256-LTHVJ,81.05,80.5,80.26516181318685
5278-PNYOX,100.65,99.125,99.63131309523811
3132-TVFDZ,44.85,44.583333333333336,45.0995369047619
6924-TDGMT,20.55,19.866666666666667,19.851640674603164
2824-MYYBN,95.25,96.525,95.93769761904761
4289-DTDKW,101.3,101.33333333333333,100.74029166666669
0017-DINOC,45.2,44.166666666666664,44.59875357142856
4536-PLEQY,85.05,83.875,84.82780992063488
6402-EJMWF,55.3,54.875,55.57910173160173
1442-OKRJE,103.15,105.45,104.70987738095243
1459-QNFQT,59.5,60.475,60.37673928571425
6996-KNSML,74.9,75.675,75.35734999999998
2239-JALAW,103.25,103.42500000000001,104.24564960317457
3452-ABWRL,86.05,85.85000000000001,85.27672083333334
9231-ZJYAM,78.85,80.0,80.07437619047613
7153-CHRBV,59.3,60.3,59.09971071428575
6833-JMZYP,94.0,96.425,96.04390158730152
5666-CYCYZ,89.55,89.725,88.78620119047619
4425-OWHWB,19.35,20.666666666666668,19.99597781385281
1543-LLLFT,98.3,98.75,97.50245059523812
6581-NQCBA,49.95,51.125,52.74530238095238
8152-VETUR,97.7,99.525,100.11255952380952
9796-MVYXX,39.7,41.7,40.35273849206349
2842-JTCCU,46.05,45.75,45.134111111111096
0595-ITUDF,91.8,92.6,90.35798452380952
0219-QAERP,19.8,20.183333333333334,20.086861904761907
8226-BXGES,89.45,90.075,90.45216607142855
3090-HAWSU,111.6,109.225,109.46277857142863
1136-XGEQU,84.15,85.175,84.60193214285711
6732-FZUGP,94.9,95.45,93.54079285714286
3401-URHDA,59.9,60.56666666666666,60.56998869047617
0365-TRTPY,91.2,91.225,91.07780238095239
4654-DLAMQ,97.0,93.9,96.01436666666665
8847-GEOOQ,60.2,58.7,59.286046428571424
3030-ZKIWL,20.05,20.04,20.04734318467857
6727-IOTLZ,81.95,79.06666666666668,79.0600567460317
6960-HVYXR,76.0,76.125,75.41593511904762
0378-NHQXU,88.25,88.88333333333333,90.00904047619053
0565-JUPYD,104.5,104.25,104.42766130952381
4625-XMOYM,26.25,24.625,24.169341468253975
7663-ZTEGJ,100.55,98.93333333333334,96.15708611111106
1402-PTHGN,61.5,57.275,58.55226071428572
7657-DYEPJ,70.15,70.4,70.3287458333333
3523-BRGUW,19.3,19.666666666666668,19.956257341269847
0100-DUVFC,104.8,104.58333333333333,104.8089267857143
2026-TGDHM,79.3,79.85000000000001,79.95061150793646
9746-UGFAC,20.85,20.575,20.094755699855703
1042-HFUCW,54.75,53.81666666666666,54.35662916666667
1153-GNOLC,39.1,39.516666666666666,40.66446230158731
0576-WNXXC,95.55,94.7,94.58251190476189
6906-ANDWJ,74.9,74.95,74.51839087301587
1022-RKXDR,24.85,24.225,24.748692460317454
7123-WQUHX,95.0,93.625,94.22411369047619
5857-TYBCJ,89.2,91.025,90.48067440476183
7729-XBTWX,19.75,20.35,20.264145238095242
3978-YNKDD,20.85,19.925,19.939180555555552
9170-CCKOU,90.2,90.075,90.54666904761899
1475-VWVDO,74.9,73.4,74.44284166666662
7108-DGVUU,71.7,67.125,66.39821309523809
2533-QVMSK,94.1,93.61666666666666,93.88457202380954
7339-POGZN,50.7,50.4,50.01556309523809
6848-YLDFR,75.2,74.55,75.61995595238095
2898-LSJGD,55.95,54.95,53.901864285714275
3507-GASNP,19.95,20.700000000000003,20.230178373015878
7799-LGRDP,25.7,25.525,25.011769047619055
5373-SFODM,85.25,84.2875,84.58264206349205
7733-UDMTP,55.0,54.95,54.220485714285694
2801-NISEI,54.95,54.55,54.484000595238086
4378-MYPGO,105.25,104.3,104.35780000000003
0129-KPTWJ,94.65,93.475,94.46792916666668
0373-AIVNJ,39.55,39.166666666666664,39.351046428571436
8414-OOEEL,79.5,81.35,78.61659166666668
8541-QVFKM,73.5,75.16666666666667,75.1145
2931-XIQBR,103.05,98.53333333333335,99.00221428571427
5652-MSDEY,75.75,74.725,74.6182636904762
2586-CWXVV,30.4,30.099999999999998,30.0385869047619
8058-INTPH,79.65,79.56428571428572,79.89074374098122
2798-NYLMZ,108.55,111.46666666666665,110.77541666666664
0880-TKATG,101.15,101.25,100.80481904761908
9342-VNIMQ,54.65,54.78333333333333,55.219665476190464
7779-LGOVN,86.65,84.10000000000001,84.75923511904763
2192-CKRLV,49.2,44.575,47.23057202380953
6982-UQZLY,20.85,20.53333333333333,20.11852166860915
8441-SHIPE,25.6,25.125,25.239950000000007
8212-CRQXP,80.0,81.45,79.7968035714286
3009-JWMPU,96.75,99.7,100.001164484127
0623-IIHUG,41.9,40.083333333333336,39.1762619047619
2632-IVXVF,111.75,109.5,109.56736091269842
0655-RBDUG,98.05,100.075,100.61536309523812
1867-TJHTS,79.8,80.875,80.45020059523812
0027-KWYKW,83.75,84.98333333333333,84.96211428571429
1131-QQZEB,23.95,24.850000000000005,24.88319166666666
5651-CRHKQ,86.2,85.94999999999999,86.2350466269841
1371-DWPAZ,56.05,54.925,53.293283928571434
1194-BHJYC,62.15,62.199999999999996,61.13176428571427
0572-ZJKLT,99.65,99.63333333333333,97.45303333333331
2928-HLDBA,20.7,20.099999999999998,20.029976190476184
2645-QTLMB,94.25,94.6,94.83831195887446
0491-KAPQG,73.7,74.975,74.75290416666661
3793-MMFUH,95.05,95.975,95.19637500000006
0578-SKVMF,83.3,83.875,84.68790396825396
1025-FALIX,69.05,70.475,70.14614761904762
7880-XSOJX,42.4,40.43333333333333,39.4600650793651
5799-JRCZO,19.5,19.65,19.924798809523807
0495-ZBNGW,79.9,80.55,80.33956904761902
9970-QBCDA,19.7,20.283333333333335,20.004589484126974
7271-AJDTL,94.45,96.01666666666667,95.96845595238094
7833-PKIHD,76.4,74.95,74.77554583333333
5791-KAJFD,68.75,72.15,69.94423630952382
8499-BRXTD,20.1,19.95,19.65348531746032
0853-TWRVK,105.6,101.86666666666667,103.20049404761907
4456-RHSNB,49.6,50.31666666666666,50.263214285714284
9809-IMGCQ,96.7,95.275,94.6890136904762
2073-QBVBI,35.45,35.15,35.79721904761905
1257-SXUXQ,19.45,19.466666666666665,19.785409325396827
6169-PGNCD,74.3,77.125,75.52603373015873
2692-BUCFV,101.45,98.76666666666667,99.99580357142858
1644-IRKSF,93.8,96.675,95.8520791666667
1304-SEGFY,97.85,103.32499999999999,100.76966666666667
9777-WJJPR,88.65,90.125,90.30643095238096
5732-IKGQH,104.45,104.0,104.32164523809526
1757-TCATG,20.05,20.375,20.092777777777773
8314-HTWVE,19.85,20.65,20.045658928571424
2087-QAREY,54.7,54.224999999999994,55.33762559523811
4229-CZMLL,74.9,75.83333333333333,75.38548948412699
4940-KHCWD,37.7,40.800000000000004,39.953939880952376
1834-WULEG,20.25,19.799999999999997,19.96008749999999
6360-SVNWV,73.55,74.6,74.73159206349204
5226-NOZFC,85.75,86.19999999999999,85.52315833333336
1062-LHZOD,69.9,69.21666666666667,69.77994285714284
1106-HRLKZ,19.6,20.025,19.861412500000004
7094-MSZAO,20.05,20.225,20.173434294871797
0613-WUXUM,19.2,19.325,20.017782142857147
8806-EAGWC,55.15,53.86666666666667,54.193704761904755
6769-DYBQN,85.0,86.4,86.81396071428576
2408-TZMJL,110.15,110.44999999999999,109.21116706349203
1996-DBMUS,70.65,70.75,70.99893452380951
6323-AYBRX,19.35,20.700000000000003,20.314444642857147
1432-FPAXX,30.6,31.075000000000003,30.558652380952378
4160-AMJTL,19.65,20.35,19.86213035714285
3352-RICWQ,19.75,20.25,19.999621825396822
2680-XKKNJ,58.2,59.95,59.679475000000004
8182-BJDSI,89.95,89.05000000000001,89.53122916666665
1389-WNUIB,76.0,75.14999999999999,75.49243888888886
4612-THJBS,104.75,106.2,105.67538313492072
1530-ZTDOZ,40.65,40.083333333333336,41.58969682539682
5842-POCOP,88.9,90.16666666666667,90.36773630952379
9492-TOKRI,90.0,88.65,90.00892564935064
0795-LAFGP,90.4,90.15,89.90497797619044
0611-DFXKO,89.0,90.36666666666667,90.06194801587304
8035-BUYVG,42.35,39.166666666666664,39.270250000000004
6620-JDYNW,60.6,59.3,58.34521309523811
8590-OHDIW,20.3,19.875,19.83365357142857
5897-ZYEKH,105.6,104.08333333333333,104.57846562049062
5084-OOVCJ,55.35,56.166666666666664,55.7025023809524
1740-CSDJP,35.25,35.46666666666666,35.43026845238096
2696-RZVZW,25.05,25.225,25.240938492063492
9450-TRJUU,83.15,85.9,85.15460952380947
4581-SSPWD,75.8,75.29166666666667,75.33210059523807
4813-HQMGZ,90.25,88.5,88.72193035714288
4903-CNOZC,70.9,64.175,67.42977222222224
0822-GAVAP,34.7,35.46666666666666,35.36412976190477
3055-OYMSE,73.8,73.9,74.48504285714283
