cliente,real,adaboost,lightgbm
0975-UYDTX,0,0,0
NEW-12737,0,0,0
NEW-13638,0,0,0
9971-ZWPBF,0,0,0
9274-UARKJ,0,0,1
1024-VRZHF,1,0,1
NEW-11847,0,0,0
NEW-13719,0,0,0
NEW-13575,0,0,0
8671-KKKOS,0,0,0
1488-SYSFC,0,0,0
6543-XRMYR,1,0,1
4629-NRXKX,1,0,0
NEW-11638,0,0,0
NEW-10323,0,0,0
7544-ZVIKX,0,0,0
0756-MPZRL,0,0,0
5202-IVJNU,1,0,0
5356-CSVSQ,0,0,0
NEW-13778,0,0,0
NEW-14132,0,0,0
8919-FYFQZ,1,0,0
5057-LCOUI,1,0,0
0428-AXXLJ,0,0,0
NEW-09575,0,0,0
NEW-12209,0,0,0
NEW-11589,0,0,0
5337-IIWKZ,0,0,0
5198-HQAEN,0,0,0
NEW-09438,0,0,0
NEW-09772,0,0,0
1345-ZUKID,0,0,0
NEW-12300,0,0,0
5393-HJZSM,0,0,0
NEW-07666,0,0,0
NEW-08472,0,0,0
NEW-09196,0,0,0
5542-TBBWB,0,0,0
3074-GQWYX,1,0,1
5520-FVEWJ,1,0,1
2484-DGXPZ,1,0,0
NEW-09537,0,0,0
NEW-08591,0,0,0
NEW-08953,0,0,0
NEW-13545,0,0,0
0390-DCFDQ,1,0,0
NEW-09181,0,0,0
NEW-09123,0,0,0
1320-GVNHT,0,0,0
2887-JPYLU,0,0,0
5334-JLAXU,0,0,0
4183-MYFRB,0,0,0
NEW-12950,0,0,0
1298-PHBTI,0,0,0
NEW-08761,0,0,0
NEW-07541,0,0,0
NEW-12688,0,0,0
NEW-08841,0,0,0
NEW-08251,0,0,0
NEW-10344,0,0,0
8917-SZTTJ,0,0,0
NEW-14075,0,0,0
1104-TNLZA,0,0,1
8835-VSDSE,1,0,0
NEW-11719,0,0,0
4531-AUZNK,0,0,0
3144-KMTWZ,0,0,0
NEW-08606,0,0,0
0621-TSSMU,0,0,0
NEW-10331,0,0,0
NEW-13027,0,0,0
NEW-13021,0,0,0
NEW-13277,0,0,0
7531-GQHME,0,0,0
6635-CPNUN,0,0,0
7129-AZJDE,0,0,0
1740-CSDJP,1,0,0
4351-QLCSU,1,0,0
0235-KGSLC,1,0,0
NEW-10108,0,0,0
3162-ZJZFU,0,0,0
1972-XMUWV,0,0,0
5067-WJEUN,0,0,0
6625-IUTTT,0,0,0
NEW-13500,0,0,0
8773-HHUOZ,1,0,0
NEW-10586,0,0,0
NEW-13376,0,0,0
NEW-11053,0,0,0
NEW-12886,0,0,0
NEW-07303,0,0,0
7504-UWHNB,0,0,0
7450-NWRTR,1,0,1
NEW-08814,0,0,0
NEW-11833,0,0,0
NEW-10816,0,0,0
NEW-13149,0,0,0
NEW-09262,0,0,0
NEW-08640,0,0,0
NEW-13353,0,0,0
0899-LIIBW,0,0,0
4234-XTNEA,0,0,1
NEW-12220,0,0,0
NEW-10382,0,0,0
3197-ARFOY,0,0,1
5527-ACHSO,0,0,0
2514-GINMM,1,0,0
NEW-07604,0,0,0
9591-YVTEB,0,0,1
NEW-13068,0,0,0
NEW-10836,0,0,0
4671-LXRDQ,1,0,0
NEW-08836,0,0,0
NEW-11791,0,0,0
NEW-08360,0,0,0
7072-MBHEV,0,0,0
5924-SNGKP,0,0,0
NEW-07218,0,0,0
NEW-12006,0,0,0
3785-KTYSH,0,0,0
1915-OAKWD,0,0,0
0018-NYROU,0,0,0
1023-BQXZE,0,0,0
NEW-13838,0,0,0
NEW-08794,0,0,0
NEW-13688,0,0,0
3797-VTIDR,1,0,0
3620-EHIMZ,0,0,0
8421-WZOOW,0,0,0
6754-LZUKA,0,0,0
NEW-08637,0,0,0
NEW-09553,0,0,0
NEW-07445,0,0,0
3400-ESFUW,1,0,0
NEW-10997,0,0,0
5261-QSHQM,1,0,1
NEW-10901,0,0,0
4238-JSSWH,0,0,1
3588-WSTTJ,0,0,1
9578-VRMNM,1,0,0
NEW-12196,0,0,0
NEW-12398,0,0,0
1015-OWJKI,0,0,0
NEW-07435,0,0,0
7762-URZQH,1,0,0
NEW-07121,0,0,0
3916-NRPAP,0,0,0
NEW-09228,0,0,0
NEW-13805,0,0,0
NEW-08418,0,0,0
2446-BEGGB,1,0,1
2082-CEFLT,1,0,0
5622-UEJFI,0,0,0
NEW-09414,0,0,0
9560-BBZXK,0,0,0
NEW-10859,0,0,0
NEW-11132,0,0,0
NEW-08499,0,0,0
7136-IHZJA,0,0,0
NEW-09538,0,0,0
NEW-08479,0,0,0
4189-NAKJS,0,0,0
2770-NSVDG,0,0,0
NEW-13681,0,0,0
NEW-12990,0,0,0
NEW-10195,0,0,0
NEW-12628,0,0,0
7967-HYCDE,0,0,0
6116-RFVHN,0,0,1
3058-HJCUY,1,0,0
0114-IGABW,0,0,0
5151-HQRDG,0,0,0
7524-VRLPL,0,0,0
1866-NXPSP,0,0,0
NEW-07901,0,0,0
9803-FTJCG,0,0,0
NEW-08229,0,0,0
0596-BQCEQ,1,0,0
3211-AAPKX,0,0,0
NEW-09733,0,0,0
1409-PHXTF,0,0,0
NEW-08436,0,0,0
8259-DZLIZ,0,0,0
9402-ROUMJ,0,0,0
7353-YOWFP,0,0,0
5555-RNPGT,0,0,0
2692-AQCPF,0,0,0
NEW-13916,0,0,0
NEW-12116,0,0,0
NEW-07496,0,0,0
4504-YOULA,0,0,0
NEW-09486,0,0,0
8331-ZXFOE,0,0,0
5208-FVQKB,0,0,0
NEW-10537,0,0,0
NEW-13639,0,0,0
NEW-13801,0,0,0
NEW-09923,0,0,1
6713-OKOMC,0,0,0
NEW-13860,0,0,0
NEW-13177,0,0,0
7434-SHXLS,1,0,0
NEW-10486,0,0,0
NEW-13429,0,0,0
NEW-13184,0,0,0
NEW-10898,0,0,0
7312-XSBAT,0,0,0
6559-ILWKJ,1,0,0
NEW-12271,0,0,0
2615-YVMYX,0,0,1
3148-AOIQT,0,0,0
NEW-13433,0,0,0
NEW-09826,0,0,0
NEW-09950,0,0,0
6128-CZOMY,1,0,0
NEW-07894,0,0,0
4210-QFJMF,1,0,1
NEW-08775,0,0,0
NEW-09364,0,0,0
9388-ZEYVT,0,0,0
7377-DMMRI,1,0,1
NEW-12253,0,0,0
9033-EOXWV,1,0,0
8058-DMYRU,0,0,1
NEW-09457,0,0,0
NEW-13766,0,0,0
NEW-11723,0,0,0
7695-PKLCZ,0,0,0
3556-BVQGL,0,0,0
6292-TOSSS,0,0,0
NEW-12416,0,0,0
NEW-13679,0,0,0
NEW-09943,0,0,0
8436-BJUMM,1,0,0
NEW-07380,0,0,0
6349-JDHQP,0,0,0
9253-QXKBE,1,0,1
5318-YKDPV,0,0,0
3930-ZGWVE,0,0,0
NEW-12031,0,0,0
NEW-07128,0,0,0
3348-CFRNX,1,0,0
NEW-14034,0,0,0
NEW-09520,0,0,0
8178-EYZUO,1,0,0
NEW-09973,0,0,0
3158-MOERK,1,0,1
NEW-11963,0,0,0
NEW-10100,0,0,0
2812-SFXMJ,0,0,0
NEW-09604,0,0,0
NEW-08535,0,0,0
NEW-13239,0,0,0
3936-QQFLL,0,0,0
2696-NARTR,1,0,0
7690-KPNCU,0,0,0
NEW-09003,0,0,0
NEW-08514,0,0,0
NEW-12051,0,0,0
NEW-10425,0,0,0
5680-LQOGP,0,0,0
NEW-08006,0,0,0
0853-NWIFK,0,0,0
NEW-12231,0,0,0
1545-ACTAS,0,0,0
6647-ZEDXT,0,0,0
4625-EWPTF,1,0,1
NEW-10875,0,0,0
9359-JANWS,0,0,0
NEW-10812,0,0,0
1363-TXLSL,1,0,0
NEW-12303,0,0,0
3249-VHRIP,0,0,0
4081-DYXAV,1,0,0
NEW-09343,0,0,0
2452-MRMZF,0,0,0
NEW-11193,0,0,0
NEW-11410,0,0,0
NEW-10784,0,0,0
2139-FQHLM,0,0,0
0956-SYCWG,0,0,0
NEW-09289,0,0,0
NEW-09182,0,0,0
2959-FENLU,0,0,1
6485-QXWWE,0,0,0
NEW-13909,0,0,0
5357-TZHPP,1,0,1
NEW-08354,0,0,0
3677-TNKIO,1,0,0
NEW-11697,0,0,0
NEW-10003,0,0,0
9509-MPYOD,0,0,0
3571-DPYUH,0,0,0
1106-HRLKZ,0,0,0
5442-XSDCW,1,0,1
0637-YLETY,1,0,0
8348-JLBUG,0,0,0
NEW-09697,0,0,0
NEW-11537,0,0,0
NEW-14026,0,0,0
NEW-10659,0,0,0
NEW-07185,0,0,0
NEW-10834,0,0,0
NEW-10136,0,0,0
8931-GJJIQ,1,0,1
NEW-08126,0,0,0
NEW-11195,0,0,0
NEW-08339,0,0,0
NEW-11180,0,0,0
NEW-12030,0,0,0
1391-UBDAR,0,0,1
3452-ABWRL,0,0,1
0115-TFERT,1,0,0
3363-DTIVD,0,0,0
NEW-09361,0,0,0
3486-KHMLI,0,0,0
NEW-11743,0,0,0
NEW-12394,0,0,0
5730-DBDSI,0,0,0
9489-UTFKA,0,0,0
6543-CPZMK,1,0,0
NEW-07594,0,0,0
9258-CNWAC,0,0,0
4191-XOVOM,0,0,0
1449-XQEMT,1,0,0
NEW-08186,0,0,0
NEW-13331,0,0,0
NEW-10460,0,0,0
5575-TPIZQ,0,0,0
1303-SRDOK,0,0,0
NEW-12037,0,0,0
NEW-13745,0,0,0
8399-YNDCH,1,0,0
7774-OJSXI,1,0,0
1763-KUAAW,0,0,0
2722-VOJQL,1,0,0
NEW-08768,0,0,0
NEW-10115,0,0,0
NEW-13276,0,0,0
NEW-08764,0,0,0
0613-WUXUM,0,0,0
NEW-12055,0,0,0
NEW-13472,0,0,0
6581-NQCBA,1,0,1
8993-PHFWD,1,0,0
1926-QUZNN,0,0,0
2573-GYRUU,0,0,0
NEW-13193,0,0,0
5572-ZDXHY,1,0,0
3094-JOJAI,0,0,0
NEW-08987,0,0,0
8844-TONUD,1,0,1
NEW-08927,0,0,0
NEW-13418,0,0,0
NEW-11970,0,0,0
8739-QOTTN,0,0,0
NEW-09008,0,0,0
NEW-09658,0,0,0
5996-EBTKM,0,0,0
NEW-13410,0,0,0
NEW-12911,0,0,0
7167-PCEYD,0,0,0
NEW-11932,0,0,0
NEW-10811,0,0,0
NEW-11954,0,0,0
NEW-13298,0,0,0
NEW-14114,0,0,0
NEW-12401,0,0,0
7416-CKTEP,0,0,0
NEW-11182,0,0,0
NEW-12425,0,0,0
1469-LBJQJ,0,0,1
5220-AGAAX,0,0,0
NEW-13556,0,0,0
NEW-10431,0,0,0
7488-MXJIV,1,0,1
NEW-07216,0,0,0
2546-KZAAT,0,0,0
8627-EHGIP,1,0,0
NEW-08579,0,0,0
8069-YQQAJ,0,0,0
NEW-07877,0,0,0
NEW-08246,0,0,0
NEW-09049,0,0,0
4115-NZRKS,0,0,1
NEW-13644,0,0,0
NEW-08574,0,0,0
NEW-09685,0,0,0
NEW-12968,0,0,0
6022-UGGSO,1,0,0
4315-MURBD,1,0,1
NEW-12098,0,0,0
NEW-10536,0,0,0
NEW-09866,0,0,0
6810-VCAEX,0,0,0
9289-LBQVU,0,0,0
8180-AKMJV,0,0,0
NEW-08911,0,0,0
4749-VFKVB,1,0,0
NEW-08183,0,0,0
4193-ORFCL,1,0,0
5696-JVVQY,0,0,0
8779-YIQQA,0,0,0
5447-VYTKW,0,0,0
1848-LBZHY,0,0,0
0187-WZNAB,0,0,0
NEW-12818,0,0,0
NEW-10342,0,0,0
4646-QZXTF,0,0,0
NEW-13328,0,0,0
6921-OZMFH,0,0,0
NEW-13504,0,0,0
NEW-14017,0,0,0
8263-OKETD,0,0,0
NEW-11781,0,0,0
1545-JFUML,0,0,0
NEW-13633,0,0,0
NEW-11023,0,0,0
NEW-08751,0,0,0
8857-CUPFQ,0,0,0
NEW-09797,0,0,0
NEW-12186,0,0,0
3530-CRZSB,0,0,0
NEW-13317,0,0,0
NEW-10059,0,0,0
3470-OBUET,0,0,0
8628-MFKAX,0,0,0
NEW-09060,0,0,0
NEW-11919,0,0,0
NEW-10190,0,0,0
NEW-08042,0,0,0
6250-CGGUN,0,0,0
8409-WQJUX,0,0,0
NEW-11386,0,0,0
NEW-09856,0,0,0
3557-HTYWR,0,0,0
NEW-08513,0,0,0
NEW-11982,0,0,0
NEW-10502,0,0,0
6388-TABGU,0,0,0
0052-YNYOT,0,0,0
NEW-07615,0,0,0
0769-MURVM,0,0,0
NEW-13791,0,0,0
9489-JMTTN,0,0,0
NEW-11988,0,0,0
NEW-12693,0,0,0
NEW-13340,0,0,0
0148-DCDOS,1,0,1
3486-NPGST,0,0,0
NEW-12697,0,0,0
NEW-11778,0,0,0
NEW-12586,0,0,0
NEW-10546,0,0,0
6870-ZWMNX,0,0,0
6734-PSBAW,0,0,0
4929-ROART,0,0,0
3884-UEBXB,0,0,0
NEW-11641,0,0,0
NEW-12143,0,0,0
NEW-12075,0,0,0
NEW-12404,0,0,0
NEW-09054,0,0,0
NEW-10824,0,0,0
NEW-08038,0,0,0
NEW-07345,0,0,0
NEW-11205,0,0,0
NEW-09109,0,0,0
9223-UCPVT,1,0,0
NEW-07365,0,0,0
2732-ISEZX,0,0,0
NEW-12283,0,0,0
NEW-13975,0,0,0
6479-SZPLM,0,0,0
NEW-12523,0,0,0
6050-IJRHS,0,0,0
6322-HRPFA,0,0,0
9725-SCPZG,1,0,0
3884-HCSWG,1,0,0
NEW-13589,0,0,0
NEW-09843,0,0,0
NEW-08060,0,0,0
NEW-07824,0,0,0
NEW-08142,0,0,0
NEW-09396,0,0,0
NEW-08958,0,0,0
NEW-08529,0,0,0
NEW-07836,0,0,0
NEW-07734,0,0,0
3063-QFSZL,1,0,0
NEW-14009,0,0,0
8221-HVAYI,0,0,0
4450-DLLMH,0,0,1
NEW-07821,0,0,0
3363-EWLGO,0,0,0
5906-CVLHP,1,0,0
7205-BAIAD,0,0,0
NEW-12126,0,0,0
NEW-10233,0,0,0
5392-AKEMH,0,0,1
9888-ZCUMM,0,0,0
9617-INGJY,0,0,0
1309-BXVOQ,1,0,1
1024-KPRBB,0,0,0
NEW-07110,0,0,0
0487-CRLZF,0,0,0
NEW-12741,0,0,0
9248-OJYKK,1,0,0
NEW-13102,0,0,0
5177-RVZNU,0,0,0
4999-IEZLT,0,0,0
9451-LPGOO,1,0,1
NEW-11194,0,0,0
8822-KNBHV,0,0,0
5084-OOVCJ,0,0,0
9055-MOJJJ,0,0,0
NEW-12459,0,0,0
NEW-07765,0,0,0
NEW-09859,0,0,0
3696-XRIEN,0,0,0
4353-HYOJD,0,0,0
NEW-07092,0,0,0
7432-FFVAR,0,0,0
NEW-13071,0,0,0
NEW-13858,0,0,0
3683-QKIUE,1,0,0
NEW-12668,0,0,0
NEW-13682,0,0,0
NEW-09085,0,0,0
3045-XETSH,1,0,1
0057-QBUQH,0,0,0
5968-XQIVE,0,0,0
3398-GCPMU,0,0,0
6164-HXUGH,0,0,0
NEW-11304,0,0,0
NEW-09966,0,0,0
NEW-07676,0,0,0
4724-WXVWF,0,0,0
6067-NGCEU,0,0,0
7159-FVYPK,0,0,0
NEW-08020,0,0,0
6719-FGEDO,0,0,0
1084-UQCHV,1,0,0
NEW-10857,0,0,0
1272-ILHFG,0,0,0
NEW-07563,0,0,0
NEW-11896,0,0,0
NEW-08290,0,0,0
NEW-10373,0,0,0
0058-EVZWM,0,0,0
NEW-12108,0,0,0
4683-WYDOU,0,0,1
2249-YPRNG,1,0,1
NEW-07412,0,0,0
8603-IJWDN,1,0,0
NEW-08658,0,0,0
6333-YDVLT,0,0,0
7839-NUIAA,0,0,0
3799-ISUZQ,1,0,0
9496-IVVRP,0,0,0
NEW-13264,0,0,0
NEW-10604,0,0,0
5975-BAICR,0,0,0
NEW-07959,0,0,0
1264-FUHCX,0,0,0
9992-UJOEL,0,0,0
2105-PHWON,0,0,0
6770-XUAGN,1,0,0
3716-LRGXK,0,0,0
2987-BJXIK,0,0,0
NEW-11854,0,0,0
NEW-10378,0,0,0
1092-WPIVQ,0,0,0
NEW-08395,0,0,0
NEW-12908,0,0,0
NEW-09288,0,0,0
NEW-11037,0,0,0
NEW-08602,0,0,0
NEW-12906,0,0,0
NEW-12447,0,0,0
NEW-11775,0,0,0
3506-LCJDC,1,0,0
NEW-08014,0,0,0
5846-ABOBJ,0,0,0
9069-LGEUL,0,0,0
NEW-11198,0,0,0
NEW-08412,0,0,0
NEW-08811,0,0,0
NEW-10662,0,0,0
3873-NFTGI,0,0,0
NEW-12657,0,0,0
4584-LBNMK,0,0,0
NEW-09854,0,0,0
NEW-08121,0,0,0
2985-FMWYF,0,0,1
NEW-11784,0,0,0
4102-OQUPX,1,0,0
NEW-12870,0,0,0
3079-BCHLN,0,0,0
7502-BNYGS,0,0,0
6907-NZZIJ,1,0,1
NEW-13950,0,0,0
NEW-09383,0,0,0
4318-RAJVY,0,0,0
4445-ZJNMU,0,0,1
1728-CXQBE,0,0,0
0301-KOBTQ,0,0,0
NEW-09518,0,0,0
NEW-12543,0,0,0
NEW-11201,0,0,0
8229-TNIQA,1,0,0
2884-GBPFB,1,0,1
5686-CMAWK,0,0,0
NEW-09474,0,0,0
5322-ZSMZY,0,0,0
2371-KFUOG,0,0,0
6137-MFAJN,0,0,0
NEW-10522,0,0,0
NEW-08154,0,0,0
NEW-13863,0,0,0
6701-DHKWQ,0,0,0
NEW-10934,0,0,0
6141-OOXUQ,1,0,0
7879-CGSFV,0,0,0
0537-QYZZN,0,0,0
9432-RUVSL,0,0,0
8028-PNXHQ,0,0,0
1730-VFMWO,0,0,0
NEW-10471,0,0,0
0397-ZXWQF,0,0,0
NEW-12132,0,0,0
9648-BCHKM,0,0,0
3030-YDNRM,0,0,1
5529-GIBVH,0,0,0
NEW-11501,0,0,0
9921-QFQUL,0,0,0
9057-SIHCH,1,0,1
4760-THGOT,0,0,0
9611-CTWIH,1,0,1
NEW-09439,0,0,0
4143-HHPMK,1,0,0
NEW-07986,0,0,0
0701-TJSEF,0,0,0
NEW-08341,0,0,0
2832-SCUCO,0,0,0
8739-WWKDU,1,0,1
7716-YTYHG,1,0,0
NEW-09862,0,0,0
NEW-13541,0,0,0
8670-MEFCP,0,0,0
9514-JDSKI,1,0,0
9070-BCKQP,0,0,0
NEW-07612,0,0,0
NEW-07846,0,0,0
8819-IMISP,0,0,1
9625-QSTYE,1,0,1
6161-ERDGD,0,0,0
4429-WYGFR,0,0,0
NEW-11470,0,0,0
NEW-12958,0,0,0
NEW-13166,0,0,0
7036-ZZKBD,0,0,0
8766-PAFNE,0,0,0
NEW-14100,0,0,0
6504-VBLFL,0,0,0
NEW-07671,0,0,0
4250-FDVOU,1,0,0
6158-DWPZT,1,0,0
5173-WXOQV,0,0,0
7078-NVFAM,0,0,0
NEW-12356,0,0,0
NEW-14074,0,0,0
NEW-10837,0,0,0
0221-NAUXK,0,0,0
6072-NUQCB,0,0,0
NEW-10976,0,0,0
NEW-12974,0,0,0
0019-EFAEP,0,0,0
NEW-12841,0,0,0
NEW-10701,0,0,0
NEW-08286,0,0,0
NEW-08738,0,0,0
NEW-09646,0,0,0
NEW-13080,0,0,0
NEW-11578,0,0,0
NEW-07204,0,0,0
9529-OFXHY,0,0,0
0013-SMEOE,0,0,0
1977-STDKI,1,0,0
7527-QNRUS,0,0,0
2205-LPVGL,0,0,0
NEW-08315,0,0,0
4829-ZLJTK,0,0,0
NEW-08098,0,0,0
8645-KWHJO,0,0,0
NEW-12659,0,0,0
NEW-09762,0,0,0
NEW-12089,0,0,0
NEW-13841,0,0,0
NEW-13055,0,0,0
NEW-09140,0,0,0
NEW-13356,0,0,0
5934-TSSAU,0,0,0
NEW-13989,0,0,0
NEW-07759,0,0,0
NEW-10584,0,0,0
7684-XSZIY,0,0,0
8626-XHBIE,0,0,0
NEW-11430,0,0,0
NEW-10828,0,0,0
NEW-07929,0,0,0
0487-VVUVK,0,0,0
0328-GRPMV,1,0,0
NEW-11203,0,0,0
NEW-12223,0,0,0
NEW-10881,0,0,0
NEW-07285,0,0,0
0541-FITGH,0,0,0
NEW-07103,0,0,0
7398-HPYZQ,0,0,0
NEW-11331,0,0,0
3460-TJBWI,0,0,0
8023-QHAIO,0,0,0
7156-MHUGY,1,0,1
6259-WJQLC,0,0,0
5268-DSMNQ,0,0,0
1169-WCVAK,0,0,0
NEW-08892,0,0,0
NEW-09766,0,0,0
9305-CDSKC,1,0,1
9968-FFVVH,0,0,0
NEW-09659,0,0,0
NEW-07126,0,0,0
NEW-09926,0,0,0
NEW-13651,0,0,0
NEW-13834,0,0,0
NEW-10582,0,0,0
NEW-11568,0,0,0
NEW-07910,0,0,0
9093-FPDLG,0,0,1
9548-ZMVTX,0,0,0
NEW-07787,0,0,0
6218-KNUBD,0,0,0
5884-GCYMI,1,0,0
NEW-09062,0,0,0
5980-BDHPY,0,0,0
4685-TFLLS,0,0,0
NEW-10653,0,0,0
NEW-13467,0,0,0
9372-TXXPS,0,0,0
NEW-12299,0,0,0
2977-CEBSX,0,0,0
6402-SSEJG,0,0,0
NEW-13509,0,0,0
4720-VSTSI,1,0,0
3196-NVXLZ,0,0,1
0475-RIJEP,1,0,0
2533-TIBIX,0,0,0
NEW-07315,0,0,0
6304-IJFSQ,1,0,0
NEW-08972,0,0,0
5480-TBGPH,1,0,1
NEW-11622,0,0,0
8573-CGOCC,0,0,0
8984-EYLLL,0,0,0
9531-NSBMR,0,0,0
NEW-08679,0,0,0
NEW-13313,0,0,0
NEW-13431,0,0,0
NEW-08212,0,0,0
NEW-08693,0,0,0
9209-NWPGU,0,0,0
NEW-09379,0,0,0
5828-AVIPD,1,0,0
0439-IFYUN,0,0,0
NEW-13480,0,0,0
7537-CBQUZ,0,0,0
NEW-07886,0,0,0
2135-DQWAQ,0,0,1
NEW-11305,0,0,0
7825-GKXMW,1,0,0
NEW-13411,0,0,0
NEW-11312,0,0,0
NEW-08850,0,0,0
NEW-09713,0,0,0
NEW-12097,0,0,0
NEW-13895,0,0,0
NEW-07244,0,0,0
5356-RHIPP,1,0,0
NEW-13549,0,0,0
0716-BQNDX,0,0,0
0347-UBKUZ,0,0,0
8559-CIZFV,1,0,0
6038-GCYEC,1,0,0
3812-LRZIR,0,0,0
6661-EIPZC,0,0,0
NEW-12047,0,0,0
NEW-09255,0,0,0
NEW-08985,0,0,0
1768-ZAIFU,1,0,0
NEW-13704,0,0,0
7606-BPHHN,0,0,0
3866-MDTUB,1,0,0
0178-SZBHO,0,0,0
2995-UPRYS,1,0,0
NEW-13025,0,0,0
NEW-11503,0,0,0
7493-GVFIO,0,0,0
4693-VWVBO,0,0,0
NEW-07749,0,0,0
NEW-13954,0,0,0
4674-HGNUA,0,0,0
NEW-12853,0,0,0
2608-BHKFN,1,0,1
5624-BQSSA,1,0,0
9927-DSWDF,0,0,0
NEW-09600,0,0,0
NEW-11811,0,0,0
NEW-07356,0,0,0
NEW-10262,0,0,0
4398-HSCJH,1,0,0
0988-AADSA,0,0,0
7148-XZPHA,0,0,0
NEW-09902,0,0,0
NEW-10608,0,0,0
NEW-07620,0,0,0
2842-BCQGE,0,0,0
NEW-07785,0,0,0
9746-YKGXB,0,0,0
NEW-14125,0,0,0
4514-GFCFI,1,0,1
3346-BRMIS,1,0,1
NEW-11391,0,0,0
5136-KCKGI,1,0,0
8058-JMEQO,1,0,1
1459-QNFQT,0,0,0
NEW-10399,0,0,0
2162-FRZAA,0,0,0
8800-ZKRFW,0,0,0
NEW-09872,0,0,0
3577-AMVUX,0,0,0
NEW-12835,0,0,0
3521-HTQTV,0,0,0
4367-NHWMM,0,0,0
NEW-14124,0,0,0
2499-AJYUA,0,0,0
1853-ARAAQ,0,0,0
2812-ENYMO,0,0,0
NEW-13041,0,0,0
7688-AWMDX,0,0,0
NEW-09248,0,0,0
NEW-09401,0,0,0
NEW-10083,0,0,0
6872-HXFNF,0,0,0
4626-GYCZP,1,0,1
NEW-12949,0,0,0
1564-HJUVY,0,0,0
NEW-12327,0,0,0
NEW-11647,0,0,0
8495-LJDFO,0,0,0
NEW-13977,0,0,0
9297-EONCV,0,0,0
NEW-08872,0,0,0
NEW-12388,0,0,0
NEW-07811,0,0,0
NEW-11138,0,0,0
NEW-12169,0,0,0
3550-SAHFP,1,0,1
2070-XYMFH,0,0,0
1471-GIQKQ,0,0,0
NEW-08939,0,0,0
7594-LZNWR,0,0,0
0013-MHZWF,0,0,0
8847-GEOOQ,0,0,0
6861-OKBCE,1,0,0
8232-UTFOZ,0,0,0
NEW-09024,0,0,0
NEW-09809,0,0,0
NEW-12786,0,0,0
7343-EOBEU,0,0,0
1193-RTSLK,1,0,0
NEW-11394,0,0,0
9674-EHPPG,0,0,0
NEW-13625,0,0,0
NEW-10962,0,0,0
NEW-09952,0,0,0
NEW-12183,0,0,0
6817-WTYHE,0,0,1
0623-EJQEG,0,0,0
2696-ECXKC,0,0,0
NEW-07113,0,0,0
NEW-11698,0,0,0
2150-OEGBV,0,0,0
NEW-11868,0,0,0
NEW-11580,0,0,0
4012-ZTHBR,0,0,0
3685-YLCMQ,1,0,0
6374-NTQLP,0,0,0
7839-QRKXN,1,0,0
6064-ZATLR,0,0,0
4199-QHJNM,0,0,0
NEW-10678,0,0,0
NEW-08777,0,0,0
7245-NIIWQ,0,0,1
NEW-09332,0,0,0
NEW-09444,0,0,0
7966-YOTQW,0,0,0
9975-GPKZU,0,0,0
NEW-10650,0,0,0
NEW-09728,0,0,0
9681-KYGYB,0,0,0
1247-QBVSH,0,0,0
NEW-10577,0,0,0
4998-IKFSE,0,0,0
NEW-12792,0,0,0
NEW-12675,0,0,0
9518-RWHZL,1,0,0
NEW-13182,0,0,0
0274-JKUJR,0,0,0
2495-INZWQ,1,0,1
NEW-07157,0,0,0
6583-SZVGP,0,0,0
NEW-12112,0,0,0
7065-YUNRY,1,0,0
5057-RKGLH,0,0,0
6583-QGCSI,1,0,0
6942-LBFDP,0,0,0
8277-RVRSV,0,0,0
4378-MYPGO,0,0,0
NEW-11388,0,0,0
0644-OQMDK,0,0,0
NEW-11427,0,0,0
7398-SKNQZ,0,0,1
8089-UZWLX,0,0,0
7576-JMYWV,0,0,0
9845-QOMAD,0,0,0
NEW-07448,0,0,0
NEW-12915,0,0,0
9251-AWQGT,0,0,0
NEW-08484,0,0,0
NEW-08722,0,0,0
NEW-10467,0,0,0
2344-JMOGN,1,0,1
NEW-10815,0,0,0
NEW-11049,0,0,0
5334-AFQJB,0,0,0
NEW-07302,0,0,0
NEW-11070,0,0,0
NEW-07817,0,0,0
7668-XCFYV,0,0,1
1636-NTNCO,0,0,1
NEW-07561,0,0,0
NEW-13319,0,0,0
NEW-09010,0,0,0
5949-HGVJL,0,0,0
3511-BFTJW,0,0,0
0909-SDHNU,0,0,0
2293-IJWPS,0,0,0
NEW-11733,0,0,0
NEW-10850,0,0,0
NEW-13826,0,0,0
6088-BXMRG,0,0,1
7018-FPXHH,0,0,0
4465-VDKIQ,0,0,0
4137-JOPHL,0,0,0
4229-CZMLL,1,0,1
NEW-11074,0,0,0
NEW-08526,0,0,0
9050-QLROH,1,0,0
6243-OZGFH,0,0,0
NEW-07489,0,0,0
5574-NXZIU,0,0,0
1142-WACZW,1,0,0
NEW-08201,0,0,0
NEW-09876,0,0,0
NEW-09831,0,0,0
7301-ABVAD,0,0,0
2027-FECZV,1,0,1
NEW-10312,0,0,0
9776-OJUZI,0,0,0
NEW-13963,0,0,0
4955-VCWBI,0,0,0
0256-LTHVJ,1,0,0
5167-ZFFMM,1,0,0
NEW-13627,0,0,0
NEW-13180,0,0,0
NEW-12146,0,0,0
6439-PKTRR,0,0,0
1845-ZLLIG,0,0,0
NEW-08538,0,0,0
3765-JXVKY,1,0,0
NEW-12151,0,0,0
NEW-10937,0,0,0
0265-PSUAE,0,0,1
6196-HBOBZ,0,0,0
NEW-13132,0,0,0
NEW-13153,0,0,0
8957-THMOA,0,0,0
NEW-08994,0,0,0
8375-KVTHK,0,0,0
6849-OYAMU,1,0,0
NEW-10049,0,0,0
0749-IRGQE,0,0,1
5322-TEUJK,0,0,0
NEW-12454,0,0,0
NEW-10754,0,0,0
NEW-12265,0,0,0
4550-EVXNY,1,0,0
9470-RTWDV,0,0,0
NEW-10670,0,0,0
NEW-07395,0,0,0
NEW-08124,0,0,0
8564-LDKFL,0,0,0
9696-RMYBA,0,0,1
2108-XWMPY,1,0,0
1431-AIDJQ,0,0,0
NEW-08157,0,0,0
3893-JRNFS,0,0,0
NEW-07260,0,0,0
4989-LIXVT,0,0,1
3439-GVUSX,0,0,0
NEW-12313,0,0,0
NEW-09628,0,0,0
2088-IEBAU,0,0,0
3675-EQOZA,0,0,0
2025-JKFWI,1,0,1
8337-MSSXB,1,0,0
0691-NIKRI,0,0,1
NEW-10652,0,0,0
2676-SSLTO,0,0,0
9103-CXVOK,0,0,0
NEW-12771,0,0,0
NEW-08607,0,0,0
NEW-12236,0,0,0
8008-OTEZX,0,0,0
NEW-13383,0,0,0
7244-KXYZN,0,0,0
NEW-11268,0,0,0
NEW-10561,0,0,0
6137-NICCO,0,0,1
5515-AKOAJ,1,0,0
6821-JPCDC,0,0,0
NEW-09063,0,0,0
6075-QMNRR,0,0,0
8884-MRNSU,0,0,0
5307-DZCVC,1,0,1
NEW-09319,0,0,0
6029-WTIPC,1,0,1
NEW-11885,0,0,0
NEW-13689,0,0,0
5298-GSTLM,0,0,0
0134-XWXCE,0,0,0
7854-EKTJL,1,0,0
NEW-08633,0,0,0
NEW-10226,0,0,0
6202-JVYEU,0,0,0
NEW-14077,0,0,0
3682-YEUWS,0,0,0
1069-XAIEM,1,0,0
0379-DJQHR,0,0,0
NEW-07678,0,0,0
NEW-09928,0,0,0
NEW-10581,0,0,0
5651-WYIPH,0,0,0
1548-FEHVL,0,0,0
6766-HFKLA,0,0,0
NEW-12326,0,0,0
NEW-14082,0,0,0
NEW-11905,0,0,0
NEW-11773,0,0,0
3022-BEXHZ,0,0,0
NEW-10888,0,0,0
8591-NXRCV,0,0,0
NEW-12138,0,0,0
NEW-11747,0,0,0
NEW-08901,0,0,0
7789-CRUVC,0,0,0
NEW-11420,0,0,0
8107-KNCIM,0,0,1
NEW-08240,0,0,0
4817-KEQSP,0,0,0
NEW-08226,0,0,0
6353-BRMMA,0,0,0
5883-GTGVD,1,0,1
NEW-07400,0,0,0
NEW-08034,0,0,0
NEW-08586,0,0,0
7310-EGVHZ,0,0,0
NEW-13245,0,0,0
NEW-10481,0,0,0
NEW-09761,0,0,0
NEW-09066,0,0,0
8873-GLDMH,0,0,1
7426-GSWPO,0,0,0
9801-GDWGV,1,0,0
4803-AXVYP,1,0,1
9647-ERGBE,1,0,1
5583-EJXRD,0,0,0
NEW-07319,0,0,0
NEW-09164,0,0,0
NEW-11774,0,0,0
3450-WXOAT,0,0,0
7124-UGSUR,1,0,0
NEW-13506,0,0,0
NEW-13470,0,0,0
9095-HFAFX,1,0,1
9950-MTGYX,0,0,0
NEW-09877,0,0,0
NEW-07181,0,0,0
4830-FAXFM,0,0,0
NEW-12352,0,0,0
NEW-07629,0,0,0
NEW-07458,0,0,0
8076-FEZKJ,0,0,0
NEW-13441,0,0,0
4831-EOBFE,1,0,0
5514-YQENT,0,0,0
6195-MELTI,0,0,0
7872-BAAZR,0,0,0
NEW-07413,0,0,0
3727-RJMEO,1,0,1
NEW-13793,0,0,0
NEW-12091,0,0,0
NEW-13495,0,0,0
6718-BDGHG,0,0,0
2862-JVEOY,0,0,0
3594-KADLU,0,0,0
NEW-08451,0,0,0
8761-NSOBC,1,0,0
NEW-13572,0,0,0
NEW-08082,0,0,0
NEW-11815,0,0,0
6303-KFWSL,0,0,0
NEW-09908,0,0,0
9030-QGZNL,0,0,0
2599-CIPQE,0,0,0
NEW-11425,0,0,0
4505-EXZHB,1,0,1
NEW-13525,0,0,0
NEW-09440,0,0,0
NEW-07906,0,0,0
2346-CZYIL,0,0,0
NEW-07243,0,0,0
0867-LDTTC,0,0,0
8191-XWSZG,0,0,0
NEW-07654,0,0,0
3640-JQGJG,0,0,0
NEW-08435,0,0,0
NEW-08309,0,0,0
NEW-08995,0,0,0
NEW-09025,0,0,0
2321-OMBXY,1,0,0
9436-ZBZCT,1,0,1
NEW-10078,0,0,0
3338-CVVEH,0,0,1
2240-HSJQD,0,0,0
NEW-11426,0,0,0
NEW-08487,0,0,0
2675-DHUTR,0,0,1
4565-EVZMJ,0,0,0
NEW-08971,0,0,0
3317-HRTNN,1,0,1
NEW-13560,0,0,0
9334-GWGOW,0,0,1
2055-SIFSS,0,0,0
8849-GYOKR,1,0,1
NEW-08636,0,0,0
NEW-08187,0,0,0
NEW-09676,0,0,0
NEW-07969,0,0,0
NEW-12517,0,0,0
NEW-11686,0,0,0
7812-FZHPE,1,0,0
NEW-12170,0,0,0
3891-NLXJB,0,0,0
9564-KCLHR,1,0,0
2957-LOLHO,1,0,0
NEW-13121,0,0,0
NEW-12839,0,0,0
8738-JOKAR,0,0,0
NEW-09391,0,0,0
NEW-11378,0,0,0
NEW-11534,0,0,0
4075-JFPGR,0,0,0
NEW-12185,0,0,0
NEW-13087,0,0,0
NEW-13519,0,0,0
NEW-10456,0,0,0
NEW-11856,0,0,0
5356-KZCKT,0,0,0
5804-LEPIM,1,0,1
NEW-12381,0,0,0
4237-RLAQD,1,0,0
1031-IIDEO,1,0,0
9430-FRQOC,1,0,1
8720-RQSBJ,0,0,0
NEW-12763,0,0,0
NEW-12791,0,0,0
NEW-13850,0,0,0
5493-SDRDQ,1,0,0
8017-UVSZU,0,0,0
NEW-09446,0,0,0
2660-EMUBI,1,0,1
NEW-11608,0,0,0
NEW-10098,0,0,0
NEW-11859,0,0,0
NEW-12406,0,0,0
NEW-13800,0,0,0
4644-PIZRT,0,0,0
NEW-08223,0,0,0
NEW-07908,0,0,0
NEW-08873,0,0,0
0320-JDNQG,1,0,0
3605-JISKB,0,0,0
NEW-09837,0,0,0
NEW-10964,0,0,0
NEW-11380,0,0,0
NEW-12027,0,0,0
NEW-11752,0,0,0
NEW-12227,0,0,0
2150-UWTFY,1,0,0
9135-MGVPY,0,0,0
0519-DRGTI,0,0,0
NEW-08770,0,0,0
NEW-08733,0,0,0
1897-RCFUM,0,0,0
2284-VFLKH,0,0,0
NEW-12581,0,0,0
NEW-09102,0,0,0
8406-LNMHF,0,0,0
2077-MPJQO,0,0,1
5133-VRSAB,0,0,0
NEW-07841,0,0,0
5207-PLSTK,0,0,0
8980-WQFWL,0,0,0
NEW-13419,0,0,0
7780-OTDSO,1,0,1
NEW-07960,0,0,0
NEW-09430,0,0,0
NEW-13460,0,0,0
0564-JJHGS,1,0,1
8996-ZROXE,0,0,0
0411-EZJZE,0,0,0
NEW-12923,0,0,0
4915-BFSXL,0,0,0
NEW-08905,0,0,0
NEW-09465,0,0,0
NEW-09359,0,0,0
NEW-11376,0,0,0
0575-CUQOV,0,0,0
9625-QNLUX,0,0,0
4824-GUCBY,0,0,0
3249-ZPQRG,1,0,1
4581-LNWUM,0,0,1
NEW-11362,0,0,0
NEW-07918,0,0,0
8092-NLTGF,0,0,0
NEW-10771,0,0,0
0365-BZUWY,0,0,1
NEW-13131,0,0,0
6961-MJKBO,0,0,0
NEW-08036,0,0,0
NEW-13425,0,0,0
0612-RTZZA,1,0,0
4016-BJKTZ,0,0,0
NEW-12827,0,0,0
NEW-08376,0,0,0
NEW-08433,0,0,0
7123-WQUHX,0,0,0
NEW-10235,0,0,0
NEW-08174,0,0,0
NEW-11217,0,0,0
NEW-12333,0,0,0
1624-NALOJ,1,0,1
5829-NVSQN,0,0,0
2465-BLLEU,0,0,0
NEW-10447,0,0,0
4913-EHYUI,1,0,0
NEW-08926,0,0,0
9298-WGMRW,0,0,0
NEW-08311,0,0,0
1577-HKTFG,1,0,0
NEW-12361,0,0,0
NEW-12171,0,0,0
NEW-13312,0,0,0
8672-OAUPW,0,0,0
9369-XFEHK,1,0,1
1867-BDVFH,1,0,1
0388-EOPEX,1,0,0
NEW-08634,0,0,0
NEW-13130,0,0,0
NEW-10134,0,0,0
5215-LNLDJ,0,0,0
7306-YDSOI,0,0,0
NEW-07163,0,0,0
NEW-07122,0,0,0
NEW-13705,0,0,0
NEW-08165,0,0,0
4818-QIUFN,1,0,1
2434-EEVDB,0,0,0
1809-DMJHQ,1,0,0
3537-HPKQT,0,0,0
8015-IHCGW,0,0,0
5349-IECLD,1,0,1
NEW-10424,0,0,0
1767-TGTKO,0,0,0
NEW-08813,0,0,0
NEW-12079,0,0,0
2675-IJRGJ,0,0,0
NEW-10277,0,0,0
NEW-12982,0,0,0
NEW-10346,0,0,0
3118-UHVVQ,0,0,0
6439-LAJXL,0,0,0
NEW-07059,0,0,0
6857-TKDJV,0,0,0
NEW-07352,0,0,0
4634-JLRJT,0,0,0
5345-BMKWB,0,0,0
NEW-09813,0,0,0
NEW-10461,0,0,0
NEW-08111,0,0,0
NEW-07146,0,0,0
NEW-13960,0,0,0
NEW-10439,0,0,0
4826-XTSOH,1,0,0
2202-CUYXZ,1,0,0
6818-DJXAA,0,0,1
NEW-10128,0,0,0
NEW-10800,0,0,0
4817-VYYWS,1,0,1
NEW-08967,0,0,0
8807-ARQET,0,0,0
NEW-11886,0,0,0
NEW-13281,0,0,0
2154-KVJFF,1,0,1
NEW-11521,0,0,0
NEW-07283,0,0,0
NEW-10572,0,0,0
1074-WVEVG,0,0,0
7180-PISOG,1,0,0
NEW-14007,0,0,0
NEW-10711,0,0,0
9924-JPRMC,0,0,0
7801-KICAO,0,0,1
NEW-11754,0,0,0
NEW-11033,0,0,0
6728-VOIFY,0,0,0
NEW-09244,0,0,0
9800-ONTFE,0,0,0
9220-ZNKJI,0,0,0
NEW-09424,0,0,0
NEW-09887,0,0,0
4083-EUGRJ,1,0,0
0156-FVPTA,1,0,0
9795-SHUHB,0,0,0
2311-QYMUQ,1,0,0
NEW-13590,0,0,0
3982-DQLUS,0,0,0
5313-FPXWG,0,0,0
NEW-09911,0,0,0
NEW-07816,0,0,0
3518-PZXZQ,0,0,0
1293-HHSHJ,0,0,0
NEW-07757,0,0,0
NEW-13054,0,0,0
NEW-12074,0,0,0
NEW-12229,0,0,0
0419-YAAPX,0,0,0
NEW-12373,0,0,0
NEW-11880,0,0,0
1862-SKORY,1,0,0
NEW-13279,0,0,0
NEW-08849,0,0,0
NEW-10963,0,0,0
4826-TZEVA,0,0,0
0899-WZRSD,0,0,0
4933-BSAIP,0,0,0
5469-NUJUR,0,0,0
NEW-08669,0,0,0
3703-VAVCL,1,0,1
NEW-07416,0,0,0
9073-ZZIAY,0,0,0
1732-VHUBQ,1,0,0
NEW-07531,0,0,0
NEW-10304,0,0,0
2782-JEEBU,0,0,0
NEW-07217,0,0,0
NEW-11366,0,0,0
4378-BZYFP,0,0,0
NEW-13830,0,0,0
5371-VYLSX,0,0,0
NEW-14109,0,0,0
8869-TORSS,1,0,0
5240-IJOQT,1,0,0
NEW-13728,0,0,0
NEW-08855,0,0,0
NEW-07528,0,0,0
2897-DOVND,0,0,1
NEW-08858,0,0,0
NEW-11153,0,0,0
NEW-13816,0,0,0
4701-LKOZD,0,0,0
NEW-10248,0,0,0
4501-EQDRN,1,0,0
5649-RXQTV,0,0,0
8397-MVTAZ,1,0,1
NEW-11646,0,0,0
0125-LZQXK,1,0,0
NEW-08840,0,0,0
NEW-11144,0,0,0
NEW-09513,0,0,0
NEW-13408,0,0,0
1047-NNCBF,0,0,0
NEW-10503,0,0,0
6899-PPEEA,1,0,1
NEW-11770,0,0,0
6551-ZCOTS,0,0,0
NEW-07406,0,0,0
9593-CVZKR,0,0,0
4139-DETXS,0,0,0
NEW-12518,0,0,0
NEW-11324,0,0,0
8096-LOIST,0,0,0
NEW-07492,0,0,0
NEW-09418,0,0,0
7422-WNBTY,0,0,1
4676-WLUHT,0,0,0
6650-VJONK,0,0,0
NEW-09774,0,0,0
NEW-07405,0,0,0
3566-VVORZ,0,0,0
NEW-13374,0,0,0
4826-DXMUP,0,0,0
7621-VPNET,0,0,0
NEW-10097,0,0,0
4709-LKHYG,0,0,0
NEW-10089,0,0,0
NEW-12222,0,0,0
NEW-07948,0,0,0
NEW-14071,0,0,0
1156-ZFYDO,0,0,0
1004-NOZNR,0,0,0
NEW-08146,0,0,0
NEW-09683,0,0,0
NEW-10518,0,0,0
2108-YKQTY,1,0,0
2282-YGNOR,0,0,0
NEW-08787,0,0,0
3716-UVSPD,0,0,0
9661-MHUMO,1,0,0
NEW-10479,0,0,0
NEW-13803,0,0,0
NEW-07461,0,0,0
NEW-07501,0,0,0
NEW-08444,0,0,0
NEW-12184,0,0,0
NEW-12798,0,0,0
NEW-11309,0,0,0
3156-QLHBO,0,0,0
NEW-13967,0,0,0
NEW-08480,0,0,0
8443-WVPSS,1,0,1
7130-YXBRO,0,0,0
NEW-10957,0,0,0
NEW-08486,0,0,0
3329-WDIOK,1,0,0
NEW-11270,0,0,0
NEW-09700,0,0,0
NEW-08689,0,0,0
NEW-13938,0,0,0
NEW-11024,0,0,0
NEW-12878,0,0,0
1986-PHGZF,0,0,0
NEW-10887,0,0,0
1790-NESIO,0,0,0
NEW-08153,0,0,0
NEW-11720,0,0,0
NEW-11527,0,0,0
1051-GEJLJ,0,0,0
6959-GQEGV,0,0,0
NEW-13438,0,0,0
6711-FLDFB,1,0,1
2905-KFQUV,0,0,1
7703-ZEKEF,1,0,1
NEW-09660,0,0,0
NEW-09840,0,0,0
0247-SLUJI,0,0,0
NEW-13000,0,0,0
9170-GYZJC,1,0,0
9541-ZPSEA,0,0,0
NEW-12511,0,0,0
NEW-12595,0,0,0
NEW-12836,0,0,0
NEW-11524,0,0,0
5575-GNVDE,0,0,0
NEW-13337,0,0,0
6362-QHAFM,0,0,1
NEW-08135,0,0,0
NEW-08384,0,0,0
4806-HIPDW,1,0,0
NEW-11520,0,0,0
NEW-13296,0,0,0
2079-FBMZK,1,0,0
2626-URJFX,1,0,1
NEW-12893,0,0,0
NEW-07922,0,0,0
0187-QSXOE,0,0,1
NEW-13450,0,0,0
NEW-12735,0,0,0
NEW-13785,0,0,0
8792-AOROI,0,0,0
4589-IUAJB,0,0,0
6008-NAIXK,0,0,1
NEW-12614,0,0,0
6174-NRBTZ,0,0,0
6248-BSHKG,0,0,0
2141-RRYGO,1,0,0
NEW-08175,0,0,0
NEW-08149,0,0,0
NEW-12992,0,0,0
5233-AOZUF,0,0,1
NEW-12302,0,0,0
NEW-12987,0,0,0
1194-SPVSP,0,0,0
NEW-08327,0,0,0
NEW-13216,0,0,0
NEW-08739,0,0,0
NEW-12995,0,0,0
NEW-11881,0,0,0
NEW-13346,0,0,0
NEW-07919,0,0,0
8268-YDIXR,0,0,0
3946-MHCZW,1,0,0
8224-KDLKN,0,0,0
NEW-07761,0,0,0
NEW-07108,0,0,0
6047-SUHPR,0,0,0
NEW-12357,0,0,0
7529-ZDFXI,0,0,0
0661-KQHNK,0,0,0
0953-LGOVU,0,0,0
NEW-10000,0,0,0
7964-ZRKKG,0,0,0
NEW-13225,0,0,0
3612-YVGSJ,0,0,0
1265-BCFEO,0,0,0
NEW-08998,0,0,0
5774-XZTQC,0,0,0
4770-QAZXN,0,0,0
9399-APLBT,1,0,0
6048-UWKAL,0,0,0
4536-PLEQY,0,0,1
NEW-08169,0,0,0
NEW-09903,0,0,0
4342-HENTK,1,0,1
2904-GGUAZ,0,0,0
3428-XZMAZ,1,0,0
NEW-12809,0,0,0
0100-DUVFC,0,0,0
2180-DXNEG,1,0,1
NEW-08932,0,0,0
NEW-07495,0,0,0
6242-MBHPK,0,0,1
8623-TMRBY,1,0,0
NEW-07882,0,0,0
1478-VPOAD,0,0,0
2324-AALNO,0,0,0
NEW-12981,0,0,0
8593-WHYHV,1,0,1
5868-YWPDW,1,0,1
2710-WYVXG,0,0,0
4813-HQMGZ,0,0,1
NEW-10916,0,0,0
NEW-09564,0,0,0
6476-YHMGA,0,0,0
NEW-10944,0,0,0
NEW-13716,0,0,0
NEW-09703,0,0,0
8143-ETQTI,0,0,0
7129-CAKJW,0,0,0
4774-HHGGS,0,0,0
4778-IZARL,0,0,0
NEW-09184,0,0,0
3146-JTQHR,0,0,0
3308-DGHKL,0,0,0
4701-MLJPN,1,0,0
0440-QEXBZ,0,0,0
NEW-12193,0,0,0
0489-WMEMG,0,0,0
9646-NMHXE,0,0,0
NEW-12411,0,0,0
6338-AVWCY,1,0,1
3244-CQPHU,0,0,0
NEW-13038,0,0,0
NEW-11556,0,0,0
NEW-09580,0,0,0
NEW-09445,0,0,0
NEW-11030,0,0,0
NEW-07466,0,0,0
NEW-09111,0,0,0
3679-XASPY,0,0,0
NEW-13930,0,0,0
3178-CIFOT,0,0,0
NEW-09712,0,0,0
NEW-09721,0,0,0
0128-MKWSG,0,0,0
NEW-13032,0,0,0
0835-DUUIQ,0,0,0
8041-TMEID,0,0,0
5076-YVXCM,0,0,0
NEW-07642,0,0,0
NEW-12972,0,0,0
NEW-09413,0,0,0
3331-HQDTW,1,0,0
NEW-10735,0,0,0
3737-GCSPV,1,0,1
7872-RDDLZ,0,0,0
7409-KIUTL,1,0,0
NEW-13581,0,0,0
6598-RFFVI,1,0,0
0723-VSOBE,0,0,0
NEW-07290,0,0,0
5206-XZZQI,0,0,0
7542-CYDDM,0,0,0
NEW-09034,0,0,0
NEW-10526,0,0,0
NEW-12100,0,0,0
4877-EVATK,1,0,0
NEW-11147,0,0,0
3410-MHHUM,0,0,0
1140-UKVZG,0,0,0
NEW-09037,0,0,0
NEW-08272,0,0,0
NEW-12452,0,0,0
5141-ZUVBH,0,0,1
NEW-10866,0,0,0
5519-TEEUH,0,0,0
1735-XMJVH,0,0,0
9895-VFOXH,0,0,0
4432-ADRLB,1,0,0
NEW-08224,0,0,0
9986-BONCE,1,0,0
3005-TYFRD,0,0,1
NEW-10434,0,0,0
9601-BRXPO,1,0,1
NEW-08443,0,0,0
NEW-08041,0,0,0
NEW-13227,0,0,0
0484-JPBRU,0,0,0
5902-WBLSE,0,0,0
3214-IYUUQ,0,0,0
7463-IFMQU,0,0,0
5908-QMGOE,1,0,1
7268-IGMFD,0,0,0
NEW-09857,0,0,0
NEW-12921,0,0,0
1982-FEBTD,0,0,0
8318-LCNBW,0,0,0
5339-TJFEK,0,0,0
NEW-09191,0,0,0
6463-MVYRY,0,0,0
NEW-10802,0,0,0
NEW-12821,0,0,0
0239-OXEXL,0,0,0
NEW-11219,0,0,0
3521-SYVOR,1,0,0
0191-EQUUH,0,0,0
NEW-13404,0,0,0
6295-OSINB,0,0,0
7410-KTVFV,1,0,0
5995-LFTLE,0,0,0
NEW-13459,0,0,0
5630-AHZIL,0,0,0
6821-BUXUX,1,0,1
NEW-10025,0,0,0
NEW-11725,0,0,0
2506-TNFCO,1,0,0
1230-QAJDW,0,0,0
NEW-07635,0,0,0
2883-ILGWO,0,0,0
NEW-08851,0,0,0
NEW-07652,0,0,0
3453-RTHJQ,0,0,0
1262-OPMFY,1,0,0
8644-XLFBW,1,0,0
3301-LSLWQ,0,0,0
7579-KKLOE,0,0,0
2911-WDXMV,0,0,0
NEW-11742,0,0,0
9050-IKDZA,0,0,1
NEW-11786,0,0,0
7018-WBJNK,0,0,0
1833-TCXKK,0,0,0
NEW-08410,0,0,0
NEW-07107,0,0,0
5876-HZVZM,1,0,0
NEW-09674,0,0,0
NEW-12608,0,0,0
7465-ZZRVX,0,0,0
6598-KELSS,0,0,0
NEW-07898,0,0,0
6257-DTAYD,0,0,0
0513-RBGPE,0,0,0
NEW-13352,0,0,0
NEW-08002,0,0,0
1932-UEDCX,0,0,1
NEW-09647,0,0,0
NEW-14115,0,0,0
3296-SILRA,1,0,0
NEW-12707,0,0,0
NEW-13605,0,0,0
2144-BFDSO,0,0,0
4119-ZYPZY,0,0,0
1794-SWWKL,0,0,0
2115-BFTIW,1,0,0
NEW-09243,0,0,0
3442-ZHHCC,0,0,0
NEW-08996,0,0,0
NEW-12266,0,0,0
NEW-10056,0,0,0
0836-SEYLU,1,0,0
3769-MHZNV,0,0,0
NEW-13730,0,0,0
8966-KZXXA,0,0,0
NEW-12347,0,0,0
0983-TATYJ,0,0,0
5875-YPQFJ,1,0,0
NEW-12966,0,0,0
NEW-09161,0,0,0
0699-NDKJM,0,0,0
NEW-10655,0,0,0
NEW-11795,0,0,0
NEW-14058,0,0,0
NEW-13443,0,0,0
5339-PXDVH,0,0,1
2320-YKQBO,0,0,0
NEW-07865,0,0,0
6434-TTGJP,0,0,0
NEW-07848,0,0,0
NEW-09100,0,0,0
6060-DRTNL,1,0,1
NEW-08482,0,0,0
NEW-07627,0,0,0
1060-ENTOF,0,0,0
NEW-11635,0,0,0
NEW-08379,0,0,0
9249-FXSCK,1,0,0
NEW-08337,0,0,0
3049-NDXFL,1,0,0
NEW-09035,0,0,0
1899-VXWXM,1,0,0
0815-MFZGM,0,0,0
1116-DXXDF,0,0,0
1684-FLBGS,0,0,0
6217-KDYWC,0,0,0
5743-KHMNA,0,0,0
NEW-10981,0,0,0
NEW-10532,0,0,0
NEW-13699,0,0,0
6393-WRYZE,1,0,1
NEW-13507,0,0,0
4057-FKCZK,0,0,0
5524-KHNJP,0,0,0
NEW-07418,0,0,0
NEW-07649,0,0,0
0523-VNGTF,0,0,0
NEW-12044,0,0,0
NEW-13284,0,0,0
8402-EIVQS,0,0,0
NEW-11585,0,0,0
NEW-11629,0,0,0
NEW-12034,0,0,0
NEW-07211,0,0,0
NEW-07278,0,0,0
NEW-10024,0,0,0
NEW-07514,0,0,0
NEW-12043,0,0,0
NEW-12250,0,0,0
5327-XOKKY,0,0,0
1064-FBXNK,0,0,0
NEW-07724,0,0,0
NEW-09750,0,0,0
5360-LJCNJ,0,0,0
8879-XUAHX,0,0,0
NEW-10315,0,0,0
8914-RBTSB,1,0,0
NEW-08544,0,0,0
NEW-09593,0,0,0
NEW-07747,0,0,0
NEW-08984,0,0,0
6941-PMGEP,1,0,1
0463-ZSDNT,0,0,0
2930-UOTMB,1,0,0
NEW-08896,0,0,0
NEW-08863,0,0,0
6015-VVHHE,1,0,1
1784-EZDKJ,0,0,0
5899-OUVKV,0,0,0
4854-CIDCF,0,0,1
1036-GUDCL,0,0,0
8454-AATJP,0,0,0
NEW-11866,0,0,0
1251-KRREG,1,0,1
4301-VVZKA,0,0,1
NEW-07917,0,0,0
NEW-09549,0,0,0
2504-DSHIH,0,0,1
6682-VCIXC,0,0,0
NEW-10554,0,0,0
NEW-11346,0,0,0
7569-NMZYQ,0,0,0
9860-LISIZ,0,0,0
3413-DHLPB,0,0,0
NEW-07312,0,0,0
NEW-08752,0,0,0
NEW-10082,0,0,0
4032-RMHCI,0,0,0
9178-JHUVJ,0,0,0
5176-LMJXE,0,0,0
NEW-11941,0,0,0
9251-WNSOD,0,0,0
NEW-09563,0,0,0
NEW-07439,0,0,0
NEW-12480,0,0,0
7153-OANIO,1,0,0
NEW-10713,0,0,0
7878-JGDKK,0,0,0
NEW-11552,0,0,0
7566-DSRLQ,0,0,0
1087-UDSIH,1,0,0
NEW-13198,0,0,0
6204-IEUXJ,1,0,1
6578-KRMAW,0,0,0
4324-AHJKS,0,0,0
0870-VEMYL,1,0,0
8690-ZVLCL,0,0,0
NEW-08929,0,0,0
2480-SQIOB,0,0,1
0709-TVGUR,1,0,1
3796-ENZGF,0,0,0
NEW-13417,0,0,0
NEW-13536,0,0,0
NEW-13050,0,0,0
NEW-10636,0,0,0
NEW-11639,0,0,0
5939-SXWHM,0,0,0
7399-QHBJS,0,0,0
5533-NHFRF,0,0,0
0794-YVSGE,0,0,0
NEW-10102,0,0,0
8149-AIQCG,0,0,0
6233-HXJMX,0,0,0
1226-JZNKR,0,0,0
8751-EDEKA,0,0,0
3963-RYFNS,0,0,0
3801-HMYNL,1,0,0
6230-BSUXY,1,0,0
5789-LDFXO,0,0,0
NEW-07856,0,0,0
1918-ZBFQJ,1,0,1
3745-HRPHI,0,0,0
NEW-09360,0,0,0
NEW-13266,0,0,0
NEW-09975,0,0,0
NEW-09227,0,0,0
NEW-11540,0,0,0
NEW-12402,0,0,0
NEW-11335,0,0,0
NEW-09076,0,0,0
3887-PBQAO,0,0,0
0486-HECZI,1,0,0
NEW-08686,0,0,0
2408-PSJVE,0,0,0
NEW-08869,0,0,0
NEW-07477,0,0,0
1597-LHYNC,1,0,1
NEW-07693,0,0,0
NEW-13510,0,0,0
NEW-07313,0,0,0
4789-KWMXN,1,0,0
NEW-12014,0,0,0
2018-PZKMU,0,0,1
NEW-12191,0,0,0
NEW-07189,0,0,0
3635-JBPSG,0,0,0
2908-ZTPNF,0,0,0
9101-BWFSS,1,0,0
NEW-10189,0,0,0
5360-XGYAZ,0,0,0
NEW-13979,0,0,0
1335-MXCSE,0,0,0
6941-KXRRV,0,0,0
NEW-10912,0,0,0
NEW-09557,0,0,0
NEW-07872,0,0,0
9787-XVQIU,1,0,0
NEW-12627,0,0,0
6823-SIDFQ,0,0,0
NEW-14068,0,0,0
NEW-11422,0,0,0
NEW-11417,0,0,0
NEW-11120,0,0,0
8372-JUXUI,1,0,0
NEW-12666,0,0,0
NEW-07169,0,0,0
9412-GHEEC,1,0,0
8158-WPEZG,0,0,0
0708-SJDIS,0,0,0
1431-CYWMH,0,0,0
NEW-07587,0,0,0
NEW-13392,0,0,0
NEW-11077,0,0,0
0121-SNYRK,0,0,0
NEW-10956,0,0,0
NEW-11764,0,0,0
2057-ZBLPD,1,0,1
NEW-11021,0,0,0
5240-CAOYT,0,0,0
NEW-13946,0,0,0
NEW-10432,0,0,0
NEW-07854,0,0,0
NEW-10980,0,0,0
NEW-08808,0,0,0
9089-UOWJG,0,0,0
NEW-08870,0,0,0
NEW-13812,0,0,0
1208-DNHLN,1,0,0
NEW-13081,0,0,0
NEW-10423,0,0,0
7252-NTGSS,0,0,0
NEW-07832,0,0,0
NEW-14050,0,0,0
NEW-09264,0,0,0
2933-XEUJM,0,0,0
8544-JNBOX,0,0,0
NEW-07430,0,0,0
NEW-13814,0,0,0
NEW-10403,0,0,0
NEW-12552,0,0,0
NEW-08671,0,0,0
NEW-11244,0,0,0
NEW-10775,0,0,0
1766-GKNMI,0,0,1
NEW-09299,0,0,0
2123-AGEEN,0,0,1
NEW-12857,0,0,0
NEW-12017,0,0,0
NEW-09521,0,0,0
NEW-08608,0,0,0
NEW-11337,0,0,0
2657-ALMWY,1,0,0
8212-CRQXP,0,0,0
NEW-09434,0,0,0
3886-CERTZ,1,0,0
NEW-10303,0,0,0
1360-XFJMR,0,0,0
1448-PWKYE,1,0,0
NEW-11925,0,0,0
2947-DOMLJ,1,0,0
NEW-11480,0,0,0
6260-XLACS,0,0,0
9495-SKLKD,0,0,0
NEW-12907,0,0,0
8584-KMVXD,0,0,0
7969-FFOWG,0,0,0
8161-QYMTT,0,0,1
7163-OCEQI,0,0,0
NEW-08913,0,0,0
NEW-11563,0,0,0
1097-FSPVW,0,0,0
NEW-09511,0,0,0
NEW-07569,0,0,0
NEW-14055,0,0,0
NEW-13253,0,0,0
7856-GANIL,0,0,0
NEW-07933,0,0,0
NEW-09155,0,0,0
6248-TKCQV,0,0,0
3298-QEICA,0,0,0
8445-DNBAE,0,0,0
NEW-11993,0,0,0
9824-QCJPK,0,0,0
3506-OVLKD,0,0,0
3126-WQMGH,0,0,0
2483-XSSMZ,0,0,0
NEW-10389,0,0,0
0864-FVJNJ,0,0,0
NEW-08510,0,0,0
NEW-08358,0,0,0
NEW-10203,0,0,0
NEW-07286,0,0,0
NEW-10178,0,0,0
NEW-09748,0,0,0
NEW-07488,0,0,0
7473-ZBDSN,0,0,0
NEW-12569,0,0,0
5321-NTRKC,0,0,0
4213-HKBJO,0,0,0
NEW-08144,0,0,0
NEW-11659,0,0,0
NEW-13430,0,0,0
NEW-09316,0,0,0
NEW-08267,0,0,0
NEW-13232,0,0,0
NEW-11651,0,0,0
0603-TPMIB,0,0,0
0017-IUDMW,0,0,0
NEW-14118,0,0,0
NEW-07309,0,0,0
2592-SEIFQ,1,0,0
NEW-11239,0,0,0
NEW-13188,0,0,0
3243-ZHOHY,0,0,0
3494-JCHRQ,1,0,0
NEW-10305,0,0,0
NEW-12506,0,0,0
5827-MWCZK,0,0,0
NEW-08489,0,0,0
4110-PFEUZ,1,0,0
NEW-09869,0,0,0
NEW-07985,0,0,0
4439-JMPMT,1,0,1
NEW-11344,0,0,0
0897-FEGMU,1,0,1
4701-AHWMW,1,0,0
6686-YPGHK,1,0,1
8778-LMWTJ,0,0,0
NEW-13714,0,0,0
NEW-08676,0,0,0
NEW-13407,0,0,0
NEW-12731,0,0,0
NEW-12102,0,0,0
3315-TOTBP,1,0,0
NEW-12058,0,0,0
NEW-12081,0,0,0
1122-JWTJW,1,0,0
NEW-13483,0,0,0
8010-EZLOU,1,0,1
9412-ARGBX,1,0,0
NEW-11076,0,0,0
NEW-07658,0,0,0
0196-VULGZ,1,0,1
NEW-10625,0,0,0
NEW-10493,0,0,0
NEW-09864,0,0,0
NEW-08400,0,0,0
NEW-11051,0,0,0
NEW-13022,0,0,0
5320-BRKGK,0,0,0
NEW-13622,0,0,0
0016-QLJIS,0,0,0
7044-YAACC,0,0,1
NEW-10020,0,0,0
8784-CGILN,1,0,0
0362-RAOQO,0,0,0
9039-ZVJDC,0,0,0
NEW-08703,0,0,0
NEW-07867,0,0,0
NEW-07165,0,0,0
NEW-09028,0,0,0
8261-GWDBQ,0,0,0
NEW-12721,0,0,0
NEW-08316,0,0,0
NEW-10156,0,0,0
NEW-14116,0,0,0
4967-WPNCF,0,0,0
1258-YMZNM,0,0,0
NEW-14121,0,0,0
NEW-08397,0,0,0
NEW-07150,0,0,0
NEW-09238,0,0,0
9239-GZHZE,0,0,0
1179-INLAT,0,0,0
NEW-07077,0,0,0
4712-AUQZO,0,0,0
NEW-08819,0,0,0
NEW-07305,0,0,0
0409-WTMPL,0,0,0
NEW-12838,0,0,0
NEW-13995,0,0,0
NEW-11129,0,0,0
1666-JXLKU,0,0,1
NEW-11314,0,0,0
0506-YLVKJ,0,0,0
NEW-11374,0,0,0
NEW-10764,0,0,0
6506-EYCNH,0,0,0
NEW-08326,0,0,0
NEW-10489,0,0,0
0106-GHRQR,0,0,0
8111-RKSPX,1,0,1
NEW-13203,0,0,0
NEW-08458,0,0,0
5129-JLPIS,0,0,0
NEW-13409,0,0,0
NEW-10946,0,0,0
NEW-10978,0,0,0
NEW-07667,0,0,0
NEW-11507,0,0,0
7743-EXURX,1,0,0
9127-FHJBZ,0,0,0
NEW-12672,0,0,0
7808-DVWEP,0,0,0
NEW-13009,0,0,0
1744-JHKYS,0,0,0
9194-GFVOI,0,0,0
NEW-07515,0,0,0
NEW-08105,0,0,0
9552-TGUZV,0,0,0
NEW-09957,0,0,0
0487-RPVUM,0,0,0
9121-PHQSR,0,0,1
6833-JMZYP,0,0,1
NEW-07280,0,0,0
NEW-11409,0,0,0
7706-DZNKK,0,0,0
NEW-13707,0,0,0
1569-TTNYJ,1,0,1
5650-YLIBA,0,0,1
NEW-08148,0,0,0
NEW-07560,0,0,0
NEW-13044,0,0,0
NEW-13868,0,0,0
1236-WFCDV,1,0,1
8080-POTJR,0,0,0
7113-HIPFI,0,0,0
NEW-08564,0,0,0
6479-VDGRK,0,0,0
NEW-11042,0,0,0
NEW-10096,0,0,0
NEW-10372,0,0,0
3633-CDBUW,0,0,0
NEW-12009,0,0,0
1803-BGNBD,0,0,0
NEW-09197,0,0,0
NEW-09136,0,0,0
7016-NVRIC,0,0,0
0931-MHTEM,0,0,0
4521-WFJAI,0,0,0
NEW-13806,0,0,0
0458-HEUZG,0,0,0
NEW-07161,0,0,0
8805-JNRAZ,0,0,0
0307-BCOPK,0,0,0
NEW-12117,0,0,0
3946-JEWRQ,0,0,0
7480-QNVZJ,1,0,1
9624-EGDEQ,0,0,0
NEW-11730,0,0,0
NEW-11404,0,0,0
6891-JPYFF,0,0,0
3911-RSNHI,0,0,0
4702-IOQDC,1,0,0
7825-ECJRF,1,0,1
NEW-12547,0,0,0
NEW-12464,0,0,0
NEW-11861,0,0,0
NEW-07697,0,0,0
NEW-12020,0,0,0
NEW-12845,0,0,0
3259-QMXUN,0,0,0
3474-BAFSJ,0,0,0
NEW-13734,0,0,0
1716-LSAMB,0,0,0
NEW-08503,0,0,0
0463-WZZKO,0,0,0
NEW-12165,0,0,0
4749-OJKQU,0,0,1
7675-OZCZG,1,0,1
NEW-12255,0,0,0
NEW-09567,0,0,0
NEW-11693,0,0,0
NEW-13375,0,0,0
NEW-10227,0,0,0
2843-CQMEG,0,0,0
7379-FNIUJ,0,0,0
NEW-10671,0,0,0
NEW-09200,0,0,0
NEW-08067,0,0,0
NEW-08969,0,0,0
1597-FZREH,1,0,0
6968-GMKPR,0,0,0
NEW-07333,0,0,0
3858-XHYJO,0,0,0
7926-IJOOU,0,0,0
NEW-12375,0,0,0
4135-FRWKJ,0,0,0
NEW-12386,0,0,0
8097-VBQTZ,0,0,0
NEW-09220,0,0,0
NEW-11511,0,0,0
NEW-07437,0,0,0
NEW-13020,0,0,0
4860-IJUDE,0,0,0
NEW-08381,0,0,0
NEW-07190,0,0,0
NEW-12148,0,0,0
NEW-07263,0,0,0
3758-CKOQL,0,0,0
NEW-13835,0,0,0
NEW-11701,0,0,0
NEW-13179,0,0,0
3043-TYBNO,0,0,0
NEW-11532,0,0,0
NEW-12499,0,0,0
8364-TRMMK,1,0,0
NEW-12880,0,0,0
NEW-10917,0,0,0
8519-QJGJD,1,0,0
NEW-08866,0,0,0
4355-HBJHH,1,0,0
NEW-12362,0,0,0
NEW-09990,0,0,0
NEW-08455,0,0,0
NEW-09338,0,0,0
6429-SHBCB,0,0,0
NEW-11863,0,0,0
7746-QYVCO,0,0,0
NEW-13824,0,0,0
NEW-08949,0,0,0
8490-BXHEO,0,0,0
7314-OXENN,1,0,1
6402-EJMWF,0,0,0
6007-TCTST,0,0,0
NEW-08545,0,0,0
4572-DVCGN,1,0,1
5950-AAAGJ,0,0,0
NEW-07175,0,0,0
9480-BQJEI,0,0,0
NEW-08281,0,0,0
NEW-08116,0,0,0
NEW-09270,0,0,0
NEW-11665,0,0,0
NEW-08505,0,0,0
NEW-12842,0,0,0
NEW-12309,0,0,0
2121-JAFOM,0,0,0
4753-PADAS,0,0,0
8610-WFCJF,1,0,0
NEW-11279,0,0,0
NEW-13311,0,0,0
NEW-07751,0,0,0
8782-NUUOL,0,0,0
NEW-10208,0,0,0
NEW-11699,0,0,0
NEW-12046,0,0,0
NEW-09250,0,0,0
NEW-08515,0,0,0
NEW-09768,0,0,0
NEW-12324,0,0,0
0310-SUCIN,0,0,0
2252-NKNSI,0,0,0
NEW-09792,0,0,0
NEW-08320,0,0,0
1328-EUZHC,0,0,0
NEW-12873,0,0,0
3973-SKMLN,0,0,0
NEW-12118,0,0,0
NEW-13017,0,0,0
6695-FRVEC,0,0,0
NEW-10640,0,0,0
NEW-14119,0,0,0
NEW-09210,0,0,0
NEW-12891,0,0,0
NEW-10777,0,0,0
8749-JMNKX,1,0,0
5442-BHQNG,0,0,1
NEW-14113,0,0,0
1925-TIBLE,1,0,1
NEW-11758,0,0,0
NEW-09543,0,0,0
0875-CABNR,1,0,1
NEW-12022,0,0,0
4013-GUXND,0,0,0
2545-EBUPK,0,0,1
0020-INWCK,0,0,0
NEW-13511,0,0,0
2673-ZALNP,0,0,0
2330-PQGDQ,0,0,0
NEW-09993,0,0,0
8701-DGLVH,0,0,0
0550-DCXLH,0,0,0
NEW-12746,0,0,0
6214-EDAKZ,1,0,0
4116-TZAQJ,1,0,0
NEW-07829,0,0,0
5740-YHGTW,0,0,0
2674-MLXMN,0,0,1
1820-TQVEV,1,0,0
NEW-08806,0,0,0
NEW-12752,0,0,0
NEW-12824,0,0,0
NEW-13839,0,0,0
0678-RLHVP,0,0,0
NEW-09940,0,0,0
NEW-13601,0,0,0
NEW-07293,0,0,0
NEW-07795,0,0,0
NEW-11749,0,0,0
5593-SUAOO,0,0,0
0848-ZGQIJ,0,0,1
2789-CZANW,0,0,0
4324-BZCKL,0,0,0
NEW-09389,0,0,0
3692-JHONH,0,0,0
1170-SASML,0,0,0
9955-QOPOY,0,0,0
1699-HPSBG,1,0,0
6980-IMXXE,0,0,0
NEW-08137,0,0,0
NEW-12568,0,0,0
NEW-11489,0,0,0
8824-RWFXJ,1,0,0
3190-FZATL,0,0,0
2146-EGVDT,0,0,0
8063-GBATB,1,0,1
9432-VOFYX,0,0,1
4587-NUKOX,1,0,0
3572-UUHRS,0,0,0
0697-ZMSWS,1,0,1
1346-PJWTK,0,0,0
9626-VFRGG,0,0,0
NEW-11889,0,0,0
NEW-10043,0,0,0
NEW-12142,0,0,0
1934-MKPXS,0,0,0
NEW-12578,0,0,0
2266-SJNAT,0,0,0
NEW-10080,0,0,0
NEW-11252,0,0,0
NEW-10506,0,0,0
0655-YDGFJ,0,0,0
6168-YBYNP,0,0,0
NEW-11231,0,0,0
8515-OCTJS,1,0,0
NEW-08276,0,0,0
6257-RJOHI,0,0,0
1622-HSHSF,0,0,0
NEW-13289,0,0,0
NEW-08646,0,0,0
NEW-10308,0,0,0
NEW-12137,0,0,0
NEW-09007,0,0,0
NEW-13142,0,0,0
NEW-07119,0,0,0
4626-OZDTJ,0,0,0
NEW-12934,0,0,0
7598-UAASY,1,0,1
NEW-08419,0,0,0
3764-MNMOI,0,0,0
NEW-07525,0,0,0
NEW-07494,0,0,0
NEW-09416,0,0,0
1134-YWTYF,0,0,0
8267-KFGYD,0,0,0
NEW-10685,0,0,0
5158-RIVOP,0,0,0
5003-XZWWO,0,0,0
NEW-12466,0,0,0
7876-BEUTG,0,0,0
0080-EMYVY,0,0,0
NEW-09727,0,0,0
NEW-11717,0,0,0
2832-KJCRD,0,0,0
6497-TILVL,0,0,0
2845-KDHVX,0,0,0
NEW-10576,0,0,0
NEW-08830,0,0,0
9734-UYXQI,1,0,0
NEW-08765,0,0,0
2888-ADFAO,0,0,0
7029-RPUAV,1,0,1
NEW-11450,0,0,0
7633-MVPUY,0,0,0
NEW-09920,0,0,0
0323-XWWTN,0,0,0
6732-FZUGP,0,0,0
NEW-11005,0,0,0
NEW-08874,0,0,0
7971-HLVXI,0,0,0
5442-UTCVD,1,0,1
NEW-08922,0,0,0
2535-PBCGC,0,0,0
NEW-11981,0,0,0
3423-HHXAO,0,0,0
3957-SQXML,0,0,0
7551-DACSP,1,0,0
NEW-12088,0,0,0
6896-SRVYQ,0,0,0
3191-CSNMG,0,0,1
NEW-08053,0,0,0
4056-QHXHZ,0,0,0
NEW-13886,0,0,0
NEW-09631,0,0,0
NEW-09779,0,0,0
5702-SKUOB,0,0,0
6786-OBWQR,0,0,1
4302-ZYFEL,0,0,0
NEW-09850,0,0,0
8496-EJAUI,1,0,0
NEW-12443,0,0,0
1212-GLHMD,0,0,0
NEW-10222,0,0,0
1571-SAVHK,1,0,1
8086-OVPWV,1,0,1
5965-GGPRW,0,0,0
1527-SXDPN,1,0,0
2359-KLTEK,0,0,0
4785-FCIFB,0,0,0
5968-HYJRZ,0,0,0
4686-UXDML,0,0,1
6806-YDEUL,0,0,0
3594-IVHJZ,0,0,0
0969-RGKCU,0,0,0
NEW-10192,0,0,0
8769-KKTPH,0,0,0
5996-DAOQL,0,0,0
7114-AEOZE,0,0,0
NEW-10462,0,0,0
7445-WMRBW,0,0,0
NEW-11658,0,0,0
NEW-12486,0,0,0
3606-TWKGI,1,0,1
5980-NOPLP,1,0,1
NEW-07047,0,0,0
NEW-09349,0,0,0
NEW-13122,0,0,0
8882-TLVRW,0,0,0
NEW-12405,0,0,0
9189-JWSHV,1,0,1
8908-SLFCJ,0,0,0
4329-YPDDQ,0,0,0
3496-LFSZU,0,0,1
4881-GQJTW,0,0,0
8580-AECUZ,1,0,0
NEW-10176,0,0,0
NEW-10877,0,0,0
NEW-09653,0,0,0
NEW-10517,0,0,0
0231-LXVAP,1,0,0
NEW-12348,0,0,0
NEW-09165,0,0,0
NEW-07093,0,0,0
NEW-12787,0,0,0
8006-PYCSW,0,0,0
NEW-13528,0,0,0
NEW-07253,0,0,0
NEW-08158,0,0,0
NEW-10708,0,0,0
NEW-11555,0,0,0
NEW-11735,0,0,0
3722-WPXTK,1,0,0
NEW-09447,0,0,0
NEW-13802,0,0,0
NEW-10785,0,0,0
NEW-13094,0,0,0
NEW-12815,0,0,0
NEW-13148,0,0,0
0520-FDVVT,1,0,0
NEW-11073,0,0,0
NEW-07049,0,0,0
NEW-11016,0,0,0
8922-NPKBJ,0,0,0
NEW-07912,0,0,0
NEW-12960,0,0,0
NEW-10765,0,0,0
NEW-11143,0,0,0
NEW-09786,0,0,0
4641-FROLU,0,0,0
2027-OAQQC,1,0,0
NEW-09381,0,0,0
NEW-13104,0,0,0
NEW-13228,0,0,0
NEW-10516,0,0,0
2316-ESMLS,0,0,0
5495-GPSRW,0,0,0
7554-AKDQF,0,0,0
NEW-11218,0,0,0
7159-NOKYQ,0,0,0
NEW-11976,0,0,0
2798-NYLMZ,0,0,0
0151-ONTOV,1,0,0
5747-PMBSQ,1,0,1
NEW-10550,0,0,0
NEW-12719,0,0,0
3011-WQKSZ,0,0,0
7765-LWVVH,0,0,0
NEW-12092,0,0,0
3078-ZKNTS,0,0,0
8809-RIHDD,1,0,0
NEW-10299,0,0,0
8455-HIRAQ,0,0,0
1052-QJIBV,0,0,0
NEW-13692,0,0,0
NEW-09296,0,0,0
4501-UYKBC,0,0,0
6617-WLBQC,0,0,0
NEW-08010,0,0,0
NEW-08879,0,0,0
NEW-11209,0,0,0
3552-CTCYF,0,0,0
8329-UTMVM,0,0,0
NEW-09606,0,0,0
9822-OAOVB,0,0,0
0519-XUZJU,1,0,0
8722-PRFDV,0,0,0
9600-NAXZN,1,0,1
NEW-09084,0,0,0
8207-DMRVL,0,0,0
9845-PEEKO,0,0,0
3810-DVDQQ,0,0,0
NEW-11900,0,0,0
6360-SVNWV,0,0,0
6127-ISGTU,1,0,1
NEW-07411,0,0,0
NEW-10797,0,0,0
NEW-11630,0,0,0
NEW-07462,0,0,0
5688-KZTSN,1,0,0
NEW-07630,0,0,0
5172-MIGPM,0,0,0
NEW-10337,0,0,0
NEW-11536,0,0,0
1427-VERSM,0,0,0
6473-ULUHT,0,0,0
NEW-12095,0,0,0
6171-ZTVYB,0,0,0
2239-JALAW,1,0,0
NEW-07360,0,0,0
NEW-13594,0,0,0
7754-IXRMC,0,0,0
4611-ANLQC,0,0,0
9685-WKZGT,1,0,1
5914-DVBWJ,1,0,1
NEW-11047,0,0,0
NEW-09134,0,0,0
NEW-10961,0,0,0
1930-BZLHI,0,0,0
4614-NUVZD,1,0,0
9470-YFUYI,0,0,0
1600-DILPE,0,0,0
NEW-13061,0,0,0
2565-JSLRY,1,0,0
NEW-12655,0,0,0
NEW-07212,0,0,0
NEW-09321,0,0,0
NEW-09053,0,0,0
NEW-07545,0,0,0
0670-KDOMA,0,0,0
NEW-10854,0,0,0
NEW-08508,0,0,0
NEW-09291,0,0,0
NEW-09157,0,0,0
9820-RMCQV,1,0,0
NEW-12090,0,0,0
NEW-09492,0,0,0
NEW-11045,0,0,0
NEW-11347,0,0,0
NEW-09880,0,0,0
NEW-07776,0,0,0
3689-MOZGR,0,0,0
9576-SYUHJ,0,0,0
NEW-08139,0,0,0
1618-CFHME,1,0,1
NEW-08989,0,0,0
5684-FJVYR,0,0,0
9978-HYCIN,0,0,0
8260-NGFNY,1,0,0
NEW-10465,0,0,0
NEW-09279,0,0,0
9348-ROUAI,0,0,0
NEW-10979,0,0,0
0840-DFEZH,0,0,1
6061-GWWAV,0,0,0
NEW-08653,0,0,0
7471-MQPOS,0,0,0
3005-NFMTA,1,0,0
3523-QRQLL,1,0,0
5196-SGOAK,1,0,0
NEW-12920,0,0,0
NEW-09595,0,0,0
NEW-08244,0,0,0
0222-CNVPT,0,0,0
2380-DAMQP,0,0,0
6319-QSUSR,0,0,0
4231-LZUYM,0,0,0
3723-BFBGR,0,0,0
0761-AETCS,1,0,0
7615-ESMYF,1,0,0
0973-KYVNF,0,0,0
NEW-10469,0,0,0
5701-SVCWR,0,0,0
4706-DGAHW,0,0,0
NEW-13256,0,0,0
NEW-11562,0,0,0
NEW-12722,0,0,0
2642-MAWLJ,0,0,0
NEW-13372,0,0,0
3948-FVVRP,0,0,0
NEW-09267,0,0,0
8384-FZBJK,0,0,1
5889-JTMUL,1,0,0
NEW-12544,0,0,0
NEW-09776,0,0,0
8573-JGCZW,0,0,0
3995-WFCSM,0,0,0
NEW-13154,0,0,0
NEW-11431,0,0,0
NEW-12323,0,0,0
NEW-12625,0,0,0
7037-MTYVW,0,0,0
NEW-07213,0,0,0
NEW-07058,0,0,0
1496-GGSUK,1,0,0
NEW-13879,0,0,0
NEW-08618,0,0,0
0324-BRPCJ,1,0,1
NEW-13712,0,0,0
5498-TXHLF,1,0,0
NEW-09544,0,0,0
5134-IKDAY,1,0,0
NEW-10437,0,0,0
9060-HJJRW,0,0,0
NEW-10065,0,0,0
NEW-12448,0,0,0
5125-CNDSP,0,0,0
NEW-09591,0,0,0
0853-TWRVK,0,0,0
8189-HBVRW,0,0,0
NEW-13307,0,0,0
NEW-14056,0,0,0
4501-VCPFK,0,0,0
2519-LBNQL,0,0,0
6715-OFDBP,1,0,0
3166-PNEOF,0,0,0
NEW-10607,0,0,0
2080-GKCWQ,0,0,1
4942-VZZOM,0,0,0
NEW-11093,0,0,0
NEW-10259,0,0,0
NEW-08601,0,0,0
0345-HKJVM,1,0,1
NEW-07338,0,0,0
NEW-13357,0,0,0
NEW-08711,0,0,0
NEW-11892,0,0,0
7251-XFOIL,0,0,0
5766-XQXMQ,1,0,0
8757-TFHHJ,0,0,0
8317-BVKSO,0,0,0
2866-IKBTM,0,0,0
0570-BFQHT,0,0,0
2346-DJQTB,0,0,0
5766-ZJYBB,1,0,0
3398-ZOUAA,1,0,0
NEW-12039,0,0,0
7619-PLRLP,0,0,0
8272-ONJLV,0,0,0
NEW-07992,0,0,0
NEW-09088,0,0,0
2361-UPSND,0,0,0
0356-OBMAC,0,0,0
NEW-09110,0,0,0
3085-QUOZK,1,0,0
0928-JMXNP,0,0,1
3211-ILJTT,1,0,0
9776-CLUJA,1,0,0
8181-YHCMF,0,0,0
NEW-13330,0,0,0
NEW-08012,0,0,0
NEW-09863,0,0,0
2074-GUHPQ,0,0,0
NEW-13386,0,0,0
5567-GZKQY,0,0,0
6993-YCOBK,0,0,0
5281-BUZGT,1,0,0
NEW-10690,0,0,0
NEW-13918,0,0,0
NEW-13723,0,0,0
9347-AERRL,0,0,0
3374-PZLXD,0,0,0
NEW-08647,0,0,0
7952-OBOYL,0,0,1
6097-EQISJ,1,0,0
NEW-13088,0,0,0
6877-TJMBR,1,0,0
NEW-09820,0,0,0
4648-YPBTM,0,0,0
NEW-07455,0,0,0
0829-XXPLX,0,0,0
NEW-12736,0,0,0
NEW-08807,0,0,0
2267-WTPYD,0,0,0
3378-AJRAO,0,0,0
NEW-12342,0,0,0
2011-TRQYE,1,0,0
NEW-10794,0,0,0
4636-TVXVG,0,0,0
9277-JOOMO,0,0,0
1525-LNLOJ,0,0,0
0568-ONFPC,1,0,0
8065-YKXKD,1,0,1
3569-JFODW,0,0,0
0376-OIWME,0,0,0
NEW-13292,0,0,0
NEW-11025,0,0,0
NEW-12932,0,0,0
5966-EMAZU,0,0,0
NEW-10181,0,0,0
8198-RKSZG,0,0,0
NEW-13738,0,0,0
NEW-10539,0,0,0
6827-IEAUQ,0,0,0
8975-SKGRX,0,0,0
NEW-11169,0,0,0
NEW-10883,0,0,0
2320-JRSDE,1,0,0
NEW-10251,0,0,0
2027-WKXMW,0,0,0
3096-WPXBT,0,0,0
NEW-07404,0,0,0
5649-TJHOV,1,0,0
2164-SOQXL,0,0,0
NEW-10072,0,0,0
NEW-12008,0,0,0
4538-WNTMJ,0,0,0
6483-OATDN,0,0,0
2665-NPTGL,0,0,1
NEW-11525,0,0,0
5161-XEUVX,0,0,0
NEW-07299,0,0,0
4816-JBHOV,1,0,1
NEW-07526,0,0,0
0310-VQXAM,0,0,0
NEW-12997,0,0,0
NEW-09737,0,0,0
NEW-12424,0,0,0
7721-JXEAW,1,0,0
9916-AYHTC,0,0,0
8785-CJSHH,0,0,1
NEW-09374,0,0,0
8313-AFGBW,0,0,0
NEW-11001,0,0,0
NEW-07647,0,0,0
8347-GDTMP,0,0,0
3807-XHCJH,0,0,0
NEW-08580,0,0,0
NEW-12453,0,0,0
NEW-11872,0,0,0
NEW-08470,0,0,0
NEW-07859,0,0,0
8328-SKJNO,0,0,0
NEW-13527,0,0,0
NEW-12979,0,0,0
NEW-11602,0,0,0
4785-QRJHC,1,0,0
9574-BOSMD,0,0,0
1265-ZFOSD,0,0,0
NEW-07783,0,0,0
NEW-07681,0,0,0
2000-MPKCA,0,0,1
0795-LAFGP,0,0,0
6034-ZRYCV,1,0,0
9279-CJEOJ,0,0,1
5472-CVMDX,0,0,0
NEW-07102,0,0,0
3154-CFSZG,0,0,0
NEW-10657,0,0,0
NEW-11294,0,0,0
NEW-13214,0,0,0
NEW-07845,0,0,0
NEW-07889,0,0,0
NEW-07052,0,0,0
NEW-12553,0,0,0
NEW-13323,0,0,0
NEW-11207,0,0,0
NEW-13565,0,0,0
2469-DTSGX,0,0,0
3565-UNOCC,1,0,1
3315-IKYZQ,0,0,0
6311-UEUME,1,0,1
NEW-11097,0,0,0
NEW-13048,0,0,0
NEW-08099,0,0,0
NEW-09431,0,0,0
NEW-08197,0,0,0
NEW-10975,0,0,0
NEW-11787,0,0,0
4381-MHQDC,0,0,0
NEW-07540,0,0,0
9762-YAQAA,0,0,0
0224-NIJLP,0,0,0
NEW-13233,0,0,0
9086-YJYXS,0,0,0
NEW-09091,0,0,0
NEW-11913,0,0,0
NEW-13043,0,0,0
7011-CVEUC,0,0,0
3737-XBQDD,0,0,0
9199-PWQVC,0,0,0
5879-HMFFH,0,0,0
2468-SJFLM,0,0,0
NEW-10992,0,0,0
9214-EKVXR,0,0,0
NEW-13957,0,0,0
6265-SXWBU,0,0,0
6729-GDNGC,0,0,0
NEW-10587,0,0,0
2845-HSJCY,1,0,1
4871-JTKJF,1,0,0
NEW-13012,0,0,0
8314-HTWVE,0,0,0
NEW-09017,0,0,0
8791-GFXLZ,0,0,0
9555-SAHUZ,0,0,0
6437-UKHMV,1,0,1
7182-OVLBJ,0,0,0
NEW-08300,0,0,0
3227-WLKLI,0,0,0
4510-PYUSH,1,0,0
NEW-07796,0,0,0
0923-PNFUB,1,0,1
5448-VWNAM,0,0,0
NEW-12206,0,0,0
4697-LUPSU,0,0,0
NEW-07061,0,0,0
6211-WHMYA,0,0,0
NEW-13715,0,0,0
NEW-09675,0,0,0
9494-BDNNC,0,0,0
0048-LUMLS,0,0,0
NEW-10104,0,0,0
NEW-10298,0,0,0
NEW-10902,0,0,0
1834-ABKHQ,0,0,0
NEW-14083,0,0,0
NEW-12218,0,0,0
3354-OADJP,0,0,0
NEW-13523,0,0,0
NEW-10450,0,0,0
NEW-09045,0,0,0
NEW-11300,0,0,0
1323-OOEPC,1,0,0
NEW-09278,0,0,0
NEW-08414,0,0,0
3815-SLMEF,1,0,0
5828-DWPIL,0,0,0
NEW-11918,0,0,0
4703-MQYKT,0,0,0
NEW-08055,0,0,0
2560-PPCHE,0,0,0
NEW-11446,0,0,0
4365-MSDYN,0,0,0
6366-ZGQGL,1,0,0
3021-VLNRJ,0,0,0
NEW-13308,0,0,0
NEW-13943,0,0,0
NEW-12249,0,0,0
NEW-13339,0,0,0
NEW-13237,0,0,0
1689-YQBYY,0,0,1
7803-XOCCZ,0,0,0
3164-AALRN,1,0,0
9206-GVPEQ,1,0,0
7994-XIRTR,0,0,0
NEW-11008,0,0,0
NEW-07646,0,0,0
NEW-13701,0,0,0
1347-KTTTA,0,0,0
3547-LQRIK,0,0,0
5311-IHLEI,0,0,0
8562-GHPPI,0,0,0
NEW-09356,0,0,0
NEW-14135,0,0,0
6347-DCUIK,1,0,1
7459-IMVYU,0,0,0
5482-VXSXJ,0,0,0
NEW-11449,0,0,0
NEW-14108,0,0,0
NEW-13487,0,0,0
NEW-11557,0,0,0
9092-GDZKO,0,0,0
7296-PIXQY,0,0,1
4291-TPNFG,0,0,0
4869-EPIUS,0,0,0
NEW-13530,0,0,0
NEW-10285,0,0,0
NEW-11871,0,0,0
NEW-09487,0,0,0
5214-CHIWJ,0,0,0
0822-GAVAP,1,0,1
NEW-08666,0,0,0
NEW-09995,0,0,0
NEW-09026,0,0,0
NEW-08108,0,0,0
NEW-07264,0,0,0
7740-KKCXF,0,0,0
NEW-12355,0,0,0
NEW-12213,0,0,0
NEW-07262,0,0,0
NEW-09021,0,0,0
8695-ARGXZ,0,0,1
NEW-13551,0,0,0
NEW-11088,0,0,0
4489-SNOJF,1,0,0
8561-NMTBD,0,0,0
0471-LVHGK,1,0,0
NEW-08915,0,0,0
NEW-13993,0,0,0
1548-ARAGG,0,0,0
5126-RCXYW,0,0,0
8104-OSKWT,0,0,0
NEW-11952,0,0,0
2277-VWCNI,0,0,0
8565-HBFNN,0,0,0
0508-SQWPL,0,0,0
7337-CINUD,0,0,0
9957-YODKZ,0,0,1
NEW-13082,0,0,0
NEW-10441,0,0,0
2863-IMQDR,0,0,0
0576-WNXXC,1,0,1
NEW-13103,0,0,0
2845-AFFTX,1,0,1
2362-IBOOY,1,0,1
NEW-07078,0,0,0
2961-VNFKL,0,0,0
NEW-10210,0,0,0
3179-GBRWV,0,0,0
3055-MJDSB,0,0,0
1530-ZTDOZ,0,0,0
7136-RVDTZ,1,0,0
NEW-13840,0,0,0
9500-LTVBP,0,0,0
7351-KYHQH,0,0,0
NEW-12358,0,0,0
NEW-12963,0,0,0
9153-BTBVV,0,0,0
9842-EFSYY,0,0,0
1448-CYWKC,0,0,0
NEW-09980,0,0,0
NEW-08657,0,0,0
5847-MXBEO,0,0,0
NEW-09325,0,0,0
NEW-10421,0,0,0
NEW-12876,0,0,0
4718-DHSMV,0,0,0
NEW-12127,0,0,0
0859-YGKFW,0,0,0
NEW-09144,0,0,0
4011-ARPHK,0,0,0
NEW-08683,0,0,0
5014-GSOUQ,0,0,0
7654-YWJUF,0,0,0
3077-RSNTJ,0,0,0
NEW-13899,0,0,0
2305-MRGLV,0,0,0
NEW-10347,0,0,0
NEW-09097,0,0,0
5035-PGZXH,0,0,1
NEW-07967,0,0,0
0383-CLDDA,0,0,0
9602-WCXPI,0,0,0
NEW-09223,0,0,0
NEW-07725,0,0,0
7853-OETYL,0,0,0
NEW-13364,0,0,0
NEW-08398,0,0,0
0430-IHCDJ,0,0,1
9894-QMIMJ,0,0,0
NEW-08232,0,0,0
7351-MHQVU,0,0,0
7733-UDMTP,0,0,1
NEW-09556,0,0,0
NEW-08190,0,0,0
NEW-13534,0,0,0
NEW-13204,0,0,0
6082-OQFBA,0,0,0
8749-TZYEC,0,0,0
2560-WBWXF,0,0,0
2907-ILJBN,0,0,0
7890-VYYWG,1,0,1
NEW-10064,0,0,0
NEW-11054,0,0,0
NEW-09353,0,0,0
3339-EAQNV,0,0,0
3761-FLYZI,0,0,0
NEW-07240,0,0,0
NEW-12687,0,0,0
NEW-11000,0,0,0
NEW-08966,0,0,0
3428-MMGUB,0,0,0
1705-GUHPV,0,0,0
3318-ISQFQ,0,0,0
1849-RJYIG,0,0,0
NEW-10129,0,0,0
NEW-13160,0,0,0
NEW-11777,0,0,0
3752-CQSJI,0,0,0
4759-PXTAN,0,0,0
8775-CEBBJ,1,0,0
9938-PRCVK,0,0,0
NEW-11819,0,0,0
NEW-09294,0,0,0
NEW-13396,0,0,0
3071-MVJCD,0,0,0
NEW-09115,0,0,0
NEW-10968,0,0,0
NEW-13385,0,0,0
NEW-08411,0,0,0
5600-KTXFM,0,0,0
2625-TRCZQ,0,0,0
9397-TZSHA,0,0,0
NEW-11591,0,0,0
0330-BGYZE,0,0,0
NEW-07257,0,0,0
NEW-10060,0,0,0
NEW-10034,0,0,0
4500-HKANN,0,0,0
NEW-10932,0,0,0
NEW-08743,0,0,0
8868-WOZGU,1,0,1
3778-FOAQW,0,0,0
NEW-12781,0,0,0
1985-MBRYP,0,0,0
0680-DFNNY,1,0,1
NEW-08762,0,0,0
9643-YBLUR,0,0,0
NEW-10665,0,0,0
NEW-07602,0,0,0
NEW-11515,0,0,0
NEW-07771,0,0,0
4821-SJHJV,0,0,0
NEW-10375,0,0,0
8601-QACRS,1,0,0
0257-ZESQC,1,0,0
NEW-11718,0,0,0
NEW-08682,0,0,0
NEW-07048,0,0,0
NEW-10044,0,0,0
7868-BGSZA,0,0,0
NEW-08416,0,0,0
7977-HXJKU,0,0,0
NEW-13602,0,0,0
NEW-07762,0,0,0
NEW-13583,0,0,0
9142-KZXOP,0,0,0
NEW-11526,0,0,0
NEW-11907,0,0,0
7402-PWYJJ,0,0,0
8818-XYFCQ,1,0,1
3635-QQRQD,0,0,0
NEW-08238,0,0,0
3908-MKIMJ,0,0,0
NEW-10022,0,0,0
3186-BAXNB,1,0,0
NEW-10529,0,0,0
0511-JTEOY,1,0,0
NEW-09209,0,0,0
0164-APGRB,0,0,0
NEW-08856,0,0,0
1355-KUSBG,0,0,0
NEW-07574,0,0,0
3050-RLLXC,0,0,0
NEW-13283,0,0,0
4237-CLSMM,0,0,0
5716-LIBJC,0,0,0
NEW-12848,0,0,0
3451-VAWLI,0,0,0
NEW-10674,0,0,0
4102-HLENU,0,0,0
NEW-07118,0,0,0
5445-UTODQ,1,0,1
7107-UBYKY,0,0,0
NEW-13310,0,0,0
0306-JAELE,1,0,1
NEW-12438,0,0,0
7277-OZCGZ,0,0,0
NEW-08537,0,0,0
NEW-09213,0,0,0
NEW-13186,0,0,0
NEW-11828,0,0,0
2439-QKJUL,0,0,0
NEW-10199,0,0,0
8292-FRFZQ,0,0,0
NEW-08127,0,0,0
NEW-08991,0,0,0
NEW-08266,0,0,0
3097-FQTVJ,0,0,0
7660-HDPJV,1,0,0
7269-JISCY,0,0,0
NEW-07200,0,0,0
NEW-12683,0,0,0
0691-IFBQW,1,0,0
NEW-07583,0,0,0
NEW-12774,0,0,0
5986-WWXDV,0,0,0
1635-FJFCC,0,0,0
NEW-12316,0,0,0
NEW-13795,0,0,0
NEW-13384,0,0,0
NEW-11917,0,0,0
NEW-07661,0,0,0
NEW-07320,0,0,0
8069-RHUXK,0,0,0
7384-GHBPI,1,0,1
1041-RXHRA,1,0,0
NEW-12214,0,0,0
0422-OHQHQ,0,0,0
0203-HHYIJ,1,0,0
7000-WCEVQ,1,0,0
NEW-12296,0,0,0
NEW-08214,0,0,0
1465-WCZVT,0,0,0
NEW-12684,0,0,0
NEW-09874,0,0,0
NEW-09849,0,0,0
0887-HJGAR,1,0,0
NEW-12237,0,0,0
NEW-14003,0,0,0
8622-ZLFKO,0,0,1
NEW-07905,0,0,0
NEW-07042,0,0,0
NEW-08054,0,0,0
4039-PIMHX,0,0,0
NEW-10947,0,0,0
8485-GJCDN,1,0,0
6848-HJTXY,0,0,0
NEW-12653,0,0,0
1891-FZYSA,1,0,0
NEW-10042,0,0,0
6900-PXRMS,1,0,1
6198-ZFIOJ,0,0,1
NEW-13286,0,0,0
5188-HGMLP,0,0,0
NEW-10948,0,0,0
4178-EGMON,0,0,0
0529-ONKER,1,0,1
2595-KIWPV,0,0,0
2809-ILCYT,0,0,0
NEW-08897,0,0,0
NEW-09739,0,0,0
NEW-11222,0,0,0
2486-WYVVE,0,0,0
6652-YFFJO,0,0,0
NEW-08241,0,0,0
NEW-09745,0,0,0
1184-PJVDB,1,0,1
2834-JKOOW,0,0,0
2580-ASVVY,0,0,0
NEW-10205,0,0,0
3108-PCCGG,0,0,0
NEW-07740,0,0,0
6814-ZPWFQ,0,0,0
NEW-12315,0,0,0
NEW-13471,0,0,0
NEW-13322,0,0,0
NEW-07470,0,0,0
NEW-08173,0,0,0
7005-CCBKV,1,0,1
8592-PLTMQ,0,0,0
NEW-09719,0,0,0
NEW-12120,0,0,0
8942-DBMHZ,0,0,0
6164-HAQTX,0,0,0
NEW-08274,0,0,0
NEW-11228,0,0,0
8022-BECSI,0,0,0
NEW-13217,0,0,0
7248-VZQLC,1,0,0
4603-JANFB,1,0,0
4765-OXPPD,1,0,0
8309-PPCED,0,0,0
1725-IQNIY,1,0,0
NEW-10737,0,0,0
NEW-13894,0,0,0
0315-LVCRK,0,0,1
2931-FSOHN,0,0,0
1370-GGAWX,0,0,0
3785-NRHYR,0,0,0
6854-EXGSF,0,0,0
2585-KTFRE,0,0,0
NEW-13887,0,0,0
7903-CMPEY,1,0,0
NEW-10405,0,0,0
5846-NEQVZ,0,0,0
8280-MQRQN,1,0,0
NEW-12497,0,0,0
NEW-08650,0,0,0
4710-FDUIZ,1,0,0
5857-XRECV,0,0,0
4962-CHQPW,0,0,0
NEW-10707,0,0,0
9140-CZQZZ,0,0,0
0378-XSZPU,1,0,0
NEW-13905,0,0,0
NEW-07789,0,0,0
NEW-08592,0,0,0
NEW-12715,0,0,0
8043-PNYSD,0,0,0
4236-XPXAV,1,0,1
0281-CNTZX,0,0,0
NEW-07342,0,0,0
NEW-11038,0,0,0
NEW-08547,0,0,0
NEW-09702,0,0,0
NEW-10306,0,0,0
NEW-12340,0,0,0
NEW-11663,0,0,0
3417-TSCIC,0,0,0
9101-NTIXF,0,0,0
NEW-12190,0,0,0
NEW-08155,0,0,0
NEW-09914,0,0,0
2995-YWTCD,0,0,0
4111-BNXIF,0,0,0
NEW-08164,0,0,0
NEW-08780,0,0,0
NEW-11722,0,0,0
0361-HJRDX,0,0,0
NEW-08024,0,0,0
NEW-13334,0,0,0
NEW-07222,0,0,0
2001-MCUUW,0,0,0
NEW-09740,0,0,0
9933-QRGTX,0,0,0
6108-OQZDQ,1,0,1
7075-BNDVQ,0,0,0
NEW-09499,0,0,0
NEW-07073,0,0,0
9114-AAFQH,0,0,0
NEW-13428,0,0,0
2876-VBBBL,1,0,0
3753-TSEMP,1,0,1
5120-ZBLAI,0,0,0
8065-BVEPF,0,0,0
NEW-12101,0,0,0
7242-QZLXF,1,0,0
7742-MYPGI,0,0,0
NEW-11389,0,0,0
NEW-13458,0,0,0
9753-OYLBX,0,0,0
7191-ADRGF,0,0,0
NEW-10419,0,0,0
NEW-09150,0,0,0
NEW-11570,0,0,0
2659-VXMWZ,1,0,0
6372-RFVNS,1,0,0
NEW-07171,0,0,0
3058-WQDRE,0,0,0
4608-LCIMN,0,0,0
3649-JPUGY,0,0,0
6288-LBEAR,0,0,0
4576-CSAJH,1,0,0
NEW-09584,0,0,0
7601-GNDYK,0,0,0
NEW-13875,0,0,0
4822-RVYBB,1,0,1
9337-SRRNI,0,0,0
3724-BSCVH,0,0,0
NEW-13093,0,0,0
7469-LKBCI,0,0,0
NEW-10790,0,0,0
NEW-08103,0,0,0
NEW-08899,0,0,0
4475-NVTLU,0,0,0
NEW-08763,0,0,0
3665-JATSN,0,0,0
NEW-09852,0,0,0
NEW-07318,0,0,0
NEW-08798,0,0,0
NEW-12212,0,0,0
4508-OEBEY,0,0,0
NEW-09397,0,0,0
NEW-08106,0,0,0
5693-PIPCS,0,0,0
NEW-08522,0,0,0
3426-NIYYL,1,0,0
6120-RJKLU,0,0,0
NEW-11910,0,0,0
4123-DVHPH,0,0,1
2984-AFWNC,0,0,1
5324-KTGCG,0,0,0
NEW-08993,0,0,0
NEW-07748,0,0,0
NEW-08968,0,0,0
8990-YOZLV,0,0,0
7538-GWHML,1,0,1
0930-EHUZA,0,0,0
NEW-10005,0,0,0
NEW-09011,0,0,0
8008-ESFLK,0,0,0
6967-PEJLL,0,0,0
1555-HAPSU,0,0,0
6173-ITPWD,1,0,0
NEW-13282,0,0,0
0336-KXKFK,0,0,0
1069-QJOEE,0,0,0
NEW-08663,0,0,0
NEW-07952,0,0,0
NEW-13079,0,0,0
NEW-07767,0,0,0
4598-ZADCK,0,0,0
6661-HBGWL,1,0,1
3831-YCPUO,0,0,0
8080-DDEMJ,1,0,0
8245-UMPYT,1,0,1
NEW-08449,0,0,0
4067-HLYQI,0,0,0
NEW-09585,0,0,0
2397-BRLOM,1,0,1
NEW-11609,0,0,0
NEW-12678,0,0,0
NEW-07885,0,0,0
NEW-12123,0,0,0
NEW-12276,0,0,0
NEW-10090,0,0,0
NEW-13779,0,0,0
6285-FTQBF,0,0,0
NEW-09221,0,0,0
NEW-10791,0,0,0
NEW-07819,0,0,0
NEW-13249,0,0,0
NEW-12599,0,0,0
NEW-09811,0,0,0
4976-LNFVV,0,0,0
NEW-12570,0,0,0
NEW-11744,0,0,0
6161-UUUTA,1,0,1
NEW-10624,0,0,0
6599-GZWCM,0,0,0
NEW-12587,0,0,0
4892-VLANZ,1,0,0
NEW-08571,0,0,0
NEW-14078,0,0,0
NEW-13784,0,0,0
9778-OGKQZ,0,0,0
NEW-09215,0,0,0
8266-VBFQL,0,0,1
NEW-10191,0,0,0
1436-ZMJAN,0,0,0
9420-LOJKX,1,0,1
NEW-13208,0,0,0
NEW-11687,0,0,0
NEW-10397,0,0,0
1591-MQJTP,0,0,0
4806-DXQCE,0,0,0
NEW-10575,0,0,0
7593-XFKDI,1,0,0
9138-EFSMO,0,0,0
NEW-10032,0,0,0
NEW-12726,0,0,0
NEW-11267,0,0,0
NEW-08389,0,0,0
NEW-09260,0,0,0
NEW-14081,0,0,0
3813-DHBBB,0,0,0
7854-EDSSA,1,0,0
6036-TTFYU,0,0,0
4801-JZAZL,0,0,0
2674-MIAHT,0,0,1
NEW-11316,0,0,0
0164-XAIRP,0,0,0
NEW-08875,0,0,0
NEW-13445,0,0,0
8344-WFMFH,0,0,0
NEW-07596,0,0,0
NEW-13112,0,0,0
4657-FWVFY,0,0,0
NEW-10263,0,0,0
NEW-10911,0,0,0
NEW-09771,0,0,0
2805-EDJPQ,0,0,0
NEW-09056,0,0,0
NEW-09970,0,0,0
NEW-08982,0,0,0
NEW-12363,0,0,0
NEW-07409,0,0,0
NEW-12883,0,0,0
NEW-09047,0,0,0
NEW-09508,0,0,0
8059-UDZFY,0,0,0
NEW-09199,0,0,0
1585-MQSSU,1,0,0
4929-BSTRX,1,0,0
4092-OFQZS,0,0,0
9367-TCUYN,0,0,0
4317-VTEOA,1,0,0
NEW-12618,0,0,0
NEW-08347,0,0,0
NEW-13448,0,0,0
4139-SUGLD,1,0,0
NEW-11466,0,0,0
9143-CANJF,0,0,0
5504-WSIUR,0,0,0
NEW-13213,0,0,0
5644-PDMZC,1,0,1
5150-ITWWB,0,0,1
NEW-10723,0,0,0
NEW-13278,0,0,0
5649-VUKMC,1,0,0
3055-OYMSE,0,0,1
NEW-12797,0,0,0
NEW-13667,0,0,0
NEW-08440,0,0,0
NEW-13775,0,0,0
2077-DDHJK,0,0,0
NEW-12508,0,0,0
5419-JPRRN,1,0,0
NEW-14053,0,0,0
0916-KNFAJ,0,0,0
NEW-13953,0,0,0
NEW-10335,0,0,0
0536-ACXIP,0,0,0
NEW-14126,0,0,0
NEW-12935,0,0,0
5931-FLJJF,1,0,0
NEW-10766,0,0,0
5181-OABFK,0,0,0
6557-BZXLQ,0,0,1
NEW-11373,0,0,0
1043-UXOVO,0,0,0
NEW-08363,0,0,0
NEW-07622,0,0,0
6754-WKSHP,0,0,0
3066-RRJIO,1,0,0
2272-JKMSI,0,0,0
3696-DFHHB,0,0,0
2829-HYVZP,0,0,0
NEW-07858,0,0,0
5605-XNWEN,0,0,0
NEW-09307,0,0,0
NEW-12103,0,0,0
NEW-13202,0,0,0
7112-OPOTK,1,0,0
8246-SHFGA,0,0,0
NEW-09730,0,0,0
NEW-12964,0,0,0
NEW-13099,0,0,0
7217-JYHOQ,0,0,0
NEW-07847,0,0,0
NEW-11105,0,0,0
9626-WEQRM,0,0,0
7636-PEPNS,0,0,0
NEW-10996,0,0,0
5628-RKIFK,0,0,1
4369-NYSCF,0,0,0
NEW-09527,0,0,0
NEW-09718,0,0,0
NEW-11632,0,0,0
NEW-08884,0,0,0
1626-ERCMM,1,0,1
NEW-08525,0,0,0
8887-IPQNC,0,0,0
6916-HIJSE,0,0,0
6142-VSJQO,1,0,0
NEW-13363,0,0,0
NEW-07777,0,0,0
NEW-11636,0,0,0
NEW-13318,0,0,0
0947-MUGVO,1,0,1
7054-LGEQW,1,0,0
3230-WYKIR,1,0,0
NEW-12473,0,0,0
5012-YSPJJ,0,0,0
3948-XHGNA,1,0,0
NEW-13570,0,0,0
NEW-11078,0,0,0
NEW-08677,0,0,0
8313-NDOIA,0,0,1
0133-BMFZO,1,0,0
8823-RLPWL,0,0,0
NEW-07271,0,0,0
NEW-09078,0,0,0
NEW-07474,0,0,0
5553-AOINX,0,0,0
NEW-10776,0,0,0
9150-KPBJQ,0,0,0
9894-EZEWG,1,0,0
6202-DYYFX,0,0,0
6199-IWKGC,0,0,0
8763-KIAFH,0,0,0
NEW-07644,0,0,0
5804-JMYIO,0,0,0
8566-YPRGL,0,0,0
6094-ZIVKX,0,0,0
NEW-07339,0,0,0
8896-BQTTI,0,0,0
0902-RFHOF,0,0,0
5186-PEIZU,0,0,0
NEW-11307,0,0,0
NEW-09274,0,0,0
2041-JIJCI,0,0,0
NEW-11342,0,0,0
NEW-13129,0,0,0
NEW-11066,0,0,0
NEW-09948,0,0,0
2877-VDUER,0,0,0
4366-CTOUZ,0,0,0
NEW-10297,0,0,0
NEW-08880,0,0,0
NEW-07045,0,0,0
9938-EKRGF,0,0,0
NEW-13018,0,0,0
NEW-11216,0,0,0
NEW-08100,0,0,0
9067-YGSCA,0,0,0
NEW-09425,0,0,0
3503-TYDAY,0,0,0
NEW-08132,0,0,0
NEW-13290,0,0,0
NEW-08163,0,0,0
NEW-10984,0,0,0
2453-SAFNS,0,0,0
NEW-11369,0,0,0
7294-TMAOP,1,0,0
NEW-10045,0,0,0
8216-AZUUZ,0,0,0
NEW-12292,0,0,0
1200-TUZHR,0,0,1
NEW-08614,0,0,0
5027-YOCXN,0,0,0
NEW-12828,0,0,0
2587-YNLES,0,0,0
7026-YMSBE,0,0,0
NEW-11548,0,0,0
4419-UJMUS,0,0,0
0813-TAXXS,0,0,0
4060-LDNLU,0,0,1
NEW-08283,0,0,0
NEW-11458,0,0,0
NEW-07972,0,0,0
9896-UYMIE,0,0,0
0959-WHOKV,0,0,0
