cliente,real,lineal_simple,lineal_multiple
1024-GUALD,24.8,54.96171301254285,24.96102051901655
0484-JPBRU,25.25,67.44127231291014,24.98849554320933
3620-EHIMZ,19.35,70.87315112051115,19.91703089325737
6910-HADCM,76.35,54.96171301254285,74.99230732330675
8587-XYZSF,50.55,75.55298585814889,50.002768353505125
6818-WOBHJ,89.6,75.86497484065808,89.8796297699435
3082-YVEKW,77.15,61.82547062774486,75.04364391593872
4737-AQCPU,72.1,77.1129307706948,70.08379233497989
4853-RULSV,104.0,76.48895280567643,104.97527804068244
5766-ZJYBB,19.4,54.96171301254285,19.990172162080214
2668-TZSPS,20.45,54.96171301254285,19.990172162080214
3192-LNKRK,84.05,65.25734943534587,84.96220345158807
5315-CKEQK,51.0,63.38541554029078,49.95512376092862
5914-DVBWJ,85.45,60.26552571519895,84.9544174533136
7998-ZLXWN,20.45,59.3295587676714,20.01410635790567
6328-ZPBGN,95.15,58.08160283763468,94.89071746763415
9530-EHPOH,53.75,58.08160283763468,55.05411248264808
1853-UDXBW,70.0,54.96171301254285,69.95373910141194
2672-TGEFF,88.8,66.19331638287342,89.92847268764481
1902-XBTFB,89.4,61.51348164523568,89.95335514241626
1640-PLFMP,70.25,54.96171301254285,69.96142085385083
3679-XASPY,19.45,54.96171301254285,19.95877448931501
7356-IWLFW,80.0,69.00121722545606,79.95033413152773
9036-CSKBW,107.45,70.56116213800198,109.94732606351673
8952-WCVCD,104.45,67.44127231291014,104.93288793871798
2100-BDNSN,67.95,56.209668942579576,70.05898184246675
2869-ADAWR,89.3,68.68922824294688,89.98238384137332
5832-EXGTT,60.2,63.69740452279996,59.98281678200266
9402-ORRAH,91.5,59.3295587676714,89.87622942321573
4967-WPNCF,63.7,77.1129307706948,64.94488435537131
8033-VCZGH,103.95,70.24917315549278,104.95687143507519
9392-XBGTD,20.6,63.073426557781595,19.93126813528736
0078-XZMHT,85.15,77.1129307706948,84.94902320513701
0743-HNPFG,69.75,70.56116213800198,69.98015730020346
5334-JLAXU,94.1,73.36906298058462,94.98057864660561
5696-EXCYS,19.45,59.95353673268977,19.991840234307098
2569-WGERO,21.15,77.1129307706948,19.93025001410391
5219-YIPTK,104.4,64.9453604528367,104.91306792150527
5553-AOINX,104.9,75.24099687563971,104.83983675533426
5502-RLUYV,103.95,76.17696382316726,104.88443074376472
2058-DCJBE,69.75,56.209668942579576,69.97320205719555
2293-IJWPS,100.75,72.43309603305707,99.92619769633438
7130-VTEWQ,75.75,57.14563589010713,74.95133502129163
0080-EMYVY,51.45,59.01756978516222,50.00950298727085
0148-DCDOS,94.7,62.449448592763225,94.91833160111867
9170-ARBTB,19.6,70.87315112051115,19.957719448886827
2070-FNEXE,76.45,56.833646907597945,75.01019639337733
5364-EVNIB,79.8,58.70558080265304,79.98316305935512
1112-CUNAO,89.85,59.3295587676714,89.89087300196192
4576-CSAJH,55.15,61.51348164523568,55.025068605773335
9967-ATRFS,19.9,60.57751469770813,19.974682759690143
1360-RCYRT,30.35,61.82547062774486,29.966801648696553
5038-ETMLM,113.65,77.1129307706948,114.94630587671728
5663-QBGIS,98.35,77.1129307706948,99.86368005603956
4194-WHFCB,96.65,73.05707399807542,94.89049784070033
9481-WHGWY,75.35,76.48895280567643,74.98643886789351
5453-YBTWV,101.1,76.48895280567643,100.01742926264285
2018-PZKMU,103.1,57.45762487261631,99.93236576314979
9277-JOOMO,24.6,55.585690977561214,24.985992155838765
3629-ZNKXA,101.8,59.95353673268977,99.89965717374065
0369-ZGOVK,70.4,63.38541554029078,69.91435283402161
3604-WLABM,54.25,57.76961385512549,55.047614912425736
4063-EIKNQ,20.95,58.08160283763468,19.97474566794189
2878-RMWXY,102.65,77.1129307706948,99.96248382657822
9540-JYROE,70.1,57.14563589010713,69.97150147130975
7515-LODFU,20.3,76.17696382316726,19.96555692503951
1839-FBNFR,19.85,66.81729434789179,19.915675138880076
5397-NSKQG,50.9,75.55298585814889,49.93974299640635
1755-FZQEC,19.9,66.81729434789179,19.956185914225664
2160-GPFXD,65.65,71.49712908552952,65.05593984656106
4415-IJZTP,74.5,54.96171301254285,74.97003337796647
9880-TDQAC,60.0,77.1129307706948,59.854929606105415
5138-WVKYJ,98.55,57.76961385512549,99.97776265575986
8844-TONUD,96.65,58.70558080265304,94.9061516144395
0080-OROZO,99.25,65.56933841785505,99.89814073418063
0953-LGOVU,35.5,58.393591820143854,34.962568867421666
5325-UWTWJ,90.55,64.32138248781833,90.0719154509544
1074-AMIOH,108.25,71.18514010302033,104.89811821472078
5906-BFOZT,19.5,54.96171301254285,19.980228974501994
7026-YMSBE,19.7,64.00939350530913,19.95770290474421
6572-ADKRS,74.8,69.00121722545606,75.00990159908895
5922-ABDVO,89.65,60.57751469770813,89.93953150418835
6475-VHUIZ,54.25,61.82547062774486,55.047855745773454
1324-NLTJE,55.0,59.3295587676714,55.052045322946114
4361-FEBGN,20.15,69.62519519047443,19.98661504474321
8393-DLHGA,95.9,62.449448592763225,94.87231471534052
6769-DCQLI,105.0,70.87315112051115,104.90329818759143
3018-TFTSU,81.7,58.393591820143854,80.06027079925812
2324-AALNO,24.55,69.62519519047443,24.957222251143918
2300-RQGOI,20.05,66.5053053653826,19.93952783007807
6133-OZILE,35.2,60.26552571519895,34.99106815322893
7605-SNLQG,50.25,68.68922824294688,50.05492495435884
5348-CAGXB,89.55,58.393591820143854,89.99585627092051
0201-MIBOL,102.4,75.24099687563971,99.90165542777444
7083-MIOPC,20.25,77.1129307706948,19.970114315340773
0562-KBDVM,44.6,76.48895280567643,44.99807923546827
1173-NOEYG,90.15,63.073426557781595,89.94457929284599
7698-YFGEZ,20.0,54.96171301254285,19.990172162080214
9061-TIHDA,95.25,58.70558080265304,94.90006651956298
0016-QLJIS,90.45,74.92900789313052,89.96094307678453
7296-PIXQY,70.2,59.01756978516222,69.9490356591104
9102-IAYHT,85.45,59.95353673268977,84.88760785044981
6447-EGDIV,20.95,64.32138248781833,19.94507892888918
3460-TJBWI,24.2,62.13745961025405,24.942818364783697
3744-ZBHON,20.2,55.585690977561214,19.978574554102735
1092-GANHU,76.65,59.95353673268977,74.99212268504853
3948-KXDUF,68.75,75.24099687563971,70.07501972212546
7284-ZZLOH,53.3,68.68922824294688,55.097532021043676
6745-JEFZB,91.5,65.56933841785505,90.02299251406728
2606-PKWJB,40.25,67.12928333040097,39.97999697453978
1624-WOIWJ,84.7,57.76961385512549,85.00514808202524
8777-PVYGU,64.3,70.87315112051115,65.03628569880799
4770-QAZXN,19.45,58.70558080265304,20.012011425035283
8012-SOUDQ,90.25,68.06525027792851,89.93008005926387
5546-BYZSM,20.45,67.44127231291014,19.972169483024416
0523-VNGTF,50.5,70.87315112051115,49.95246327054282
3779-OSWCF,93.2,76.80094178818563,90.02876149134951
8535-SFUTN,106.45,73.6810519630938,104.98016647045424
2320-SLKMB,44.45,62.76143757527241,45.01912042241163
7169-YWAMK,68.4,77.1129307706948,70.01859370457392
8434-PNQZX,78.45,67.75326129541934,79.97874733433164
4981-FLTMF,65.2,72.43309603305707,65.05495322969439
9424-CMPOG,19.6,57.45762487261631,19.93673415819897
3627-FCRDW,71.0,57.45762487261631,69.97001560541256
1518-OMDIK,44.55,64.9453604528367,45.04845974785883
8393-JMVMB,19.45,54.96171301254285,19.990172162080214
7638-QVMVY,79.0,56.833646907597945,79.95468781608449
6140-QNRQQ,71.55,54.96171301254285,69.97268135282417
7969-FFOWG,19.9,74.92900789313052,19.92729510608355
1342-JPNKI,86.05,57.76961385512549,84.98045140034144
7080-TNUWP,95.0,76.48895280567643,94.95649843349211
8949-JTMAY,98.6,63.69740452279996,99.9560663572938
0654-HMSHN,104.4,61.2014926627265,104.91491996879483
2725-KXXWT,90.75,54.96171301254285,89.91099512463249
2439-QKJUL,20.25,56.209668942579576,19.98949794407197
1935-IMVBB,89.7,72.12110705054789,89.91047289221774
4628-WQCQQ,85.15,65.56933841785505,84.93321660081487
3724-BSCVH,20.45,57.76961385512549,19.940936820993585
7605-BDWDC,49.85,64.32138248781833,49.924118097479095
7137-RYLPP,85.7,66.19331638287342,84.95561269320537
3207-OYBWH,95.25,72.43309603305707,94.91488257269685
4707-YNOQA,25.6,65.25734943534587,24.95942276646135
6956-SMUCM,99.0,55.585690977561214,100.00399710205832
8714-CTZJW,82.85,55.8976799600704,84.95738940648366
3662-FXJFO,20.5,71.49712908552952,19.926887770466877
7623-HKYRK,19.7,56.52165792508876,19.966760173903552
1353-GHZOS,59.75,61.51348164523568,60.03925069801922
3323-CPBWR,96.9,61.82547062774486,95.0435264080952
6152-ONASV,58.25,75.86497484065808,60.05772101276349
9251-AWQGT,20.0,69.62519519047443,19.91770511126562
4803-LBYPN,20.8,65.25734943534587,19.964472689720353
8879-ZKJOF,79.85,67.44127231291014,79.99691432018265
7354-OIJLX,75.85,57.45762487261631,74.98114036330296
9129-UXERG,103.6,60.26552571519895,104.92422667682094
5302-BDJNT,95.5,65.56933841785505,95.01632452569555
7148-XZPHA,79.4,71.8091180680387,79.95934832292144
2651-ZCBXV,108.0,71.49712908552952,109.96834106901377
1304-NECVQ,78.55,55.27370199505203,79.97328963018171
3374-TTZTK,106.3,70.87315112051115,109.9483185617013
0229-LFJAF,69.65,77.1129307706948,70.07400839511308
1304-BCCFO,70.05,57.45762487261631,69.97181780700741
0455-XFASS,69.55,55.585690977561214,69.94094657105485
0221-WMXNQ,75.35,55.8976799600704,75.01795617594198
2882-WDTBA,75.75,76.17696382316726,75.0300994623796
8069-RHUXK,35.7,75.55298585814889,35.00700258824341
4806-KEXQR,79.9,55.8976799600704,79.91377913000576
2817-NTQDO,45.55,58.70558080265304,45.064984622240246
3230-IUALN,81.0,68.68922824294688,79.96533548641176
6500-JVEGC,101.35,75.86497484065808,100.01650754002651
7103-ZGVNT,73.7,76.17696382316726,75.0495488017981
1837-YQUCE,58.35,76.48895280567643,59.942399886724104
4800-VHZKI,19.9,54.96171301254285,19.967773553149023
3887-PBQAO,25.9,68.68922824294688,24.957568666938684
5177-RVZNU,20.3,66.19331638287342,19.92789461088459
1729-VLAZJ,40.25,57.76961385512549,39.97259818824864
4273-MBHYA,89.35,54.96171301254285,89.87353844573866
8690-UPCZI,69.05,63.69740452279996,70.04845913327651
6374-NTQLP,104.1,77.1129307706948,104.94961604048812
1618-CFHME,75.9,55.27370199505203,74.9698648234644
4104-PVRPS,53.6,62.13745961025405,55.0901652601936
4210-QFJMF,79.15,55.8976799600704,79.9013237086528
5787-KXGIY,19.3,77.1129307706948,19.985001778568254
3088-LHEFH,79.0,58.08160283763468,80.02570998706693
8896-RAZCR,19.9,68.37723926043769,19.91594728739935
7268-WNTCP,20.45,73.99304094560298,19.934196994263864
5854-KSRBJ,25.4,76.48895280567643,24.935064857688893
9907-SWKKF,25.05,54.96171301254285,24.949818267180227
3932-CMDTD,105.65,55.8976799600704,104.89373208004287
5277-ZLOOR,85.55,55.27370199505203,84.94662463755003
2746-DIJLO,56.3,67.44127231291014,55.00362135225263
9174-FKWZE,19.45,54.96171301254285,19.951450000368226
9919-FZDED,84.1,77.1129307706948,84.99918487471759
9488-FYQAU,109.25,74.30502992811216,109.89566201540926
6869-FGJJC,79.6,75.86497484065808,79.99137698849691
3349-ANQNH,99.5,73.05707399807542,99.87078765434218
0222-CNVPT,48.8,70.87315112051115,49.966899219063386
6900-PXRMS,105.75,62.76143757527241,104.89655872112412
0230-WEQUW,56.6,75.24099687563971,55.007919205950024
7629-WFGLW,95.65,72.12110705054789,95.00591056861603
2235-EZAIK,79.2,77.1129307706948,80.0881844185393
5119-NZPTV,70.1,55.27370199505203,69.96856447499405
4282-MSACW,117.2,75.86497484065808,114.99129580515931
7711-YIJWC,84.9,73.6810519630938,84.98617082157914
8749-CLJXC,20.05,54.96171301254285,19.990172162080214
7636-XUHWW,19.9,55.27370199505203,20.01637775833271
0883-EIBTI,19.5,55.27370199505203,19.97754818622518
4098-NAUKP,84.65,75.86497484065808,84.94484943690516
0701-TJSEF,68.25,57.45762487261631,70.04806637313177
0689-NKYLF,83.2,58.70558080265304,84.9870751923028
9867-NNXLC,20.05,61.51348164523568,19.964233908605742
9337-SRRNI,25.3,75.24099687563971,24.95968118457718
1850-AKQEP,20.35,57.14563589010713,19.96642306489943
5600-KTXFM,69.95,55.27370199505203,69.96231881210849
7055-HNEOJ,55.8,55.585690977561214,55.052544147209815
2462-XIIJB,92.5,56.209668942579576,89.99703615243493
7277-KAMWT,20.0,58.70558080265304,19.992514452315344
7691-KGKGP,65.0,71.18514010302033,65.03150889601808
7808-DVWEP,20.0,55.585690977561214,19.998663319624733
2379-GYFLQ,94.9,69.00121722545606,94.98803281332572
7325-ENZFI,40.3,66.81729434789179,39.98673236045113
8800-ZKRFW,107.5,64.00939350530913,109.90540619008931
9133-AYJZG,98.7,61.82547062774486,99.92650055872683
6772-WFQRD,20.4,67.12928333040097,19.929901181153156
9670-BPNXF,62.55,68.68922824294688,60.060897282699514
2675-IJRGJ,19.65,71.18514010302033,19.95585115857426
4829-ZLJTK,112.4,77.1129307706948,109.90918427851813
9950-MTGYX,20.3,63.38541554029078,19.959905773414366
9755-JHNMN,67.4,69.9371841729836,65.05681720319187
3746-EUBYR,74.6,54.96171301254285,74.99012214348846
7929-DMBCV,81.0,60.88950368021732,79.99480054042849
9640-ZSLDC,60.6,71.18514010302033,59.953777831786134
7197-VOJMM,69.2,75.55298585814889,70.00811384789313
2696-NARTR,73.85,58.08160283763468,74.9865925509274
0689-DSXGL,85.8,70.87315112051115,84.97354314924688
7294-TMAOP,90.55,54.96171301254285,89.90605084898323
6177-PEVRA,55.5,69.62519519047443,55.05156176873065
7410-YTJIK,75.45,56.833646907597945,74.9777703161527
1410-RSCMR,71.35,56.833646907597945,70.0581874220027
8800-JOOCF,84.05,58.393591820143854,84.93988835202347
4526-EXKKN,24.6,67.12928333040097,24.95031547896435
0813-TAXXS,77.8,71.8091180680387,74.94468861275496
2320-TZRRH,19.5,60.88950368021732,19.94693302841185
0841-NULXI,35.55,54.96171301254285,34.91145241680317
2725-TTRIQ,84.2,77.1129307706948,84.97579326364588
4778-IZARL,110.1,74.30502992811216,109.9815868781318
2535-PBCGC,64.55,76.48895280567643,64.94514127247518
3629-WEAAM,64.1,57.14563589010713,64.9871656173584
6128-CZOMY,45.65,54.96171301254285,45.00384361274414
9227-UAQFT,19.75,59.641547750180585,19.955691450476387
0804-XBFBV,25.2,58.08160283763468,24.944276904033295
4503-BDXBD,74.95,58.08160283763468,74.97250007405975
9626-VFRGG,88.5,67.44127231291014,89.93056773005657
4994-OBRSZ,76.1,59.01756978516222,74.99301133475879
3654-ARMGP,88.65,73.6810519630938,84.97585414266906
0829-XXPLX,89.4,60.88950368021732,90.03080204355648
8938-UMKPI,106.4,69.31320620796524,104.90827611660191
4854-SSLTN,59.5,55.27370199505203,60.02971800579803
9720-JJJOR,60.3,67.44127231291014,60.030510095743736
1926-QUZNN,25.25,77.1129307706948,24.941294580094063
4900-MSOMT,80.2,77.1129307706948,80.0356940892143
8910-ICHIU,95.65,69.00121722545606,95.01912571968366
4892-VLANZ,19.8,54.96171301254285,19.990172162080214
0076-LVEPS,45.0,63.69740452279996,45.020432345138175
1666-JXLKU,100.05,66.19331638287342,99.91959550532417
4003-FUSHP,61.55,60.57751469770813,60.05706757900342
7696-AMHOD,78.0,69.9371841729836,74.93909649533876
8082-GHXOP,44.0,58.70558080265304,45.000455429604635
5445-GLVOT,49.8,61.51348164523568,50.052464820027424
5195-KPUNQ,96.75,71.18514010302033,94.90369879260467
3948-XHGNA,49.55,62.13745961025405,50.06978443467079
9624-EGDEQ,19.8,66.19331638287342,19.93969638458013
7551-DACSP,55.3,56.52165792508876,55.00543360359141
8128-YVJRG,79.65,56.833646907597945,80.01998798040104
1038-ZAGBI,19.8,58.393591820143854,19.934540515310623
9153-BTBVV,25.0,76.80094178818563,24.951406322174343
9470-RTWDV,82.0,62.76143757527241,79.97813367122244
7554-AKDQF,45.65,56.52165792508876,45.01418114730695
7241-AJHFS,87.65,64.6333714703275,85.05897077219905
9633-DENPU,58.6,69.31320620796524,59.98836789536274
5480-XTFFL,21.0,64.32138248781833,19.920570537800653
7803-XOCCZ,84.05,70.87315112051115,85.02539465719686
6549-BTYPG,60.8,73.36906298058462,59.92458707932788
9114-AAFQH,65.65,69.62519519047443,64.92249037272977
3572-UUHRS,18.85,68.68922824294688,19.961570811887427
7666-WKRON,80.45,66.81729434789179,79.95840849132152
5192-EBGOV,85.7,54.96171301254285,84.94679319205208
6502-MJQAE,69.6,54.96171301254285,69.97387627520379
6400-BWQKW,79.05,56.52165792508876,80.02135145728272
5928-QLDHB,76.25,57.45762487261631,74.98114036330296
4376-KFVRS,114.05,77.1129307706948,114.96611319606254
3528-HFRIQ,52.3,76.80094178818563,54.8953561980896
2718-YSKCS,19.6,76.80094178818563,19.922736816167095
2434-EEVDB,94.6,74.61701891062134,95.03239893104168
6506-EYCNH,19.55,63.38541554029078,19.94948163247566
3396-DKDEL,115.15,76.48895280567643,114.95399488371368
3269-ATYWD,95.65,66.81729434789179,94.89845336292942
1159-WFSGR,20.4,59.641547750180585,19.956246171784095
9835-ZIITK,110.85,75.24099687563971,109.8892632130978
9279-CJEOJ,95.4,61.2014926627265,94.88903192261353
4720-VSTSI,84.8,68.37723926043769,84.97929627484842
1360-JYXKQ,99.1,71.49712908552952,99.87985176535557
8388-FYNPZ,56.75,55.8976799600704,55.09884069187342
7868-TMWMZ,110.0,73.36906298058462,109.92219753146594
3466-RITXD,92.4,62.76143757527241,95.05020265009202
6427-FEFIG,78.6,62.13745961025405,80.00934636023746
6518-PPLMZ,19.4,71.18514010302033,19.919374572530064
6762-NSODU,19.4,69.00121722545606,19.954359558602512
4355-CVPVS,88.9,72.12110705054789,89.8542633030963
7629-WIXZF,59.1,56.833646907597945,59.967820479090264
3049-NDXFL,85.8,54.96171301254285,84.91919016147322
3566-HJGPK,45.55,54.96171301254285,45.0151041117175
1460-UZPRJ,19.95,73.36906298058462,19.95070709426021
3712-PKXZA,20.55,73.6810519630938,19.981283907809384
1623-NLDOT,33.55,67.75326129541934,34.94004484989699
5171-EPLKN,19.85,63.073426557781595,19.99015468928649
5569-KGJHX,85.35,57.45762487261631,84.94802735969867
7463-IFMQU,20.05,77.1129307706948,19.942625243556634
3178-CIFOT,19.65,61.82547062774486,19.972801515660223
1095-JUDTC,95.05,69.31320620796524,94.94380766199984
3719-TDVQB,18.95,71.49712908552952,19.911801337180968
4929-XIHVW,95.5,55.27370199505203,94.94937379280088
8106-GWQOK,60.0,66.5053053653826,59.932103968438184
4128-ETESU,99.7,69.31320620796524,99.91276671459588
0661-WCQNQ,56.25,61.51348164523568,55.08929534317605
4927-WWOOZ,91.45,55.27370199505203,89.99997385781563
7564-GHCVB,79.05,77.1129307706948,79.97328178215467
3445-HXXGF,45.3,72.74508501556625,44.89806781507585
6670-MFRPK,79.2,76.17696382316726,79.9750032231454
6890-PFRQX,69.5,60.26552571519895,70.09817681982662
1552-CZCLL,20.0,71.8091180680387,19.984794962156876
2014-MKGMH,101.1,69.00121722545606,99.89049733802939
0303-WMMRN,19.25,56.209668942579576,19.97955475649375
3806-DXQOM,33.65,55.8976799600704,35.00060982176077
1724-BQUHA,89.5,56.209668942579576,89.89037038958932
2580-ATZSQ,61.35,74.92900789313052,60.023952553919514
7945-PRBVF,21.45,65.56933841785505,19.958885139611358
3898-GUYTS,97.05,68.68922824294688,99.99630562283053
2832-SCUCO,19.9,55.27370199505203,19.978743108604796
9779-DPNEJ,80.15,61.51348164523568,79.87815255382385
4915-BFSXL,68.95,76.48895280567643,70.07363975618748
5018-LXQQG,66.3,64.00939350530913,65.0009340391442
1698-XFZCI,107.75,73.6810519630938,109.94295144997636
1872-EBWSC,20.35,63.69740452279996,19.945416037893303
4446-BZKHU,105.55,73.6810519630938,104.92080381680054
4607-CHPCA,90.4,62.449448592763225,89.85679942414043
9475-NNDGC,113.15,76.80094178818563,109.91114021804242
3841-CONLJ,35.0,54.96171301254285,34.91137222490293
2294-DMMUS,70.45,73.99304094560298,69.95184636194958
5921-NGYRH,73.55,74.61701891062134,75.0166553128954
1897-OKVMW,90.6,74.61701891062134,89.9611116312866
5117-IFGPS,84.3,63.69740452279996,84.90309135828399
3866-MDTUB,70.75,55.27370199505203,69.99052271762282
1194-SPVSP,19.65,54.96171301254285,19.99656838675434
6905-NIQIN,50.65,54.96171301254285,50.01541345559407
6813-GZQCG,24.65,68.68922824294688,24.953197449641998
9896-UYMIE,114.3,75.24099687563971,114.96171180050479
8849-GYOKR,106.55,71.49712908552952,104.92830916000734
5816-JMLGY,80.4,76.48895280567643,79.90572315300616
3990-QYKBE,92.5,66.19331638287342,94.89602121151353
6161-UUUTA,79.9,55.585690977561214,79.95029898028528
0396-UKGAI,55.3,61.82547062774486,54.9999908987225
0512-FLFDW,100.5,73.36906298058462,99.9081735576678
2946-KIQSP,33.45,65.56933841785505,34.987007804314274
0187-WZNAB,74.4,63.073426557781595,74.99781038003054
6867-ACCZI,52.5,62.13745961025405,54.91970786240526
7024-OHCCK,93.85,55.27370199505203,94.88703315585818
6481-OGDOO,90.6,75.55298585814889,89.95566048555227
7377-DMMRI,47.8,55.27370199505203,50.06829133142161
1963-VAUKV,20.4,54.96171301254285,19.977716740727242
5919-TMRGD,79.35,54.96171301254285,79.9331299274305
6994-ORCWG,54.25,59.01756978516222,54.9718549854755
5144-TVGLP,94.75,66.5053053653826,94.90336380271518
0328-GRPMV,70.1,54.96171301254285,69.96142085385083
2905-KFQUV,70.4,55.27370199505203,69.99880675717642
8637-XJIVR,78.95,58.393591820143854,80.02034013027036
5150-LJNSR,98.05,64.32138248781833,95.01224072651257
4826-DXMUP,72.1,65.56933841785505,69.90831149450324
3518-FSTWG,109.55,77.1129307706948,109.92684100216562
2929-ERCFZ,94.2,57.14563589010713,94.89573388797645
1455-UGQVH,98.5,57.76961385512549,99.9390339401073
8485-GJCDN,69.05,56.209668942579576,69.94203323830254
0459-SPZHJ,83.5,74.30502992811216,85.0055943123084
2169-RRLFW,25.6,76.80094178818563,24.981327435832988
8818-DOPVL,104.45,69.00121722545606,104.89092619594356
1207-BLKSA,23.05,70.87315112051115,24.925643417373017
7593-XFKDI,46.3,54.96171301254285,45.02504729929572
5393-RXQSZ,79.6,54.96171301254285,79.92422798109017
5183-KLYEM,112.75,77.1129307706948,114.9737949485014
0923-PNFUB,83.75,55.585690977561214,84.95567137796931
4134-BSXLX,60.9,63.38541554029078,60.07985719848371
1452-XRSJV,51.05,66.81729434789179,50.07452782323192
4213-HKBJO,25.7,64.9453604528367,24.985300465036797
7750-EYXWZ,60.65,58.393591820143854,59.89949445489582
7180-PISOG,74.5,54.96171301254285,74.9623516255276
1356-MKYSK,78.65,56.52165792508876,80.08271462712085
1212-GLHMD,86.05,55.585690977561214,84.96491361395476
7228-OMTPN,88.45,55.8976799600704,89.9080574192518
7682-AZNDK,89.85,65.25734943534587,89.95376453026603
6286-SUUWT,19.95,54.96171301254285,19.990172162080214
3500-RMZLT,96.3,59.3295587676714,94.96826216603857
4729-XKASR,24.75,54.96171301254285,24.958417870406876
8364-TRMMK,50.65,55.585690977561214,50.01092410547605
1000-AJSLD,20.1,54.96171301254285,19.980228974501994
4393-OBCRR,20.25,55.585690977561214,19.949798454946887
0942-KOWSM,80.8,64.00939350530913,79.92240852066682
0870-VEMYL,53.85,56.209668942579576,55.11479767083805
3454-JFUBC,20.0,75.86497484065808,19.955782291963352
2592-YKDIF,20.35,54.96171301254285,19.977716740727242
6941-PMGEP,80.0,56.209668942579576,79.90115515415073
0511-JTEOY,71.1,54.96171301254285,69.97016911904942
4323-ELYYB,20.0,58.70558080265304,19.940431157487403
9500-LTVBP,80.05,65.56933841785505,80.02376994917199
8120-JDCAM,69.55,55.8976799600704,69.95203851552614
1335-NTIUC,24.95,57.45762487261631,24.969695462478526
6563-VNPMN,85.7,68.68922824294688,84.99861611176337
0668-OGMHD,28.5,61.2014926627265,30.019753468380106
0311-UNPFF,88.8,62.76143757527241,89.897095101148
9282-IZGQK,85.0,54.96171301254285,84.91044189627462
4695-WJZUE,88.55,55.27370199505203,89.91369814848986
5527-ACHSO,70.5,58.08160283763468,69.95999496122053
5140-FOMCQ,109.15,73.05707399807542,109.96838759545517
0410-IPFTY,83.85,64.32138248781833,84.89477223756452
1333-PBMXB,24.75,71.49712908552952,24.926130562761486
1915-OAKWD,19.3,59.641547750180585,19.92149106784965
5707-ORNDZ,54.55,57.45762487261631,55.06814868644064
7969-AULMZ,97.35,61.2014926627265,94.90134909547943
2700-LUEVA,20.75,54.96171301254285,20.026489500412985
9099-FTUHS,54.4,61.82547062774486,55.07085197721923
8699-ASUFO,74.4,56.833646907597945,74.96519611664155
7181-OQCUT,103.85,61.2014926627265,104.99565691573528
3096-YXENJ,107.65,74.92900789313052,109.89532490640514
2495-INZWQ,44.55,55.8976799600704,44.90522504254302
2193-SFWQW,111.95,77.1129307706948,109.93752274586646
3908-MKIMJ,41.95,75.86497484065808,39.97618220950073
6736-DHUQI,84.8,75.55298585814889,84.98119268602207
2868-MZAGQ,79.25,54.96171301254285,79.91428479351194
8905-IAZPF,95.65,76.17696382316726,94.88498539261465
1215-FIGMP,89.9,73.36906298058462,89.96238983153674
0772-GYEQQ,88.35,55.585690977561214,90.001967635688
9995-HOTOH,59.0,74.30502992811216,59.9166042366375
7579-KKLOE,91.25,76.80094178818563,89.97238717112515
3594-UVONA,85.95,65.56933841785505,85.03645928496931
6641-XRPSU,70.0,65.25734943534587,69.99098097123596
5707-ZMDJP,69.7,71.18514010302033,70.00545682786073
3307-TLCUD,34.4,59.95353673268977,35.052631467239415
4797-AXPXK,60.0,54.96171301254285,60.038203225946916
4869-EPIUS,80.9,72.12110705054789,79.87986516099687
8563-IIOXK,49.75,56.833646907597945,50.01973020834323
2773-OVBPK,111.3,75.55298585814889,109.907443218754
1353-LJWEM,60.9,58.08160283763468,60.040324747996785
5868-YTYKS,20.25,54.96171301254285,19.95765975883564
8713-IGZSO,24.85,55.27370199505203,24.998616131693797
6050-FFXES,105.35,76.17696382316726,104.91422771967676
9300-RENDD,79.95,54.96171301254285,79.96815456444983
4183-MYFRB,90.05,61.2014926627265,89.90976772029381
3339-EAQNV,97.25,77.1129307706948,99.88802919941668
2545-EBUPK,84.05,55.27370199505203,84.89275486661215
4990-ALDGW,20.75,72.43309603305707,19.948780715891886
0970-ETWGE,89.55,54.96171301254285,89.90856308275798
3671-SHRSP,80.6,55.8976799600704,80.00995283381442
2308-STERM,19.4,55.27370199505203,19.97754818622518
1219-NNDDO,76.85,57.45762487261631,74.96868494194999
3508-CFVZL,111.3,76.80094178818563,114.94758935224891
3387-PLKUI,18.8,58.70558080265304,19.955556912910662
9702-AIUJO,44.8,70.24917315549278,44.96552281522256
8337-UPOAQ,89.8,57.76961385512549,89.92723717570085
1728-CXQBE,94.25,74.61701891062134,94.90850138888791
5134-IKDAY,69.8,54.96171301254285,69.94128368005897
9638-JIQYA,24.9,55.27370199505203,25.005997759946112
6647-ZEDXT,110.45,64.00939350530913,109.94302779063631
1579-KLYDT,90.45,56.833646907597945,89.99669904343082
3985-HOYPM,19.4,62.76143757527241,19.958377122752456
6705-LNMDD,50.0,60.88950368021732,50.03624658450077
6917-FIJHC,26.0,77.1129307706948,24.934898355419932
4640-UHDOS,55.95,58.70558080265304,54.932035490813945
1414-YADCW,84.6,76.48895280567643,85.00479898110504
5960-MVTUK,29.75,55.585690977561214,29.98510861023511
0637-KVDLV,76.5,55.27370199505203,74.98232024481739
5451-YHYPW,115.75,77.1129307706948,114.9587085152155
5813-UECBU,83.85,64.9453604528367,85.0060084342223
9947-OTFQU,74.4,59.3295587676714,74.94436419331288
1816-FLZDK,29.15,54.96171301254285,29.994193984437832
3005-NFMTA,98.8,71.8091180680387,99.94271604042848
4710-NKCAW,64.4,56.209668942579576,65.10609459881317
4290-BSXUX,79.65,55.585690977561214,80.00418685522857
6266-QHOJZ,89.85,74.92900789313052,89.98859354192746
6047-SUHPR,59.8,66.81729434789179,60.035589090031564
6010-DDPPW,25.15,76.48895280567643,24.964030298029375
4374-YMUSQ,116.25,65.25734943534587,115.0069698458076
1958-RNRKS,49.9,64.00939350530913,50.03239870710572
7176-WIONM,49.85,58.393591820143854,49.91999781122029
9483-GCPWE,20.1,57.45762487261631,19.93867333362114
1264-FUHCX,56.3,69.9371841729836,54.8999259266913
8887-IPQNC,44.25,56.833646907597945,45.00406940522667
2921-XWDJH,83.45,66.5053053653826,84.93266727412338
5574-NXZIU,109.2,74.30502992811216,109.98909802383551
8644-XLFBW,71.65,54.96171301254285,69.95635780004338
4811-JBUVU,89.9,64.00939350530913,89.9675334737652
8970-ANWXO,73.75,61.82547062774486,74.929060466957
0602-DDUML,69.75,72.43309603305707,69.99118997992073
5671-RQRLP,75.65,76.48895280567643,74.9464867059186
9959-WOFKT,106.7,76.80094178818563,104.93910380556709
1208-NBVFH,49.6,60.88950368021732,50.013902606643825
6976-BWGLQ,25.2,77.1129307706948,24.928668552005924
2178-PMGCJ,69.7,61.51348164523568,69.96914170828089
7610-TVOPG,26.35,59.3295587676714,24.987676657968404
7240-ETPTR,48.75,57.45762487261631,49.91530217243196
6518-LGAOV,105.0,66.5053053653826,104.93626081344084
2826-DXLQO,29.8,56.833646907597945,30.022251479896028
5949-HGVJL,73.05,62.76143757527241,74.94151657666389
3489-VSFRD,60.25,72.12110705054789,60.089620308756196
2812-REYAT,20.05,69.9371841729836,19.9409300268225
9633-XQABV,70.25,55.585690977561214,69.96108374484669
4102-OQUPX,74.4,54.96171301254285,74.96740236603354
2900-PHPLN,19.55,76.48895280567643,19.94542180348077
9894-QMIMJ,55.8,61.82547062774486,54.999008164971364
7596-ZYWBB,59.6,74.92900789313052,60.01683763702884
5440-FLBQG,108.4,76.17696382316726,109.88958763458946
3063-QFSZL,55.4,54.96171301254285,54.9442521310523
4873-ILOLJ,90.35,62.13745961025405,89.90468632921058
3003-CMDUU,95.15,62.449448592763225,94.90889621597427
7279-NMVJC,19.9,59.95353673268977,19.95383491659216
6478-HRRCZ,70.5,64.6333714703275,69.99201032200739
3678-MNGZX,19.95,75.86497484065808,19.9331856672515
5902-WBLSE,20.15,76.48895280567643,19.94037106297483
7722-CVFXN,105.2,71.49712908552952,104.86529184473889
2223-KAGMX,19.4,59.3295587676714,19.981753202372516
9803-FTJCG,66.85,76.80094178818563,65.0574456373227
6060-QBMGV,19.85,76.48895280567643,19.985338887572375
2858-EIMXH,95.85,71.18514010302033,94.8884101573045
4741-WWJQZ,80.15,55.27370199505203,80.03024701379404
9845-PEEKO,79.2,73.05707399807542,79.93627491986511
9167-APMXZ,84.15,61.51348164523568,84.96597332496373
9800-ONTFE,75.8,61.51348164523568,74.95155786192586
3621-CHYVB,49.9,72.43309603305707,49.98469724195228
3177-LASXD,71.35,54.96171301254285,69.97136404142904
1465-VINDH,102.1,57.76961385512549,104.92949787533948
2055-SIFSS,51.65,71.8091180680387,50.00341225033532
0804-YGEQV,24.45,68.06525027792851,24.92798466228416
3346-BRMIS,48.35,60.26552571519895,49.896266706752996
3130-ICDUP,80.55,55.27370199505203,80.044522063156
0732-OCQOC,25.05,70.87315112051115,24.922096454468928
4012-YCFAI,61.35,73.36906298058462,60.03256787276663
7346-MEDWM,83.25,73.05707399807542,84.971566655023
7036-TYDEC,104.0,76.17696382316726,104.90659437550774
6615-NGGZJ,100.55,59.01756978516222,99.9053505546452
3441-CGZJH,60.4,68.06525027792851,59.961106015443235
0208-BPQEJ,19.4,58.393591820143854,19.962121692086853
2229-DPMBI,19.5,57.14563589010713,19.92444729134806
7159-FVYPK,69.15,55.585690977561214,70.00277088378044
7544-ZVIKX,105.05,72.74508501556625,104.90039605460451
6366-XIVKZ,63.15,58.70558080265304,64.99400151456038
7137-NAXML,20.15,61.82547062774486,19.96527901093277
7126-RBHSD,78.9,59.95353673268977,80.03187258721277
1428-IEDPR,109.3,70.87315112051115,109.9641328876441
9465-RWMXL,78.9,64.6333714703275,80.00063893350777
2908-ZTPNF,34.85,65.88132740036423,34.962658348906984
4176-RELJR,25.1,75.55298585814889,24.97450655815928
3001-UNBTL,103.95,63.69740452279996,99.89574371374137
6067-NGCEU,111.05,74.92900789313052,109.99252540334453
2479-BRAMR,83.75,67.44127231291014,85.03896562194987
3161-ONRWK,65.85,73.36906298058462,65.04170938094879
6349-JDHQP,19.85,71.18514010302033,19.973316850879932
1619-YWUBB,24.95,75.86497484065808,24.97188991176095
2761-OCIAX,74.7,55.27370199505203,74.94655540183967
2683-JXWQQ,33.6,73.6810519630938,35.02904207815651
9585-KKMFD,20.0,67.44127231291014,19.921397226554795
7524-VRLPL,74.1,76.17696382316726,75.0369590591273
3780-DDGSE,76.05,65.56933841785505,74.91236731667155
2207-OBZNX,51.0,56.833646907597945,50.06625363653169
0023-UYUPN,25.2,70.24917315549278,24.93659740655938
5975-BAICR,63.7,65.88132740036423,65.01131634392249
2669-OIDSD,100.05,69.62519519047443,99.96108516025774
8146-QQKZH,81.85,76.80094178818563,79.99986169727687
2307-FYNNL,109.05,74.92900789313052,109.94442320395687
2985-FMWYF,93.5,61.82547062774486,94.90101198647531
5387-ASZNZ,63.85,75.24099687563971,65.04845168711147
5349-AZPEW,25.05,56.209668942579576,24.946525350540554
9481-IEBZY,112.9,77.1129307706948,115.00311633064138
9818-XQCUV,20.35,55.27370199505203,19.97754818622518
3750-RNQKR,19.45,58.393591820143854,19.97586264120457
5442-UTCVD,91.85,55.585690977561214,89.93087746241305
3649-JPUGY,88.6,77.1129307706948,84.9465911632625
2195-VVRJF,59.1,60.26552571519895,60.02603896036405
1271-UODNO,53.85,66.81729434789179,55.03607832975891
0118-JPNOY,85.8,62.76143757527241,85.02125007316462
9499-XPZXM,64.75,77.1129307706948,65.04304173375692
7343-EOBEU,23.6,55.585690977561214,24.99093643148803
3877-JRJIP,59.85,54.96171301254285,60.0191898474588
5498-TXHLF,87.45,65.25734943534587,89.96949866430856
3969-GYXEL,76.4,58.08160283763468,75.02183934823498
5730-DBDSI,19.7,75.24099687563971,19.953659950047467
2868-SNELZ,80.6,55.27370199505203,79.99955637054072
7797-EJMDP,66.05,57.14563589010713,65.02477941198138
4067-HLYQI,70.4,64.9453604528367,69.96122841207938
4231-LZUYM,25.65,77.1129307706948,24.951237767672282
3638-WEABW,59.9,72.74508501556625,60.01321857103964
5060-TQUQN,83.55,64.00939350530913,84.96743282430492
7802-EFKNY,24.95,56.209668942579576,24.972801722361275
7576-JMYWV,110.2,69.00121722545606,109.91640841284477
3496-LFSZU,70.5,55.8976799600704,69.98574584115033
4795-WRNVT,65.1,67.12928333040097,65.04282354973331
3938-YFPXD,84.3,77.1129307706948,85.04825016002756
6651-AZVTJ,99.8,69.9371841729836,99.90989109886056
3658-KIBGF,54.9,54.96171301254285,55.046370620869055
4143-HHPMK,85.35,70.87315112051115,84.89605467020519
4821-WQOYN,20.1,77.1129307706948,19.940033953970705
4291-HYEBC,39.1,63.38541554029078,39.81957535446441
8849-AYPTR,91.25,64.9453604528367,89.91554456814475
3898-BSJYF,73.55,57.76961385512549,75.03376883018667
7562-GSUHK,93.2,59.641547750180585,89.94573290875728
3523-QRQLL,69.5,61.51348164523568,69.88283988377984
9661-JALZV,24.7,72.74508501556625,24.971143414907054
4670-TABXH,109.75,77.1129307706948,109.93652155990233
7966-YOTQW,54.5,57.76961385512549,55.11067783547393
3694-GLTJM,19.65,56.209668942579576,20.003416673473556
8835-VSDSE,70.7,55.27370199505203,69.96368434122327
3721-CNEYS,70.95,55.27370199505203,69.96125229934876
9667-TKTVZ,54.35,55.27370199505203,55.02549448072233
2927-CVULT,104.05,71.18514010302033,104.93266090734404
6595-YGXIT,88.95,62.449448592763225,89.94556946165395
0864-FVJNJ,113.35,74.61701891062134,114.9341981996478
4537-DKTAL,45.55,55.27370199505203,45.013618245820304
3466-WAESX,69.1,59.641547750180585,69.98274955144856
2483-XSSMZ,47.85,66.81729434789179,50.022018216716155
4163-KIUHY,25.6,65.56933841785505,24.984305567927183
8486-AYEQH,76.05,64.32138248781833,74.96497674290464
0516-WJVXC,54.2,56.209668942579576,55.07967525488489
5304-EFJLP,111.65,77.1129307706948,109.88908197108327
4137-BTIKL,90.75,55.27370199505203,89.9836378801507
2863-IMQDR,89.65,73.6810519630938,89.99289257854247
2930-UOTMB,65.25,64.32138248781833,65.13997105977782
5673-TIYIB,40.4,55.27370199505203,40.031709018866394
3645-DEYGF,20.75,54.96171301254285,19.96760294641386
1099-GODLO,20.35,54.96171301254285,19.925627172862484
1955-IBMMB,20.2,73.05707399807542,19.94489664398367
6857-VWJDT,95.65,54.96171301254285,94.91346845071925
6410-LEFEN,45.15,57.45762487261631,45.01243836430588
6692-UDPJC,91.65,59.01756978516222,89.95638510563808
7858-GTZSP,86.55,58.393591820143854,84.90858779675196
5232-NXPAY,74.45,69.31320620796524,74.94291788695114
1355-KUSBG,48.8,56.833646907597945,50.0012508236338
1174-FGIFN,90.45,63.38541554029078,89.87257439489511
8750-QWZAJ,19.8,76.48895280567643,19.920393136894404
7850-THJMU,19.65,62.76143757527241,19.957730648643732
0310-MVLET,99.15,73.6810519630938,99.8648358979035
2623-DRYAM,101.75,76.48895280567643,99.88888407185442
1905-OEILC,19.5,54.96171301254285,19.977716740727242
6899-PPEEA,96.55,66.19331638287342,94.88113374828605
3104-OWCGK,90.95,73.36906298058462,89.93174412401444
5287-QWLKY,105.1,76.80094178818563,104.94537056685516
2603-HVKCG,101.4,64.32138248781833,99.91481588587222
9845-QOMAD,19.75,59.01756978516222,19.940262602985342
4816-OKWNX,103.4,70.24917315549278,104.88349812280372
9103-CXVOK,19.75,54.96171301254285,19.971229910667986
2845-AFFTX,99.8,67.44127231291014,99.91629027538299
7776-QWNFX,50.4,64.00939350530913,49.99189197884431
1468-DEFNC,24.4,74.61701891062134,24.915010746636757
7905-NJMXS,64.2,56.833646907597945,65.07568581436183
1866-OBPNR,74.6,54.96171301254285,74.98917086124169
3720-DBRWL,83.85,70.56116213800198,85.02603229104984
5073-RZGBK,80.05,70.24917315549278,79.97996054704024
0129-QMPDR,20.5,68.37723926043769,19.931659005019423
2560-PPCHE,105.05,74.92900789313052,104.87632079994961
1496-GGSUK,25.7,54.96171301254285,24.93987507960201
4671-LXRDQ,45.0,55.27370199505203,45.01493555721544
9432-RUVSL,102.5,69.62519519047443,104.97886157613686
3992-YWPKO,109.9,56.52165792508876,109.96471108788379
8980-WQFWL,62.1,65.56933841785505,59.95946455985993
0212-ISBBF,50.35,61.51348164523568,49.8801017964513
7722-VJRQD,60.95,77.1129307706948,59.94432421285933
4135-FRWKJ,76.25,71.8091180680387,75.02984479929273
5161-UBZXI,106.35,76.17696382316726,104.93706305357536
5327-XOKKY,73.45,77.1129307706948,74.95665786659268
3988-RQIXO,91.3,54.96171301254285,89.8785891862446
0479-HMSWA,105.45,62.76143757527241,104.8630834480345
6923-AQONU,20.9,61.82547062774486,19.934374395170114
5562-YJQGT,20.35,55.27370199505203,20.013865524557957
7598-UAASY,76.4,55.27370199505203,75.00702623203217
7251-LJBQN,103.75,67.12928333040097,104.92351442657872
4910-GMJOT,94.6,54.96171301254285,94.90472018552066
0257-ZESQC,75.2,63.073426557781595,74.9993141576324
4765-OXPPD,65.0,57.45762487261631,65.06897837888125
6583-QGCSI,88.05,70.24917315549278,89.93133221962395
9805-FILKB,20.2,69.00121722545606,19.9313218960153
2706-QZIHY,25.2,59.3295587676714,24.95444914961563
7673-LPRNY,78.55,61.82547062774486,79.98895770229667
6778-YSNIH,59.0,55.27370199505203,59.98831950378647
9050-QLROH,90.7,60.26552571519895,89.97609758892342
0707-HOVVN,75.5,76.48895280567643,74.97654585744507
7102-JJVTX,48.6,57.45762487261631,50.01568594318474
1810-MVMAI,67.6,64.00939350530913,70.0877016021862
7993-NQLJE,75.1,59.3295587676714,75.01228845540825
9281-OFDMF,90.7,66.81729434789179,89.89928311526543
6789-HJBWG,49.4,58.393591820143854,49.992355669519824
2139-FQHLM,89.95,60.57751469770813,90.00921395123325
3723-BFBGR,54.8,62.13745961025405,55.038948089334674
0639-TSIQW,102.95,75.55298585814889,100.05177977603225
8626-PTQGE,60.05,76.17696382316726,59.92444673699978
3541-ZNUHK,85.1,71.8091180680387,84.98332126918824
4568-KNYWR,63.25,70.87315112051115,65.0476780737432
9658-WYUFB,94.4,59.95353673268977,95.00414180330444
0997-YTLNY,48.8,60.57751469770813,50.00139050198351
3208-YPIOE,75.25,66.81729434789179,74.98602691581934
7707-PYBBH,61.9,67.12928333040097,60.06545931500625
9313-QOLTZ,20.9,62.76143757527241,19.98595829952869
6654-QGBZZ,19.9,54.96171301254285,19.977716740727242
6877-LGWXO,78.55,60.26552571519895,79.90627612126923
8020-BWHYL,75.3,59.3295587676714,74.96703118791307
3594-IVHJZ,20.45,55.27370199505203,19.967604998646962
9507-EXLTT,79.35,54.96171301254285,79.96333248726587
9793-WECQC,95.3,61.82547062774486,94.9039693052096
1266-NZYUI,66.85,77.1129307706948,65.05104964366991
2342-CKIAO,20.3,55.27370199505203,19.97754818622518
6963-EZQEE,88.55,76.48895280567643,90.01392380446592
2796-NNUFI,19.95,69.00121722545606,19.908099032691517
3486-NPGST,19.55,65.88132740036423,19.94423615637887
9070-BCKQP,110.15,77.1129307706948,109.98586083407756
7742-MYPGI,48.8,56.52165792508876,49.996070564806594
9929-PLVPA,20.4,55.8976799600704,19.990959199887477
9124-LHCJQ,85.45,54.96171301254285,84.90924697389501
2792-LSHWX,83.4,54.96171301254285,85.01715476034033
9330-IJWIO,100.35,58.70558080265304,99.95485838332249
0617-AQNWT,47.85,74.61701891062134,49.95630685164865
0895-UADGO,44.55,57.14563589010713,44.92111867574063
7255-SSFBC,112.25,77.1129307706948,109.88403123057734
5834-ASPWA,75.45,54.96171301254285,74.98248879931944
4132-KALRO,100.85,55.8976799600704,99.91742142037907
8064-RAVOH,49.85,54.96171301254285,50.01467310030847
8028-PNXHQ,24.25,73.99304094560298,24.93286633080129
9508-ILZDG,96.35,65.25734943534587,94.94599887052664
4361-JEIVL,44.4,54.96171301254285,44.993729818430765
2430-USGXP,101.05,62.13745961025405,99.93667417707844
5965-GGPRW,105.25,77.1129307706948,104.94136729293955
2542-HYGIQ,19.95,54.96171301254285,20.014034079060018
1035-IPQPU,103.5,74.30502992811216,104.89049281128302
3617-XLSGQ,109.25,75.24099687563971,109.92028935489729
9107-UKCKY,79.8,73.6810519630938,79.93564539891764
5146-YYFRZ,19.95,75.55298585814889,19.953491395545406
5649-VUKMC,95.5,58.393591820143854,94.89636393218242
3472-OAOOR,34.95,60.57751469770813,34.989204829411364
0397-ZXWQF,20.5,75.55298585814889,19.953491395545406
1346-UFHAX,80.0,58.70558080265304,80.05529399172144
7252-NTGSS,45.15,54.96171301254285,45.01259187794275
3198-VELRD,84.75,55.585690977561214,84.89516891577318
3407-QGWLG,20.05,55.585690977561214,19.957322649831518
9874-QLCLH,104.2,59.95353673268977,104.9549902734001
8668-KNZTI,53.75,70.87315112051115,55.063168898998256
8249-THVEC,19.4,70.56116213800198,19.934026086409084
6060-DRTNL,84.85,56.209668942579576,84.95725480942629
6773-LQTVT,35.65,63.69740452279996,34.926327817928524
7853-GVUDZ,20.15,54.96171301254285,19.98395371768995
4897-QSUYC,20.15,54.96171301254285,19.967773553149023
5197-PYEPU,94.45,67.75326129541934,94.98733200613799
3785-NRHYR,19.65,54.96171301254285,19.990172162080214
6087-MVHJH,88.45,59.641547750180585,89.92885686062142
1685-VAYJF,45.2,58.08160283763468,45.05967909260788
9912-GVSEQ,93.85,62.76143757527241,94.90245103861326
4636-OLWOE,61.0,71.49712908552952,59.98292651196557
9600-UDOPK,94.05,64.00939350530913,94.94984198414153
8631-NBHFZ,79.4,75.24099687563971,80.06156347607788
1053-MXTTK,108.65,77.1129307706948,109.91512413693528
3549-ZTMNH,24.0,58.393591820143854,24.94129405590434
7825-ECJRF,106.6,60.57751469770813,104.9805796348164
6439-LAJXL,68.95,57.45762487261631,70.06739483569068
4075-WKNIU,73.35,54.64972403003367,74.98927293686201
8042-RNLKO,25.45,75.24099687563971,24.966643691459794
4881-JVQOD,34.55,57.76961385512549,34.877481079626875
9593-CVZKR,24.45,72.12110705054789,24.915026011786555
9972-EWRJS,19.25,75.55298585814889,19.91095561282237
9888-ZCUMM,60.05,74.61701891062134,59.9357294612976
1265-ZFOSD,81.3,74.61701891062134,79.98940255770692
6078-VESFR,70.45,58.70558080265304,69.97191167776589
0306-JAELE,96.1,56.209668942579576,94.92229068549395
7075-BNDVQ,35.0,55.8976799600704,35.03993521253873
2208-MPXIO,20.0,68.68922824294688,19.91466381186771
3096-GKWEB,94.75,60.26552571519895,94.9167422222131
7404-JLKQG,57.55,55.585690977561214,60.02867126244198
5049-GLYVG,20.6,54.96171301254285,19.990172162080214
6704-UTUKK,45.9,63.69740452279996,44.903443221866
9397-TZSHA,24.6,76.17696382316726,24.9792325029626
4686-UXDML,99.85,61.2014926627265,99.92683766773095
3808-HFKDE,44.35,60.88950368021732,45.00064107720499
3580-HYCSP,110.3,77.1129307706948,109.92179026165968
9795-VOWON,24.35,56.833646907597945,24.97757381065957
2159-TURXX,20.05,56.209668942579576,20.025815282404743
0096-BXERS,50.35,56.52165792508876,50.023988593802216
6507-DTJZV,66.4,58.70558080265304,64.9714595754916
9962-BFPDU,20.05,54.96171301254285,19.957579566935394
4587-NUKOX,79.1,55.585690977561214,80.00361075297161
4060-LDNLU,96.2,56.833646907597945,94.92610746743948
2379-ENZGV,84.85,56.52165792508876,84.95767794823787
4877-EVATK,20.0,54.96171301254285,19.990172162080214
9442-JTWDL,20.05,58.08160283763468,19.984767357263173
2748-MYRVK,99.9,74.30502992811216,99.87219927578772
3966-HRMZA,75.05,55.585690977561214,74.9732568167626
2862-JVEOY,19.15,56.52165792508876,19.961748212793676
9489-DEDVP,69.2,76.48895280567643,70.02066402167694
9469-WEJBT,90.35,66.19331638287342,89.94599397593419
2384-OVPSA,20.2,66.5053053653826,19.922009354917655
2186-QZEYA,58.55,63.69740452279996,60.03794644606109
6202-JVYEU,19.9,57.45762487261631,19.952494284088893
6419-ZTTLE,20.75,61.82547062774486,19.935048087774135
1891-UAWWU,90.8,60.88950368021732,89.97690916784336
6963-KQYQB,24.05,76.48895280567643,24.922609436335918
2521-NPUZR,101.0,76.48895280567643,99.99607189494955
8242-SOQUO,84.7,56.209668942579576,84.92787260622654
9823-EALYC,80.85,77.1129307706948,80.03820632298905
2314-TNDJQ,55.65,77.1129307706948,54.95787777221732
9714-EDSUC,94.9,55.8976799600704,94.96951303649527
1383-EZRWL,20.05,56.833646907597945,19.976705413714875
6617-WLBQC,81.85,61.82547062774486,80.01583328371099
6652-YFFJO,64.9,58.08160283763468,64.93684487527773
1401-FTHFQ,20.0,61.82547062774486,19.96511976322135
1803-BGNBD,54.3,58.393591820143854,55.00675749026404
1470-PSXNM,93.65,69.9371841729836,94.93226756007454
9185-TQCVP,85.15,59.01756978516222,84.92313815097532
6481-LXPWL,36.1,72.12110705054789,34.9604869044428
5066-GFJMM,19.9,55.585690977561214,19.969868486019408
7519-JTWQH,110.5,76.17696382316726,109.8922186465224
9957-YODKZ,80.8,56.52165792508876,79.98750287540093
8430-TWCBX,20.7,69.9371841729836,19.98079432805936
5955-ERIHD,94.7,60.26552571519895,94.9167422222131
5186-SAMNZ,69.5,54.96171301254285,69.96155910233789
5759-RCVCB,35.2,55.585690977561214,34.99759526091533
0220-EBGCE,85.85,55.27370199505203,84.93505952088759
7427-AUFPY,19.65,71.49712908552952,19.985603717730843
3221-CJMSG,51.1,62.13745961025405,50.06194651724709
4194-FJARJ,60.0,71.49712908552952,60.033140342829306
8138-EALND,19.75,59.3295587676714,19.98781239905136
8345-MVDYC,81.65,68.68922824294688,80.00181207245595
6119-SPUDB,38.25,69.00121722545606,40.02776077147644
1202-KKGFU,54.2,58.393591820143854,55.08612871753949
6556-DBKZF,76.05,76.80094178818563,74.92841894029772
6339-DKLMK,31.65,58.70558080265304,29.946931979415666
1977-STDKI,73.0,54.96171301254285,74.93426853498876
4001-TSBTV,91.55,72.74508501556625,89.9372638008636
7912-SYRQT,75.1,56.833646907597945,74.97422335324862
4779-ZGICK,23.55,69.62519519047443,24.938773056734235
0670-ANMUU,97.65,76.80094178818563,94.99514560180924
8735-NBLWT,20.4,57.45762487261631,19.96625451039737
8930-XOTDP,55.95,60.26552571519895,54.983867566861896
6380-ARCEH,20.2,54.96171301254285,19.990172162080214
1167-OYZJF,20.05,75.55298585814889,19.916006353328306
1628-BIZYP,85.0,54.96171301254285,84.9046509498103
6284-KMNUF,98.0,72.12110705054789,99.92246140483213
4676-WLUHT,46.2,71.49712908552952,44.928238132118665
2138-VFAPZ,19.7,59.01756978516222,19.913492776757472
8648-PFRMP,46.35,59.01756978516222,44.87356560100902
8097-VBQTZ,69.9,71.49712908552952,70.05737784122343
6087-YPWHO,68.15,77.1129307706948,70.07004421231346
8109-YUOHE,56.1,59.95353673268977,55.03729625861142
3807-XHCJH,20.0,54.96171301254285,19.95877448931501
0524-IAVZO,85.0,64.00939350530913,84.90798585758937
8957-THMOA,20.15,70.24917315549278,19.951253298719756
7521-YXVZY,19.95,55.585690977561214,19.967265837409734
7077-XJMET,74.15,58.393591820143854,74.98690888662506
9625-QSTYE,81.15,58.70558080265304,79.97070763800215
7924-GJZFI,69.3,62.449448592763225,69.94228911251545
2034-GDRCN,90.4,55.27370199505203,89.89593910690294
4186-ZBUEW,70.7,65.88132740036423,69.92295712548253
4026-SKKHW,50.25,55.585690977561214,50.029168823457596
8548-AWOFC,63.85,75.24099687563971,64.9811410840839
0680-DFNNY,101.1,59.3295587676714,99.93819116759698
7501-IWUNG,73.8,73.6810519630938,74.91687398722635
7176-WRTNX,114.95,76.48895280567643,114.95666636519985
8450-UYIBU,39.85,65.56933841785505,39.95056072003529
1794-HBQTJ,48.6,54.96171301254285,50.09112688052386
1862-QRWPE,20.65,69.62519519047443,19.924101335939746
2996-XAUVF,40.05,76.48895280567643,39.88107666045265
7145-FEJWU,105.3,58.393591820143854,104.89160630850769
6710-HSJRD,114.1,73.6810519630938,109.93520563754475
7530-HDYDS,84.25,66.5053053653826,85.01601801214801
8042-JVNFH,71.35,54.96171301254285,69.97268135282417
5127-BZENZ,65.2,72.12110705054789,65.01705091962367
0876-WDUUZ,85.4,56.209668942579576,84.95067939084811
0356-ERHVT,45.9,58.08160283763468,45.02224683324553
9912-OMZDS,106.15,73.05707399807542,104.85853511200911
2275-RBYQS,45.4,54.96171301254285,45.00264869036453
0917-EZOLA,104.15,77.1129307706948,104.87468015033906
2749-CTKAJ,20.15,61.51348164523568,19.938914166968853
5160-UXJED,44.6,59.95353673268977,44.972200034820155
7244-QWYHG,44.45,70.24917315549278,45.003677857103625
4226-KKDON,66.65,57.14563589010713,65.0141654188713
7018-FPXHH,59.8,72.12110705054789,60.02361056091614
9897-KXHCM,80.3,55.585690977561214,79.88135508936301
1222-KJNZD,20.4,67.12928333040097,19.9599143998039
2452-KDRRH,101.4,75.55298585814889,99.94459823240805
6892-EZDTG,91.65,55.8976799600704,89.95660420187917
6980-CDGFC,20.85,75.55298585814889,19.9378960457854
5071-FBJFS,50.3,55.8976799600704,50.045304814850894
4018-PPNDW,24.1,73.6810519630938,24.914183239276248
9066-QRSDU,26.3,76.17696382316726,24.94097015860241
0318-ZOPWS,20.15,69.9371841729836,19.93655880952582
0419-YAAPX,85.3,69.9371841729836,84.98798456247692
9786-IJYDL,113.2,65.56933841785505,114.9437141267449
4195-PNGZS,24.45,76.17696382316726,24.94162963686508
9372-TXXPS,59.85,73.36906298058462,60.036451863666
7734-DBOAI,40.1,54.96171301254285,39.95707460091866
2858-MOFSQ,55.85,59.95353673268977,54.97935723188232
8180-AKMJV,44.55,54.96171301254285,45.0389660286973
2690-DVRVK,20.55,56.209668942579576,19.94297451588351
1790-NESIO,20.4,58.70558080265304,19.933798505051378
8083-YTZES,74.35,55.8976799600704,74.98198313581327
0661-KBKPA,78.75,71.18514010302033,79.93726536133401
4139-DETXS,64.45,77.1129307706948,64.92223494780471
1395-WSWXR,20.75,62.13745961025405,19.954343014459898
9546-KDTRB,24.7,60.57751469770813,24.98969150847992
4291-HPAXL,19.85,54.96171301254285,19.96760294641386
6198-ZFIOJ,75.6,56.209668942579576,74.97930234753645
7472-EQOAV,86.7,76.80094178818563,84.96551222662816
5997-OPVFA,89.05,77.1129307706948,90.00118405696357
5236-XMZJY,59.65,67.75326129541934,60.07554765803499
3873-NFTGI,55.5,59.01756978516222,55.04820892193748
8695-WDYEA,51.25,54.96171301254285,50.07720815112228
4342-HENTK,70.65,55.27370199505203,69.94373382418834
8580-QVLOC,92.45,77.1129307706948,89.9885052460207
3143-JQEGI,88.35,58.70558080265304,89.88389102116665
4465-VDKIQ,77.8,60.26552571519895,79.97980805307006
0824-VWDPO,96.75,68.68922824294688,94.93311581940536
3162-KKZXO,100.15,71.8091180680387,99.87146187235042
8445-DNBAE,50.05,54.96171301254285,50.00234234254641
2111-DWYHN,21.1,54.96171301254285,19.990172162080214
2662-NNTDK,24.8,74.92900789313052,24.9967333596205
7502-BNYGS,69.1,69.00121722545606,69.95886608183162
5372-FBKBN,20.75,61.2014926627265,19.951776435019667
4597-NUCQV,101.25,62.13745961025405,99.88614653446416
0020-JDNXP,61.25,65.25734943534587,59.936248855207225
6599-GZWCM,74.65,58.70558080265304,74.9209882569686
4342-HFXWS,69.7,69.62519519047443,70.04513193414644
5035-PGZXH,106.8,72.12110705054789,104.87917794930713
8216-AZUUZ,100.4,67.75326129541934,99.87245246157768
5542-DHSXL,54.7,55.8976799600704,55.057045264435985
8498-XXGWA,55.15,74.92900789313052,55.067397377811396
6542-LWGXJ,25.0,55.585690977561214,24.981887096564
6248-TKCQV,80.6,76.48895280567643,79.9551870907723
3068-OMWZA,88.8,54.96171301254285,89.98019189528277
2430-RRYUW,54.8,75.24099687563971,55.01909390043222
8292-TYSPY,55.0,60.57751469770813,55.0837325716351
4589-IUAJB,24.25,76.48895280567643,24.964030298029375
5693-PIPCS,99.65,67.44127231291014,99.90975890159835
7446-KQISO,109.75,68.68922824294688,109.88858220213298
0048-PIHNL,20.45,69.9371841729836,19.950873214400715
6284-AHOOQ,90.5,61.51348164523568,89.9753120919005
2805-EDJPQ,99.75,72.12110705054789,99.91428672296664
9103-TCIHJ,55.7,59.3295587676714,55.06106230327788
9402-ROUMJ,100.25,75.55298585814889,99.94430620531352
5562-BETPV,19.65,54.96171301254285,19.942453811512138
3167-SNQPL,101.15,66.5053053653826,99.87359278522169
0810-DHDBD,74.0,70.87315112051115,75.10312852770434
1776-SPBWV,20.1,65.25734943534587,19.920889128687058
9537-JALFH,19.9,76.17696382316726,19.933017112749436
0702-PGIBZ,101.7,55.8976799600704,99.88446688399944
3055-VTCGS,58.55,74.30502992811216,59.97222946055737
9548-LERKT,19.75,62.13745961025405,19.956775056334408
6794-HKIAJ,90.7,73.99304094560298,90.05082175456907
9531-NSBMR,19.25,65.88132740036423,19.940689193474782
6368-NWMCE,68.15,66.5053053653826,69.99646171916564
0643-OKLRP,80.35,69.31320620796524,80.00929747699053
9948-YPTDG,79.45,66.5053053653826,80.01259880862696
4879-GZLFH,92.15,67.75326129541934,94.89000303490637
8098-TDCBU,25.25,67.75326129541934,24.9510931004396
5122-CYFXA,75.3,55.585690977561214,74.94296128833679
9889-TMAHG,100.3,57.14563589010713,100.0014930021853
5357-TZHPP,84.4,57.45762487261631,84.93915282240386
1474-JUWSM,68.4,72.74508501556625,69.98467058621952
8399-YNDCH,60.05,61.2014926627265,60.015832342313736
3847-BAERP,20.9,57.76961385512549,19.966256562630473
9402-CXWPL,98.9,76.48895280567643,99.86581809197878
5049-MUBWG,75.0,62.76143757527241,75.00089796476705
4039-HEUNW,96.5,65.88132740036423,99.88655592231395
5803-NQJZO,67.8,77.1129307706948,70.06649724940938
4116-TZAQJ,74.25,57.45762487261631,75.04735568561405
9094-AZPHK,100.15,59.3295587676714,99.89272657879016
6121-TNHBO,83.0,74.30502992811216,80.04420099566096
1564-HJUVY,63.75,55.8976799600704,65.02004093917405
7407-SUJIZ,20.6,62.449448592763225,19.98612685403075
5468-BPMMO,19.6,69.00121722545606,19.986214173741594
9168-INPSZ,104.15,68.37723926043769,104.92767419884628
8942-DBMHZ,20.45,58.393591820143854,19.988318062557543
8705-WZCYL,44.8,54.96171301254285,45.016299034097116
0322-YINQP,48.55,54.96171301254285,50.067264963544055
7000-WCEVQ,61.6,60.88950368021732,59.93094872208876
9739-JLPQJ,117.5,77.1129307706948,114.96360096228779
2794-XIMMO,60.45,71.18514010302033,59.89752799596059
9565-AXSMR,19.2,70.87315112051115,19.929486314610344
2880-FPNAE,74.2,55.27370199505203,74.97956456929353
3316-UWXUY,93.5,70.24917315549278,94.99807686773325
9824-BEMCV,69.0,59.95353673268977,69.95104222937897
3256-EZDBI,29.45,70.56116213800198,29.973018312357567
1226-IENZN,78.75,59.641547750180585,79.89423800082062
2823-LKABH,95.05,60.26552571519895,94.94812287465604
6161-ERDGD,85.45,76.80094178818563,84.9975303420813
2137-DQMEV,44.8,75.86497484065808,44.957585958858395
2424-WVHPL,74.7,54.96171301254285,74.9807028083658
9945-PSVIP,18.7,62.449448592763225,19.911638677234798
2840-XANRC,93.15,62.13745961025405,94.91054317780238
8008-HAWED,50.75,59.01756978516222,49.924482779400115
0412-UCCNP,59.2,71.8091180680387,60.06275065136139
6402-SSEJG,61.05,62.449448592763225,59.93506227745137
8049-WJCLQ,60.2,57.76961385512549,60.01861470610906
2830-LEWOA,103.9,73.6810519630938,104.9215083245179
9780-FKVVF,59.15,56.52165792508876,60.01322693401604
5014-GSOUQ,19.95,58.70558080265304,19.95619711398257
0396-HUJBP,19.3,55.27370199505203,19.97754818622518
8356-WUAOJ,45.0,54.96171301254285,45.006275654618655
5442-BHQNG,70.35,55.27370199505203,69.97119548692697
5655-JSMZM,96.2,69.9371841729836,94.89156651561429
7065-YUNRY,45.3,54.96171301254285,45.00264869036453
5161-XEUVX,94.3,66.19331638287342,94.98527214211339
9068-FHQHD,20.15,67.12928333040097,19.92544977195623
8017-LXHFA,94.75,61.82547062774486,94.86524714349761
0786-IVLAW,108.1,75.24099687563971,104.87511841899884
6100-QQHEB,92.55,59.95353673268977,94.8943415610488
2642-DTVCO,85.05,57.45762487261631,84.90403040645069
0147-ESWWR,101.25,66.81729434789179,99.89763050190065
2335-GSODA,40.1,61.82547062774486,40.00906830935749
9602-WCXPI,20.15,70.24917315549278,19.990649153035765
0329-GTIAJ,97.9,55.585690977561214,99.90053852944345
8241-JUIQO,19.45,73.6810519630938,19.946418518501478
0581-MDMPW,88.95,62.13745961025405,90.01650061149596
9314-IJWSQ,84.8,59.01756978516222,84.94198328489387
8532-UEFWH,25.75,70.87315112051115,24.93809883872599
7861-UVUFT,84.3,59.3295587676714,84.97671470382022
8383-SGHJU,59.4,64.9453604528367,60.0559870761666
8755-IWJHN,95.35,76.17696382316726,94.91285991867213
0123-CRBRT,88.1,73.6810519630938,89.97156048237099
2223-GDSHL,116.05,76.80094178818563,114.93636063690596
8189-HBVRW,90.8,71.18514010302033,90.03468202144013
8495-PRWFH,55.65,67.75326129541934,55.0189133965708
6092-QZVPP,79.2,65.88132740036423,80.0677148044808
5129-JLPIS,105.5,62.449448592763225,104.992023729157
1614-JBEBI,20.7,57.14563589010713,19.966593671634595
0637-YLETY,95.6,59.641547750180585,94.95434543287293
0135-NMXAP,89.75,58.393591820143854,89.9580250262827
7892-POOKP,104.8,63.38541554029078,104.93794635846145
8161-QYMTT,94.1,56.833646907597945,94.91616427986126
3001-CBHLQ,104.9,64.6333714703275,104.93220908664576
8945-GRKHX,78.65,54.96171301254285,79.88920334407084
4625-EWPTF,30.45,57.14563589010713,30.022024868807144
1343-EHPYB,103.4,74.30502992811216,104.92046670779642
0375-HVGXO,34.7,54.96171301254285,34.95286676638808
0330-BGYZE,102.5,73.36906298058462,104.9085356843991
5989-PGKJB,86.25,59.641547750180585,84.88966721092642
8752-GHJFU,92.0,76.80094178818563,95.00589448485987
4851-BQDNX,85.05,67.12928333040097,84.93480587017908
7240-FQLHE,99.75,60.26552571519895,99.91631463631666
6175-IRFIT,78.75,56.209668942579576,79.9223588407023
6538-POCHL,79.0,64.9453604528367,80.01491438526706
3078-ZKNTS,19.75,58.70558080265304,19.92005755593366
5777-KJIRB,50.25,67.12928333040097,49.989437169885626
7923-IYJWY,116.1,75.55298585814889,114.96957466720427
2810-FTLEM,50.15,59.641547750180585,50.05347614703979
1265-HVPZB,66.4,73.05707399807542,70.08418792085588
9796-BPKIW,69.95,57.14563589010713,69.9903003344821
9178-JHUVJ,24.1,62.13745961025405,24.93927140187961
4732-RRJZC,20.25,56.833646907597945,19.969023661276005
7010-BRBUU,24.1,77.1129307706948,24.971045087017544
9688-YGXVR,88.15,68.37723926043769,89.99488315363746
9286-DOJGF,74.95,66.5053053653826,74.95391173039883
6994-KERXL,55.9,55.8976799600704,54.95620188889909
2181-UAESM,53.45,55.27370199505203,55.09917780087754
4312-GVYNH,49.85,76.48895280567643,49.95055363935258
2495-KZNFB,90.65,64.9453604528367,89.95720900403524
4367-NHWMM,24.9,54.96171301254285,24.957393554762422
8898-KASCD,35.55,66.81729434789179,34.98115101846099
8016-NCFVO,116.5,71.8091180680387,114.96842729934876
4578-PHJYZ,68.75,70.87315112051115,69.97997395209023
2091-MJTFX,51.2,64.00939350530913,49.92771745462021
2277-DJJDL,99.0,73.36906298058462,99.90654627871034
2511-MORQY,54.9,70.24917315549278,55.00502180879414
2731-GJRDG,109.55,64.6333714703275,109.96462107592353
1784-EZDKJ,106.8,70.56116213800198,104.90010948733942
2468-SJFLM,74.3,54.96171301254285,74.9870831735684
5115-SQAAU,25.6,76.17696382316726,24.91923102793389
8708-XPXHZ,94.2,67.75326129541934,94.87767227714431
0601-WZHJF,46.35,59.01756978516222,44.91591472697514
0463-TXOAK,25.6,70.87315112051115,24.971984135184254
4683-WYDOU,107.6,73.99304094560298,104.91791983496594
1166-PQLGG,19.55,77.1129307706948,19.92005602789028
0963-ZBDRN,96.2,64.6333714703275,94.9177397139383
4871-JTKJF,69.65,54.96171301254285,69.94390237869041
7173-TETGO,78.5,77.1129307706948,79.97833252266061
4193-ORFCL,45.1,54.96171301254285,44.99507340278233
2692-PFYTJ,25.75,54.96171301254285,24.97638607726467
2369-UAPKZ,104.1,56.209668942579576,104.93655909224005
5193-QLVZB,104.75,74.30502992811216,104.8912835741435
0379-DJQHR,81.35,75.55298585814889,79.99630757018451
4657-FWVFY,96.35,67.12928333040097,94.9840327219695
0623-EJQEG,93.55,74.92900789313052,94.96103451286845
1699-TLDLZ,19.7,59.641547750180585,19.923098855331567
4501-UYKBC,69.1,69.00121722545606,69.97064756921364
8158-WPEZG,35.65,58.08160283763468,34.974126330516974
9732-EQMWY,99.4,69.9371841729836,99.91170171293487
1099-BTKWT,54.4,75.86497484065808,54.92993713186068
4815-TUMEQ,19.3,57.76961385512549,19.938675385854243
6407-UTSLV,83.8,55.27370199505203,84.93357957202724
0018-NYROU,68.95,56.209668942579576,69.96317867771708
4632-XJMEX,62.85,71.18514010302033,60.05937823994786
1409-PHXTF,110.45,71.49712908552952,109.88691464982585
8229-TNIQA,45.3,55.8976799600704,45.00214302685835
0529-ONKER,75.65,59.3295587676714,74.97255374870839
3675-YDUPJ,19.85,57.76961385512549,19.978711983983445
4484-CGXFK,55.3,55.585690977561214,54.94391502204818
4443-EMBNA,24.75,76.80094178818563,24.951406322174343
4280-DLSHD,54.75,57.14563589010713,55.02766571025364
9300-AGZNL,94.0,54.96171301254285,94.89965713171321
2789-CZANW,110.3,74.61701891062134,109.9140850027679
8464-EETCQ,18.8,72.43309603305707,19.985098054224657
7216-EWTRS,100.8,54.96171301254285,99.91057703411246
4468-KAZHE,60.0,60.88950368021732,59.91632931852559
8623-ULFNQ,66.05,62.76143757527241,64.94553413820023
9317-WZPGV,79.75,55.27370199505203,79.88934364479101
8947-YRTDV,94.8,64.6333714703275,94.93355980858121
1814-DKOLC,25.45,56.209668942579576,24.985655046834644
8071-SBTRN,111.15,76.48895280567643,109.92341289842854
4701-MLJPN,55.25,64.32138248781833,55.046587501657214
1205-WNWPJ,59.5,56.833646907597945,60.01031747334241
6158-HDPXZ,25.35,54.96171301254285,24.979792163693617
6683-VLCTZ,98.55,60.88950368021732,99.91739787805176
3727-OWVYD,61.2,65.56933841785505,60.055205559452034
0856-NAOES,60.9,56.52165792508876,60.03942609790915
0562-FGDCR,74.55,77.1129307706948,75.00835458266246
0956-SYCWG,19.65,58.70558080265304,19.94930783230589
2277-VWCNI,48.75,55.8976799600704,50.0031802633918
3498-LZGQZ,19.15,74.30502992811216,19.917689027509454
9135-MGVPY,84.7,76.17696382316726,84.98668097167997
3815-SLMEF,34.25,55.585690977561214,35.033562305907296
4513-CXYIX,80.7,76.80094178818563,79.99847900324309
8944-AILEF,19.45,59.3295587676714,20.016618591680427
1270-XKUCC,19.7,64.00939350530913,19.920739092302714
6633-SYEUS,83.2,61.82547062774486,84.99856840359848
8075-GXIUB,19.85,57.45762487261631,19.98247345433436
6016-NXBNJ,19.15,65.56933841785505,19.94691694465569
9332-GYWLO,54.85,56.52165792508876,54.98708514326624
3276-HDUEG,75.05,54.96171301254285,74.96883845558685
5884-FBCTL,25.1,77.1129307706948,24.928668552005924
8999-YPYBV,84.35,68.68922824294688,84.96815706406309
1522-VVDMG,89.75,56.833646907597945,89.95177404068818
0848-SOMKO,48.4,76.48895280567643,49.97052020640926
1657-DYMBM,19.9,71.18514010302033,19.988204314107413
6923-EFPNL,51.75,55.8976799600704,50.06947149823796
2167-FQSTQ,92.4,77.1129307706948,89.98352733331609
9286-BHDQG,45.25,77.1129307706948,45.02992467526214
7225-CBZPL,94.8,59.95353673268977,94.89939230155474
5605-IYGFG,69.85,56.833646907597945,69.96561082913297
6861-OKBCE,20.1,58.08160283763468,19.98977931837305
7571-YXDAD,74.9,55.27370199505203,75.01493042699579
0254-FNMCI,109.9,77.1129307706948,109.9300600084326
8981-FJGLA,78.0,58.08160283763468,79.97798239813056
8414-MYSHR,91.4,56.209668942579576,89.89037038958932
9274-CNFMO,74.95,55.8976799600704,74.97683989010557
3794-NFNCH,50.0,64.00939350530913,50.03359135490995
5158-RIVOP,20.9,58.08160283763468,19.96025896617465
1100-DDVRV,49.8,59.95353673268977,49.89463710980947
9522-BNTHX,56.25,65.25734943534587,54.88150394914386
3677-IYRBF,30.4,55.27370199505203,29.961844729357274
7009-PCARS,19.1,71.8091180680387,19.93731605120046
8250-ZNGGW,59.9,56.209668942579576,60.08764535197599
0967-BMLBD,20.0,58.08160283763468,19.918369657560334
7594-RQHXR,79.6,54.96171301254285,79.87926015649262
8966-SNIZF,19.45,76.48895280567643,19.942962352560755
7235-NXZCP,74.85,55.27370199505203,74.96360684727735
0122-OAHPZ,73.85,56.833646907597945,74.96902205095411
7815-PDTHL,20.2,65.56933841785505,19.942545727359008
8331-ZXFOE,71.1,72.74508501556625,70.08826188016607
8901-UPRHR,109.2,77.1129307706948,109.87157580922435
3563-SVYLG,62.65,75.86497484065808,65.07585402887248
3205-MXZRA,59.45,62.76143757527241,60.038249708290984
5392-AKEMH,45.05,58.393591820143854,45.001989513221474
8201-AAXCB,60.35,62.449448592763225,60.004950553195705
6919-ELBGL,114.95,77.1129307706948,114.91867360724348
0530-IJVDB,114.6,76.48895280567643,114.92889584723899
5047-LHVLY,50.15,54.96171301254285,49.99595970276844
8404-FYDIB,86.65,62.76143757527241,85.05592436084598
3415-TAILE,65.7,55.27370199505203,64.92697295720302
2819-GWENI,19.9,63.38541554029078,19.925447418603518
6164-HXUGH,19.85,56.52165792508876,19.95673679442509
6762-QVYJO,59.75,72.74508501556625,59.927832329861076
5046-NUHWD,45.0,63.69740452279996,44.95229516981085
0106-GHRQR,71.4,59.641547750180585,69.97930249946057
8374-XGEJJ,101.0,68.06525027792851,99.88537604079951
2546-KZAAT,75.4,70.87315112051115,74.95857251288976
7569-NMZYQ,118.75,77.1129307706948,114.92373666105092
3279-DYZQM,19.45,76.80094178818563,19.926283779071184
0374-FIUCA,20.4,74.92900789313052,19.976238472504463
3714-NTNFO,84.5,69.9371841729836,84.90235128017571
8705-DWKTI,83.8,70.87315112051115,84.96175421173771
4195-SMMNX,20.35,55.27370199505203,19.990003607578153
2599-CIPQE,109.3,76.80094178818563,109.96761241402717
5136-GFPMB,89.4,71.49712908552952,89.97997281442744
6476-YHMGA,76.5,59.3295587676714,79.95688923227064
3055-MJDSB,24.6,57.45762487261631,24.968500540098912
7516-GMHUV,105.05,70.24917315549278,104.97010415857125
5940-NFXKV,83.65,60.57751469770813,84.89972616279866
3597-YASZG,104.45,76.48895280567643,104.8560203768567
3786-WOVKF,106.85,77.1129307706948,104.89781351623162
2806-MLNTI,105.1,70.87315112051115,104.88242245767695
0799-DDIHE,46.3,59.3295587676714,44.99128986350166
9926-PJHDQ,76.8,77.1129307706948,74.90923059107512
0334-GDDSO,81.35,55.585690977561214,79.95499937145325
2371-KFUOG,99.15,72.74508501556625,99.92904579736191
4634-JLRJT,20.35,54.96171301254285,19.967773553149023
5886-VLQVU,89.85,65.56933841785505,89.93920162947076
3194-ORPIK,84.4,70.24917315549278,84.94111662511418
6048-NJXHX,19.75,67.44127231291014,19.945161364600768
7860-KSUGX,64.45,77.1129307706948,65.06939051423566
2925-MXLSX,68.95,64.00939350530913,70.02069702289904
2933-FILNV,24.4,55.27370199505203,24.93708782646852
7758-XKCBS,29.7,59.3295587676714,29.983085956210374
2027-DNKIV,58.75,66.19331638287342,60.048823753523706
4751-ERMAN,75.4,77.1129307706948,74.90343964461078
8224-KDLKN,25.0,77.1129307706948,24.9411239733589
7929-SKFGK,114.3,76.48895280567643,114.99896270831123
8329-IBCTI,19.65,54.96171301254285,19.977716740727242
5016-IBERQ,84.25,61.82547062774486,85.00246526790289
5405-ZMYXQ,74.6,57.14563589010713,75.0039759124052
7841-TZDMQ,46.0,55.27370199505203,45.05125289554822
9754-CLVZW,38.85,62.76143757527241,40.03623187319918
9503-XJUME,19.65,70.87315112051115,19.96774282836529
3298-QEICA,34.6,61.82547062774486,34.978101648001314
9420-LOJKX,99.1,59.3295587676714,99.97139732245422
3391-JSQEW,50.15,67.12928333040097,50.00132868430998
4939-KYYPY,59.45,63.073426557781595,60.06581743135932
2061-VVFST,19.5,66.19331638287342,19.98047704520168
6480-YAGIY,112.2,68.68922824294688,109.99650322216928
0330-IVZHA,69.95,56.209668942579576,69.9731218652953
7161-DFHUF,23.85,76.80094178818563,24.945010097500212
1260-TTRXI,54.3,55.8976799600704,54.96614507647731
8577-QSOCG,20.2,66.5053053653826,19.90944746870801
8963-JLGJT,55.9,55.585690977561214,55.07524510832951
3266-FTKHB,19.15,59.95353673268977,19.955522895974326
6122-LJADA,90.15,76.48895280567643,90.00887306395998
8710-YGLWG,44.9,54.96171301254285,45.0151041117175
6463-HHXJR,100.5,76.80094178818563,99.97903806407882
9576-SYUHJ,91.15,66.19331638287342,90.02285997831784
9289-LBQVU,70.15,74.61701891062134,69.93312506265231
2207-QPJED,90.0,66.19331638287342,89.9798330379369
6990-YNRIO,108.65,74.92900789313052,109.95694899519819
0489-WMEMG,49.45,61.82547062774486,49.96438684200044
2189-UXTKY,79.2,61.51348164523568,80.01259801431598
7105-MXJLL,60.7,62.76143757527241,59.92706220551495
7133-VBDCG,79.85,62.449448592763225,80.00510385622079
9933-QRGTX,97.2,73.36906298058462,99.92320526615578
6356-ELRKD,95.6,54.96171301254285,94.94826851323157
2194-IIQOF,89.3,76.80094178818563,90.02876149134951
8063-GBATB,85.25,63.073426557781595,84.88854100406063
9611-CTWIH,89.45,55.585690977561214,89.89577055240089
3571-DPYUH,94.7,72.74508501556625,94.95933152437564
8519-QJGJD,75.35,59.01756978516222,74.99011611477995
5846-NEQVZ,70.85,76.80094178818563,70.01544753979789
6022-KOUQO,29.05,55.27370199505203,29.967829059465082
7205-BAIAD,20.6,67.12928333040097,19.93564375816986
9574-BOSMD,25.4,75.86497484065808,24.941798191367145
4884-TVUQF,101.3,72.43309603305707,99.98410353290573
6439-GTPCA,87.25,68.68922824294688,84.99796208249771
3795-CAWEX,116.55,76.48895280567643,114.96645030506666
7821-DPRQE,107.7,75.86497484065808,109.96524332597917
4983-CLMLV,102.7,70.87315112051115,104.93844634078577
2380-DAMQP,115.15,77.1129307706948,114.95104776200097
7534-BFESC,76.1,62.13745961025405,74.96109357061162
6695-FRVEC,60.4,75.55298585814889,60.04579212583933
0361-HJRDX,64.35,75.86497484065808,64.97296745326344
0354-VXMJC,19.6,61.82547062774486,19.97069173350289
6559-ILWKJ,49.35,76.80094178818563,49.8647208825831
9895-VFOXH,24.4,54.96171301254285,24.967336742340642
8229-BUJHX,20.5,76.80094178818563,19.920224582392343
4476-OSWTN,110.55,76.17696382316726,109.94935732274021
2995-UPRYS,99.2,67.12928333040097,99.88675681875822
9208-OLGAQ,84.95,60.26552571519895,84.90238875234124
4124-MMETB,94.65,61.51348164523568,94.9487583782835
8882-TLVRW,39.1,76.17696382316726,40.00374684413719
2957-JIRMN,84.45,73.99304094560298,84.91887337822835
3646-ITDGM,19.7,72.12110705054789,19.942890073715102
2673-ZALNP,19.9,56.833646907597945,19.949124236938644
9975-SKRNR,18.9,54.96171301254285,19.990172162080214
3724-UCSHY,19.55,56.52165792508876,19.969192215778065
0259-GBZSH,85.65,55.27370199505203,84.97659853406341
7130-CTCUS,54.55,59.641547750180585,55.04641259369972
8150-QUDFX,19.85,55.27370199505203,19.990003607578153
8218-FFJDS,86.4,77.1129307706948,84.96778535373289
8259-NFJTV,34.65,56.833646907597945,35.0127509141072
7909-FIOIY,24.85,60.57751469770813,24.934222399933486
3317-VLGQT,78.1,59.01756978516222,79.90207020550669
2722-VOJQL,105.65,74.61701891062134,104.91886588946328
0584-BJQGZ,78.35,62.449448592763225,80.08576253109771
6732-VAILE,85.95,76.48895280567643,84.95671221213343
1302-TPUBN,19.35,75.24099687563971,19.953659950047467
8380-PEFPE,71.65,54.96171301254285,69.95130705953744
7402-PWYJJ,91.15,71.18514010302033,89.89092974800994
4250-FDVOU,56.25,56.52165792508876,55.05547103593697
9128-CPXKI,95.8,73.05707399807542,94.88526557566848
4183-WCSEP,78.45,64.32138248781833,79.97358761718453
0404-SWRVG,74.4,55.585690977561214,74.98215169031532
6227-HWPWX,69.0,59.3295587676714,69.95163636502835
1899-VXWXM,106.1,69.62519519047443,104.92810422262974
8450-JOVAH,56.7,55.27370199505203,55.06551494694402
4550-VBOFE,102.95,76.48895280567643,104.90176835112158
9546-CQJSU,91.4,55.27370199505203,89.98508639458815
4789-KWMXN,110.85,69.31320620796524,110.00690133527874
0835-DUUIQ,21.05,62.13745961025405,19.93008581941138
1855-AGAWH,93.8,64.32138248781833,94.89930059467214
9079-YEXQJ,111.1,71.49712908552952,109.93144124340992
3577-AMVUX,55.05,54.96171301254285,55.060392401917646
2316-ESMLS,33.15,58.393591820143854,35.020644303153446
9426-SXNHE,18.75,55.27370199505203,19.983944410899312
8550-XSXUQ,70.55,69.62519519047443,69.97868073415155
0723-DRCLG,74.45,54.96171301254285,74.95494694468056
2176-OSJUV,65.15,76.80094178818563,65.05566570961196
0107-WESLM,19.85,54.96171301254285,19.981423896881612
8626-XHBIE,24.8,72.12110705054789,24.92504939126502
0188-GWFLE,20.05,55.27370199505203,19.990003607578153
8166-ZZTFS,80.55,75.24099687563971,79.90565881489178
5774-QPLTF,20.35,70.24917315549278,19.92425145333293
0929-PECLO,89.6,74.30502992811216,89.90861762615864
5696-QURRL,45.05,54.96171301254285,45.0151041117175
8124-NZVGJ,49.25,56.52165792508876,49.87805823377429
4130-MZLCC,50.55,56.209668942579576,50.00868004090699
4489-SNOJF,72.25,65.56933841785505,75.0783155412706
8984-HPEMB,118.65,76.80094178818563,114.93884108705032
4615-PIVVU,66.5,67.75326129541934,64.98579970854819
6848-HJTXY,19.45,74.61701891062134,19.97389479323177
8757-TFHHJ,49.8,54.96171301254285,50.103582301876834
4603-JANFB,69.85,54.96171301254285,69.97387627520379
8565-HBFNN,107.2,76.17696382316726,104.99928100328572
7422-WNBTY,93.35,64.9453604528367,94.93124505361223
4712-UYOOI,20.0,60.88950368021732,19.955571953775852
3372-CDXFJ,24.5,58.70558080265304,24.955439906277178
5353-WILCI,56.05,63.38541554029078,55.051762836891626
0988-AADSA,80.85,77.1129307706948,79.98182431827642
8270-RKSAP,70.5,57.45762487261631,69.97252783918731
5954-BDFSG,107.5,77.1129307706948,104.9312679403765
5792-JALQC,59.85,70.87315112051115,60.04263761159835
2202-OUTMO,60.85,65.25734943534587,60.08108985503157
9028-LIHRP,100.2,76.80094178818563,100.02720389571901
9150-KPBJQ,19.65,56.52165792508876,19.981238912476798
4003-OCTMP,64.0,64.32138248781833,64.98060903365952
8775-LHDJH,90.6,54.96171301254285,89.93959139022495
6770-UAYGJ,25.25,69.9371841729836,24.9261490808792
7596-IIWYC,20.25,63.073426557781595,19.937834966696652
0887-WBJVH,93.45,71.18514010302033,94.87659551314033
8840-DQLGN,100.5,65.56933841785505,100.00562451202016
8413-VONUO,95.65,55.27370199505203,94.90870387213249
9281-PKKZE,43.95,69.00121722545606,44.88812237397799
5186-PEIZU,19.25,65.56933841785505,19.978382112331296
6339-YPSAH,73.8,57.45762487261631,74.99347112106501
2324-EFHVG,104.4,74.61701891062134,104.89111501964145
1918-ZBFQJ,79.25,58.70558080265304,79.97070763800215
6968-GMKPR,81.55,71.8091180680387,79.96362834891559
3062-ICYZQ,93.8,70.56116213800198,94.92440400550464
2233-FAGXV,24.3,56.209668942579576,24.955574685464576
6017-PPLPX,70.45,60.88950368021732,69.9505365658728
1982-FEBTD,25.6,61.82547062774486,24.95690564868734
9705-IOVQQ,99.0,73.6810519630938,99.84213485489805
6288-CHQJB,69.95,71.49712908552952,69.98587961889953
3315-TOTBP,76.0,59.3295587676714,74.97893411391098
6096-EGVTU,24.9,74.61701891062134,24.92799198064497
2937-FTHUR,64.8,60.26552571519895,64.98953405237133
4062-HBMOS,103.05,70.87315112051115,104.91988876544458
2387-KDZQY,20.1,59.95353673268977,19.94995092569279
4609-KNNWG,19.9,63.073426557781595,19.9212447558089
0409-WTMPL,110.65,72.74508501556625,109.96855614995724
3766-EJLFL,109.05,75.86497484065808,109.9340447227608
4232-JGKIY,19.2,54.96171301254285,19.99136708445983
0334-ZFJSR,66.05,71.8091180680387,65.07025630366905
6582-OIVSP,45.3,54.96171301254285,45.01259187794275
8661-BOYNW,84.4,77.1129307706948,85.0282835929709
4257-GAESD,45.0,56.52165792508876,44.9374981157173
8785-CJSHH,99.8,73.36906298058462,99.88757366807192
5469-CTCWN,106.0,73.6810519630938,104.9018709943068
2839-RFSQE,20.65,55.27370199505203,19.97754818622518
4890-VMUAV,71.5,74.30502992811216,70.0746953006338
3365-SAIGS,83.55,59.95353673268977,84.94336842736223
0946-CLJTI,98.7,72.74508501556625,99.91342484884795
3920-HIHMQ,49.5,62.76143757527241,49.9844781362623
5307-UVGNB,48.7,71.18514010302033,49.93876657984831
8780-RSYYU,19.2,62.449448592763225,20.000045583432335
0742-NXBGR,82.3,54.96171301254285,79.97273029202688
8067-NIOYM,21.1,62.13745961025405,19.948124570069638
5916-QEWPT,69.0,55.27370199505203,70.00680279307986
1029-QFBEN,19.55,54.96171301254285,19.990172162080214
9251-WNSOD,75.1,75.55298585814889,74.98880947833142
6576-FBXOJ,54.6,59.95353673268977,54.923172989314644
2501-XWWTZ,70.2,58.08160283763468,69.9821339177614
6080-LNESI,24.75,70.56116213800198,24.958404567019898
7245-NIIWQ,69.85,55.585690977561214,69.96108374484669
6567-HOOPW,79.2,54.96171301254285,79.93818066793644
4550-EVXNY,69.65,54.96171301254285,69.93885163818447
6437-UDQJM,84.1,77.1129307706948,84.9867294533646
0297-RBCSG,65.35,60.57751469770813,64.93606167392903
2097-YVPKN,25.75,74.92900789313052,24.95604480399104
0853-NWIFK,100.3,68.68922824294688,99.903637094663
4853-OITSN,89.15,56.209668942579576,89.97681599332041
6128-DAFVY,44.85,72.12110705054789,44.919127203036034
1197-BVMVG,74.45,55.8976799600704,74.95200923929987
7508-DQAKK,86.4,74.61701891062134,90.01756614341122
9938-PRCVK,19.7,67.44127231291014,19.92528121745417
0289-IVARM,60.55,65.56933841785505,60.07152623725491
8260-NGFNY,25.2,54.96171301254285,24.967336742340642
7074-IEVOJ,79.4,55.585690977561214,79.94254395010029
6614-YWYSC,25.0,73.6810519630938,24.948028813387513
8473-VUVJN,73.65,54.96171301254285,74.96497032415903
6693-DJWTY,55.6,65.56933841785505,55.035554978887774
3655-SNQYZ,113.25,76.17696382316726,114.96410662579396
2845-KDHVX,68.3,74.61701891062134,69.92862918176472
5027-YOCXN,110.05,70.56116213800198,109.963023963603
8884-MRNSU,19.9,59.95353673268977,19.94615316415329
0567-XRHCU,43.95,76.17696382316726,44.94367227110271
5868-CZJDR,31.35,54.96171301254285,29.9376459167474
4223-BKEOR,64.85,61.2014926627265,64.97258304747136
6035-RIIOM,97.2,71.49712908552952,99.85940186143138
3797-VTIDR,23.45,54.96171301254285,24.973475940369518
2568-BRGYX,70.2,55.8976799600704,69.97337061169762
2775-SEFEE,61.9,54.64972403003367,65.0326886341392
4291-SHSBH,69.55,56.833646907597945,69.97286494819143
4635-EJYPD,18.95,64.6333714703275,19.932857404651564
2607-DHDAK,19.8,77.1129307706948,19.95248937532368
5204-QZXPU,39.65,60.57751469770813,39.98323148858166
0221-NAUXK,19.95,57.76961385512549,19.93495781621499
3398-ZOUAA,69.1,61.2014926627265,69.95541875187666
1768-HNVGJ,70.05,68.68922824294688,69.99449245448761
5917-RYRMG,19.8,64.6333714703275,19.97616465891245
3858-XHYJO,105.75,67.12928333040097,104.96124604861555
4837-PZTIC,41.9,69.31320620796524,40.01513679562141
2773-MADBQ,53.1,65.88132740036423,54.93782238217237
1090-PYKCI,105.1,76.17696382316726,105.01812613720426
9479-HYNYL,80.7,76.80094178818563,79.95804492782909
4565-NLZBV,24.65,76.80094178818563,24.941463134596123
8318-LCNBW,53.15,65.56933841785505,54.993020455313044
9261-WDCAF,54.65,55.585690977561214,54.96511870859975
4909-JOUPP,109.7,77.1129307706948,109.92894627232013
1951-IEYXM,90.6,77.1129307706948,90.00853595495586
4227-OJHAL,73.0,75.86497484065808,75.04631562985544
1708-PBBOA,54.75,67.75326129541934,54.9423771948363
8746-BFOAJ,20.5,61.2014926627265,19.948097644776475
4145-UQXUQ,92.1,57.14563589010713,94.89835258660787
9518-XXBXE,75.3,57.76961385512549,75.01937689080412
9558-IHEZX,106.75,76.80094178818563,109.95956168225925
1707-HABPF,91.3,69.00121722545606,89.91952527903804
9643-AVVWI,80.0,55.585690977561214,79.94571454809743
3398-FSHON,91.3,58.393591820143854,89.93530524882777
9139-TWBAS,47.85,62.76143757527241,50.00211854881018
0929-HYQEW,50.15,55.585690977561214,50.066927854539934
0487-CRLZF,74.45,69.9371841729836,74.93903381504293
0454-OKRCT,80.6,64.9453604528367,79.95644260398024
2347-WKKAE,94.4,67.75326129541934,94.99152275862187
6663-JOCQO,75.25,64.32138248781833,74.97467522205466
1297-VQDRP,107.15,75.86497484065808,104.91111314808214
4868-AADLV,116.25,75.24099687563971,114.91885484925801
0788-DXBFY,19.55,72.74508501556625,19.924097939696058
5845-BZZIB,20.1,65.56933841785505,19.932351741145382
7310-EGVHZ,20.2,54.96171301254285,19.99656838675434
4826-TZEVA,74.8,67.12928333040097,74.99027898810017
4080-IIARD,76.2,58.70558080265304,75.06407264282473
7672-VFMXZ,55.7,72.43309603305707,55.0857978840052
9940-RHLFB,75.3,54.96171301254285,74.99230732330675
9117-SHLZX,45.7,54.96171301254285,45.0151041117175
7253-UVNDW,54.35,69.00121722545606,55.04471697223179
9898-KZQDZ,94.55,67.12928333040097,94.89561332694117
8559-CIZFV,77.5,61.2014926627265,75.03377750091724
2506-CLAKW,98.15,56.52165792508876,99.98406001269002
8591-TKMZH,111.1,73.05707399807542,109.91104378437885
4925-LMHOK,58.6,59.3295587676714,60.06244218817964
4971-PUYQO,94.55,63.073426557781595,94.89914284608744
0186-CAERR,116.3,76.80094178818563,114.96086902799448
6233-HXJMX,89.3,68.68922824294688,89.95909119601481
9367-OIUXP,20.7,55.8976799600704,19.98966649857403
4588-YBNIB,19.6,54.96171301254285,19.967773553149023
6467-CHFZW,99.35,69.31320620796524,99.87965108228533
8148-BPLZQ,49.8,65.25734943534587,50.00110289182746
0557-ASKVU,54.4,60.26552571519895,55.02372735421611
3354-OADJP,54.25,57.14563589010713,55.05678971689699
2259-OUUSZ,35.5,56.833646907597945,35.012918913281496
4919-IKATY,84.5,56.209668942579576,85.03478154122362
4328-VUFWD,59.3,66.81729434789179,59.93461089152018
8681-ICONS,20.65,63.69740452279996,19.955372274652444
2232-DMLXU,55.2,54.96171301254285,55.009302209063286
6447-GORXK,25.0,64.32138248781833,24.988483651298203
1777-JYQPJ,24.3,55.27370199505203,24.979623609191556
6685-GBWJZ,70.8,74.30502992811216,70.07697224171415
3955-JBZZM,78.8,60.88950368021732,79.97489521648889
5197-LQXXH,83.3,76.80094178818563,84.96665745194474
5993-JSUWV,61.15,75.24099687563971,60.0296067683344
2219-MVUSO,45.15,57.14563589010713,45.013924230203074
3158-MOERK,96.0,55.27370199505203,94.90455163101859
3594-KADLU,35.1,55.585690977561214,35.04844976913478
0932-YIXYU,20.25,69.31320620796524,19.974328177892296
8348-HFYIV,49.25,55.27370199505203,49.92650543342485
8687-BAFGU,74.0,54.96171301254285,74.99822128352622
7353-YOWFP,20.25,56.833646907597945,19.949124236938644
6837-HAEVO,105.0,76.17696382316726,104.86493377104478
6734-GMPVK,105.3,56.209668942579576,104.93775401461967
7602-DBTOU,19.6,76.80094178818563,19.936397573384568
9894-EZEWG,74.3,54.96171301254285,74.98690942610233
1670-SVOWZ,89.65,59.01756978516222,89.91939138283607
9142-XMYJH,19.35,63.69740452279996,20.009314553002305
5893-PYOLZ,81.8,72.12110705054789,79.97059662483846
3319-DWOEP,95.75,56.52165792508876,94.91357715883947
9514-JDSKI,40.2,54.96171301254285,39.950545098331716
7432-FFVAR,90.95,69.00121722545606,89.89701566149282
4329-YPDDQ,108.2,60.88950368021732,109.98843396026018
2860-RANUS,85.8,60.88950368021732,84.9248433015282
8696-JKZNU,76.25,66.19331638287342,74.94644694073186
1089-XZWHH,19.7,62.13745961025405,19.91180723173686
4831-EOBFE,94.65,63.69740452279996,94.98093283826637
4423-YLHDV,104.4,61.2014926627265,104.98208657335272
5449-FIBXJ,103.3,60.57751469770813,104.93929274224482
8144-DGHXP,80.6,71.49712908552952,79.99509377964289
6598-RFFVI,19.3,55.27370199505203,19.998739769134694
3096-JRDSO,104.3,63.073426557781595,104.95701531004644
5862-BRIXZ,60.75,69.00121722545606,59.95890061612654
1057-FOGLZ,19.65,60.26552571519895,19.974851314192204
9371-BITHB,19.85,70.87315112051115,19.91703089325737
4580-TMHJU,56.15,68.06525027792851,54.98084862668999
0178-CIIKR,19.95,55.585690977561214,19.97737963172312
9348-YVOMK,44.8,55.8976799600704,45.050915786544095
8417-FMLZI,83.55,56.52165792508876,84.91879341946131
6851-WEFYX,100.8,65.56933841785505,99.91730160239536
8181-YHCMF,60.3,75.86497484065808,59.90066942764504
7548-SEPYI,96.25,56.209668942579576,94.88579959969512
0374-IOEGQ,44.6,55.585690977561214,45.01344969131824
0581-BXBUB,72.75,55.8976799600704,74.94370605906079
9350-ZXYJC,25.3,55.8976799600704,24.98024535801835
8642-GVWRF,79.7,55.27370199505203,79.99013826927207
2931-SVLTV,110.1,67.12928333040097,109.98251605232369
5183-SNMJQ,95.1,57.76961385512549,94.9565703289368
7278-CKDNC,80.5,62.13745961025405,79.95145972690997
8024-XNAFQ,107.4,77.1129307706948,104.93207707043632
5480-TBGPH,99.3,62.13745961025405,99.94109480386133
7301-ABVAD,86.6,77.1129307706948,84.94407892948774
4678-DVQEO,52.2,54.96171301254285,50.01824543348836
9415-DPEWS,88.35,60.26552571519895,89.97584806142167
3748-FVMZZ,40.05,55.8976799600704,39.9253485740412
5281-BUZGT,90.85,65.88132740036423,90.00551005765948
5879-SESNB,75.25,58.08160283763468,74.97829102052407
1820-TQVEV,69.55,54.96171301254285,69.97387627520379
9003-CPATH,79.9,67.75326129541934,80.00646453419087
1268-ASBGA,85.35,59.641547750180585,84.92794956141097
6655-LHBYW,114.35,70.24917315549278,115.00427297377462
9227-LUNBG,24.6,54.96171301254285,24.96853166472026
9418-RUKPH,19.95,66.5053053653826,19.90944746870801
0537-QYZZN,79.85,62.13745961025405,79.99311724864634
8734-FNWVH,59.7,64.32138248781833,59.95527075753998
4801-KFYKL,19.45,57.14563589010713,19.97281928957356
8327-LZKAS,107.55,68.06525027792851,104.89031838899388
4188-PCPIG,70.35,72.43309603305707,70.05121374249865
1843-TLSGD,20.85,58.70558080265304,19.92360451883775
6906-MPARY,89.6,67.12928333040097,89.92002038415106
6082-OQFBA,19.65,61.82547062774486,19.938745612466793
3544-FBCAS,83.6,77.1129307706948,84.98167871285867
8034-RYTVV,84.25,71.8091180680387,85.04157680773636
7130-YXBRO,111.45,69.62519519047443,109.9803571794484
1157-BQCUW,74.95,54.96171301254285,74.98248879931944
9445-SZLCH,97.35,65.88132740036423,94.9547858263191
1399-UBQIU,69.35,58.08160283763468,69.9702435785084
4912-PIGUY,84.6,54.96171301254285,84.9643116672125
1323-OOEPC,98.4,71.18514010302033,99.92387596553951
3181-VTHOE,51.05,76.48895280567643,49.90558558247403
8272-ONJLV,95.7,58.393591820143854,94.910014275915
3647-GMGDH,94.7,61.51348164523568,94.96352117792007
1303-SRDOK,69.05,71.8091180680387,69.93535175882792
7361-YPXFS,64.45,63.38541554029078,65.03124243893674
3359-DSRKA,19.85,72.74508501556625,19.90607637866679
6746-WAUWT,19.7,60.57751469770813,19.98593115502144
4659-NZRUF,95.15,60.57751469770813,94.94993492336243
9518-IMLHK,72.45,64.32138248781833,75.08859410132267
3374-LXDEV,89.4,58.70558080265304,90.00366517044023
5356-RHIPP,20.2,54.96171301254285,19.980228974501994
1122-JWTJW,70.65,54.96171301254285,69.95254417903233
0650-BWOZN,73.55,60.26552571519895,74.93140310845372
5546-QUERU,19.95,58.70558080265304,19.950625143701032
8610-ZIKJJ,20.3,55.27370199505203,19.929829835657102
8590-YFFQO,64.95,76.48895280567643,65.09808613553471
2428-HYUNX,19.35,68.37723926043769,19.96225964188733
7219-TLZHO,20.85,55.8976799600704,19.95707390342921
2649-HWLYB,76.15,74.92900789313052,75.02766268051182
8065-QBYTO,99.65,76.80094178818563,99.99946444495387
8259-DZLIZ,53.85,74.61701891062134,54.94968631125474
3348-CFRNX,92.35,63.38541554029078,94.94495466117081
8245-UMPYT,96.4,59.641547750180585,94.88467339282933
1555-DJEQW,114.2,76.48895280567643,114.92407377005503
7776-QGYJC,81.5,66.81729434789179,79.9754250138971
2828-SLQPF,45.0,60.57751469770813,45.01846635535453
3170-GWYKC,104.95,73.36906298058462,104.97887020252641
1710-RCXUS,90.35,70.56116213800198,89.91480902987433
2673-CXQEU,110.5,72.12110705054789,109.92376351355149
3838-OZURD,105.0,75.24099687563971,104.95508346024339
4859-ZSRDZ,55.5,72.74508501556625,54.902045628789075
5795-BKOYE,59.1,76.17696382316726,59.98551930482893
2851-MMUTZ,56.15,63.073426557781595,55.00303425035351
9752-ZNQUT,48.6,54.96171301254285,49.9942097690425
6972-SNKKW,20.0,56.52165792508876,19.976873968216935
1329-VHWNP,25.05,56.833646907597945,24.972721640002405
3999-QGRJH,69.7,57.14563589010713,69.95517791852895
3466-BYAVD,69.5,59.3295587676714,69.95872695212523
4568-TTZRT,20.4,57.45762487261631,19.988823726063725
4672-FOTSD,67.25,58.393591820143854,65.07998628755922
8851-RAGOV,71.05,62.449448592763225,69.99837277136686
0256-LTHVJ,81.05,63.38541554029078,79.87714122681149
5278-PNYOX,100.65,69.9371841729836,99.93647535738647
3132-TVFDZ,44.85,72.43309603305707,44.88120522064788
6924-TDGMT,20.55,58.08160283763468,19.953394294579663
2824-MYYBN,95.25,66.19331638287342,94.87851504965461
4289-DTDKW,101.3,67.12928333040097,99.9034001794661
0017-DINOC,45.2,71.49712908552952,45.03606468116105
4536-PLEQY,85.05,58.393591820143854,84.9403513081153
6402-EJMWF,55.3,55.8976799600704,54.95500696651947
1442-OKRJE,103.15,75.24099687563971,104.91856028185308
1459-QNFQT,59.5,76.48895280567643,59.94466132186345
6996-KNSML,74.9,54.96171301254285,74.98236413572853
2239-JALAW,103.25,72.74508501556625,104.89649756395049
3452-ABWRL,86.05,69.31320620796524,84.9866175222634
9231-ZJYAM,78.85,55.8976799600704,79.93767500443025
7153-CHRBV,59.3,72.43309603305707,60.03299724212952
6833-JMZYP,94.0,59.3295587676714,94.94981359620702
5666-CYCYZ,89.55,62.13745961025405,89.92096696347144
4425-OWHWB,19.35,60.88950368021732,19.973307179166405
1543-LLLFT,98.3,73.6810519630938,99.94850254492033
6581-NQCBA,49.95,59.641547750180585,49.90758082978404
8152-VETUR,97.7,77.1129307706948,99.88872103592743
9796-MVYXX,39.7,59.01756978516222,40.00318061902901
2842-JTCCU,46.05,55.27370199505203,45.03127496946779
0595-ITUDF,91.8,74.61701891062134,90.01520298190037
0219-QAERP,19.8,64.00939350530913,19.996452284951495
8226-BXGES,89.45,74.61701891062134,90.02533551066323
3090-HAWSU,111.6,73.6810519630938,109.9977383130787
1136-XGEQU,84.15,70.24917315549278,84.95199909811835
6732-FZUGP,94.9,69.31320620796524,95.0471467205771
3401-URHDA,59.9,70.56116213800198,60.10053093243563
0365-TRTPY,91.2,66.19331638287342,90.04258019576763
4654-DLAMQ,97.0,74.61701891062134,94.92715760834236
8847-GEOOQ,60.2,73.36906298058462,59.9291305935169
3030-ZKIWL,20.05,54.96171301254285,19.990172162080214
6727-IOTLZ,81.95,59.01756978516222,79.95373380504499
6960-HVYXR,76.0,54.96171301254285,74.97997656554469
0378-NHQXU,88.25,59.95353673268977,89.9723640908436
0565-JUPYD,104.5,74.30502992811216,105.06167324693968
4625-XMOYM,26.25,77.1129307706948,24.918725364427708
7663-ZTEGJ,100.55,63.69740452279996,99.93880426157897
1402-PTHGN,61.5,60.26552571519895,60.00899374213054
7657-DYEPJ,70.15,66.5053053653826,70.02007482970367
3523-BRGUW,19.3,62.76143757527241,19.977175985924816
0100-DUVFC,104.8,76.48895280567643,104.87418717434534
2026-TGDHM,79.3,56.833646907597945,79.90081804514661
9746-UGFAC,20.85,61.51348164523568,19.952992144081858
1042-HFUCW,54.75,62.449448592763225,54.98953830524782
1153-GNOLC,39.1,64.9453604528367,39.922713423197216
0576-WNXXC,95.55,63.073426557781595,94.91473790546416
6906-ANDWJ,74.9,59.3295587676714,74.96519316479326
1022-RKXDR,24.85,67.44127231291014,24.942062720405996
7123-WQUHX,95.0,66.5053053653826,94.99343898770763
5857-TYBCJ,89.2,68.37723926043769,89.97537609356866
7729-XBTWX,19.75,75.24099687563971,19.91718336400327
3978-YNKDD,20.85,60.57751469770813,19.968933909636625
9170-CCKOU,90.2,59.95353673268977,90.09075986269497
1475-VWVDO,74.9,56.833646907597945,74.99380823006913
7108-DGVUU,71.7,61.2014926627265,69.93327988311339
2533-QVMSK,94.1,73.6810519630938,94.94190144328599
7339-POGZN,50.7,55.8976799600704,50.02189366093182
6848-YLDFR,75.2,72.74508501556625,74.93355027746148
2898-LSJGD,55.95,61.2014926627265,54.9152899777912
3507-GASNP,19.95,73.36906298058462,19.925705836719345
7799-LGRDP,25.7,68.06525027792851,24.97367173243797
5373-SFODM,85.25,65.88132740036423,84.93703389272272
7733-UDMTP,55.0,72.43309603305707,54.87762719559646
2801-NISEI,54.95,62.13745961025405,55.088928140698705
4378-MYPGO,105.25,75.86497484065808,104.91385195555227
0129-KPTWJ,94.65,77.1129307706948,94.91997103686387
0373-AIVNJ,39.55,57.45762487261631,40.01433284090352
8414-OOEEL,79.5,75.24099687563971,79.9463418641515
8541-QVFKM,73.5,57.14563589010713,74.96885349645204
2931-XIQBR,103.05,70.24917315549278,99.88422350805646
5652-MSDEY,75.75,57.76961385512549,74.96732146506831
2586-CWXVV,30.4,71.49712908552952,29.964851895636862
8058-INTPH,79.65,54.96171301254285,79.95569914309685
2798-NYLMZ,108.55,76.80094178818563,109.99848480993259
0880-TKATG,101.15,55.8976799600704,99.92741923903152
9342-VNIMQ,54.65,64.9453604528367,55.01508527273968
7779-LGOVN,86.65,57.76961385512549,84.90629389382315
2192-CKRLV,49.2,77.1129307706948,49.920979563608086
6982-UQZLY,20.85,54.96171301254285,19.952687119863114
8441-SHIPE,25.6,75.55298585814889,24.939705310729856
8212-CRQXP,80.0,61.51348164523568,79.98971395638124
3009-JWMPU,96.75,73.99304094560298,99.90025588734937
0623-IIHUG,41.9,61.2014926627265,39.984138053013
2632-IVXVF,111.75,75.86497484065808,109.97390902399768
0655-RBDUG,98.05,56.833646907597945,99.94230886403349
1867-TJHTS,79.8,72.74508501556625,80.01778792547006
0027-KWYKW,83.75,61.82547062774486,84.94046629437531
1131-QQZEB,23.95,76.80094178818563,24.946343268366903
5651-CRHKQ,86.2,67.44127231291014,84.96044210008145
1371-DWPAZ,56.05,54.64972403003367,55.02388346730359
1194-BHJYC,62.15,73.6810519630938,59.952408115796004
0572-ZJKLT,99.65,69.00121722545606,99.94702159546421
2928-HLDBA,20.7,56.52165792508876,19.976873968216935
2645-QTLMB,94.25,56.833646907597945,94.89791791204397
0491-KAPQG,73.7,61.2014926627265,74.97911770927823
3793-MMFUH,95.05,58.70558080265304,94.88517905633552
0578-SKVMF,83.3,61.51348164523568,84.87846189770042
1025-FALIX,69.05,62.76143757527241,69.99232940725246
7880-XSOJX,42.4,55.8976799600704,40.03621532905656
5799-JRCZO,19.5,74.30502992811216,19.949062090192967
0495-ZBNGW,79.9,56.209668942579576,79.99287273219751
9970-QBCDA,19.7,56.52165792508876,20.013191306549707
7271-AJDTL,94.45,71.8091180680387,95.00407362010493
7833-PKIHD,76.4,70.56116213800198,74.96660374084547
5791-KAJFD,68.75,72.12110705054789,69.9741812429853
8499-BRXTD,20.1,60.26552571519895,19.959725558768945
0853-TWRVK,105.6,77.1129307706948,104.97442619640243
4456-RHSNB,49.6,60.57751469770813,50.00681704208743
9809-IMGCQ,96.7,61.51348164523568,94.89611748716993
2073-QBVBI,35.45,67.44127231291014,34.94021340439905
1257-SXUXQ,19.45,56.209668942579576,19.969360770280126
6169-PGNCD,74.3,72.43309603305707,75.06972498250184
2692-BUCFV,101.45,63.69740452279996,99.90283582201043
1644-IRKSF,93.8,64.9453604528367,94.8639388486487
1304-SEGFY,97.85,77.1129307706948,99.88417574555363
9777-WJJPR,88.65,64.32138248781833,90.04015138078724
5732-IKGQH,104.45,70.87315112051115,104.95000644983372
1757-TCATG,20.05,65.56933841785505,19.943119183116192
8314-HTWVE,19.85,56.833646907597945,19.92461584585012
2087-QAREY,54.7,61.51348164523568,55.01285052587182
4229-CZMLL,74.9,56.52165792508876,74.98164602680913
4940-KHCWD,37.7,73.36906298058462,39.9911967280639
1834-WULEG,20.25,62.13745961025405,19.938577057964732
6360-SVNWV,73.55,64.32138248781833,75.0261290114083
5226-NOZFC,85.75,62.76143757527241,84.95430685819666
1062-LHZOD,69.9,54.96171301254285,69.95254417903233
1106-HRLKZ,19.6,67.12928333040097,19.93150896863508
7094-MSZAO,20.05,57.76961385512549,19.994892148524375
0613-WUXUM,19.2,76.48895280567643,19.904053724642054
8806-EAGWC,55.15,55.585690977561214,55.018988479537626
6769-DYBQN,85.0,69.00121722545606,84.95128540516356
2408-TZMJL,110.15,73.05707399807542,109.945720600855
1996-DBMUS,70.65,69.62519519047443,69.94361366126256
6323-AYBRX,19.35,73.05707399807542,19.94844360688776
1432-FPAXX,30.6,63.69740452279996,29.94423510738269
4160-AMJTL,19.65,57.14563589010713,19.960213306432017
3352-RICWQ,19.75,57.45762487261631,19.924278736846
2680-XKKNJ,58.2,57.14563589010713,60.04715587319535
8182-BJDSI,89.95,63.38541554029078,89.89625708101734
1389-WNUIB,76.0,60.88950368021732,74.96352740000603
4612-THJBS,104.75,72.12110705054789,104.86686077644123
1530-ZTDOZ,40.65,69.9371841729836,40.01451353386294
5842-POCOP,88.9,56.209668942579576,89.97549640734988
9492-TOKRI,90.0,60.26552571519895,89.98693481292898
0795-LAFGP,90.4,76.80094178818563,89.98352528108298
0611-DFXKO,89.0,60.88950368021732,89.90659766671371
8035-BUYVG,42.35,67.12928333040097,40.002791428015534
6620-JDYNW,60.6,60.26552571519895,60.0814999216494
8590-OHDIW,20.3,66.5053053653826,19.923761873582905
5897-ZYEKH,105.6,75.55298585814889,104.89345498644741
5084-OOVCJ,55.35,59.95353673268977,55.082694655443255
1740-CSDJP,35.25,54.96171301254285,34.91665371909768
2696-RZVZW,25.05,75.86497484065808,24.99428852069214
9450-TRJUU,83.15,65.56933841785505,84.98097942307362
4581-SSPWD,75.8,55.585690977561214,74.96969626896235
4813-HQMGZ,90.25,57.14563589010713,89.92609587737893
4903-CNOZC,70.9,63.69740452279996,69.98939441539441
0822-GAVAP,34.7,55.27370199505203,34.89882844094814
3055-OYMSE,73.8,71.18514010302033,74.96062611683475
