cliente,real,knn
2234-EOFPT,79.35,82.61818181818181
5849-ASHZJ,20.05,19.85
4403-BWPAY,24.8,21.145454545454545
5696-EXCYS,19.45,19.792727272727273
1518-OMDIK,44.55,52.73636363636364
5781-BKHOP,100.65,101.76818181818182
7279-BUYWN,113.2,105.43636363636365
9330-DHBFL,66.25,65.70545454545456
1629-DQQVB,50.1,48.217272727272714
9351-HXDMR,110.9,110.57727272727274
2796-UUZZO,80.3,83.73181818181817
3489-VSFRD,60.25,62.24545454545454
4177-JPDFU,34.0,35.70727272727272
5651-CPDND,46.0,45.08636363636364
7903-CMPEY,80.3,75.19454545454545
3891-NLXJB,40.55,40.431818181818194
NEW-07942,64.93,66.65454545454546
2359-QWQUL,104.7,102.89545454545454
6857-VWJDT,95.65,92.05727272727273
0002-ORFBO,65.6,64.03636363636363
8945-GRKHX,78.65,81.48636363636363
5975-BAICR,63.7,70.39545454545454
0178-CIIKR,19.95,19.786363636363635
NEW-07597,20.94,20.013636363636365
2040-OBMLJ,81.7,78.68636363636364
4893-GYUJU,19.35,20.450000000000003
NEW-07941,105.46,92.71181818181819
3457-PQBYH,20.3,19.845454545454544
4718-DHSMV,35.8,30.099999999999998
1599-EAHXY,23.95,24.504545454545454
3551-GAEGL,30.4,32.807272727272725
NEW-07260,87.78,85.06727272727272
3454-JFUBC,20.0,20.64090909090909
6035-RIIOM,97.2,104.7181818181818
6229-LSCKB,79.7,79.65
3524-WQDSG,99.3,97.2409090909091
1270-XKUCC,19.7,19.995454545454542
9972-NKTFD,54.65,55.057272727272725
3649-JPUGY,88.6,91.15454545454546
1452-XRSJV,51.05,54.74181818181818
3251-YMVWZ,24.05,23.69545454545455
8225-BTJAU,79.25,78.62727272727274
2786-GCDPI,104.95,102.81636363636363
0208-BPQEJ,19.4,19.736363636363635
1370-GGAWX,94.15,101.60454545454544
2480-SQIOB,44.8,48.98181818181818
9845-PEEKO,79.2,80.39999999999999
6728-CZFEI,56.15,49.91818181818182
0909-SDHNU,29.8,29.295454545454547
7153-OANIO,69.95,68.43545454545455
0106-UGRDO,116.0,109.30000000000001
0266-GMEAO,114.3,108.96363636363638
9708-HPXWZ,45.4,40.407272727272726
0723-DRCLG,74.45,73.73
6682-VCIXC,51.25,49.76090909090909
NEW-07732,26.26,24.542727272727276
2054-PJOCK,80.55,85.6
0674-EYYZV,54.65,60.19909090909091
NEW-07245,98.5,99.23363636363636
3313-QKNKB,85.55,92.77272727272727
3799-ISUZQ,69.95,68.46000000000001
2143-LJULT,25.25,25.072727272727274
2996-XAUVF,40.05,47.61363636363637
5696-QURRL,45.05,45.238181818181815
2303-PJYHN,19.85,20.04909090909091
NEW-07043,25.17,22.223636363636363
7823-JSOAG,74.5,75.78363636363636
8718-PTMEZ,31.05,29.573636363636364
7427-AUFPY,19.65,19.995454545454546
6173-GOLSU,94.65,97.58636363636364
8902-ZEOVF,20.05,19.963636363636365
7605-BDWDC,49.85,49.25
8573-JGCZW,19.65,19.959090909090907
8263-OKETD,68.9,74.21090909090908
NEW-07840,56.88,53.92818181818182
1663-MHLHE,19.2,20.367272727272727
7851-WZEKY,95.15,93.46636363636365
2862-JVEOY,19.15,19.950909090909093
4335-UPJSI,19.75,20.14545454545454
0701-TJSEF,68.25,72.02727272727272
4701-LKOZD,89.75,93.2818181818182
4900-MSOMT,80.2,85.43181818181817
7251-LJBQN,103.75,103.92818181818183
9093-FPDLG,94.2,89.82
2858-EIMXH,95.85,100.3590909090909
9845-QOMAD,19.75,20.045454545454547
8016-NCFVO,116.5,112.0409090909091
2192-OZITF,73.55,68.87727272727273
1657-DYMBM,19.9,19.977272727272734
5168-MQQCA,108.5,109.45454545454545
6174-NRBTZ,30.75,32.731818181818184
6874-SGLHU,97.0,90.50909090909092
7531-GQHME,20.05,19.91727272727273
2108-XWMPY,35.45,34.74454545454545
4102-HLENU,65.65,71.56818181818181
5896-NPFWW,50.15,51.66090909090908
7426-RHZGU,95.9,92.26818181818183
3249-VHRIP,43.6,52.93636363636363
7729-JTEEC,44.5,55.346363636363634
2634-HCZGT,60.05,63.059090909090905
4361-BKAXE,114.5,109.73181818181818
0536-BGFMZ,20.5,19.881818181818183
2207-QPJED,90.0,86.17272727272729
NEW-07710,55.1,62.23272727272727
7956-XQWGU,19.4,20.168181818181818
3486-HOOGQ,79.7,89.23181818181818
3096-WPXBT,100.7,102.83181818181819
8695-WDYEA,51.25,47.86363636363637
1384-RCUXW,80.55,76.91363636363636
8267-KFGYD,21.05,19.722727272727273
4581-LNWUM,49.15,47.186363636363645
0196-VULGZ,84.35,84.13272727272728
7641-EUYET,100.7,92.57727272727273
4654-DLAMQ,97.0,91.49090909090908
7576-JMYWV,110.2,104.92272727272729
9133-AYJZG,98.7,99.09454545454545
NEW-07558,30.5,30.95
3800-LYTRK,55.7,54.42
3523-BRGUW,19.3,19.795454545454547
6847-KJLTS,100.4,98.04545454545455
7963-SHNDT,39.1,44.61818181818182
8221-EQDGL,61.0,59.78181818181818
9003-CPATH,79.9,78.74090909090908
5296-BFCYD,20.1,20.19545454545454
7932-WPTDS,24.8,28.45
9225-BZLNZ,85.25,95.43181818181819
6990-YNRIO,108.65,106.00454545454545
NEW-07112,96.33,93.43909090909091
7480-QNVZJ,95.7,96.35909090909091
7550-WIQVA,108.25,106.27272727272727
9381-NDKME,40.65,43.77272727272727
0942-KOWSM,80.8,80.49090909090908
5985-TBABQ,74.75,71.23181818181818
6876-ADESB,48.95,49.41272727272727
7682-AZNDK,89.85,87.11090909090909
0771-CHWSK,74.6,81.69999999999999
9614-RMGHA,91.85,89.80454545454546
9638-JIQYA,24.9,26.171818181818182
6778-EICRF,74.8,86.99454545454545
4923-ADWXJ,65.8,65.17454545454545
0230-UBYPQ,36.1,40.945454545454545
1785-BPHTP,85.45,85.22272727272728
2239-CFOUJ,20.4,20.035454545454545
3605-JISKB,60.0,66.35909090909091
9651-GTSAQ,106.1,104.15
6418-PIQSP,81.0,81.69090909090909
8752-IMQOS,20.1,20.035454545454545
3503-TYDAY,80.45,79.4090909090909
8992-JQYUN,50.35,46.87909090909091
1877-HKBQX,54.6,57.291818181818186
3351-NQLDI,94.35,97.21363636363635
6410-LEFEN,45.15,49.38454545454545
3896-ZVNET,24.7,23.454545454545453
1053-MXTTK,108.65,110.38636363636364
9143-CANJF,55.15,59.195454545454545
8290-YWKHZ,93.2,94.32
6598-KELSS,43.05,41.97272727272727
2474-BRUCM,101.85,94.43636363636364
5644-PDMZC,89.5,84.28363636363636
6469-MRVET,20.2,20.11272727272727
7921-LMDFQ,94.0,99.53545454545453
NEW-07679,56.61,61.287272727272736
3638-WEABW,59.9,66.40454545454544
6637-KYRCV,30.5,30.21454545454545
5640-CAXOA,40.35,39.17454545454546
9818-XQCUV,20.35,19.862727272727273
1580-BMCMR,87.3,83.36818181818182
3511-BFTJW,38.5,54.300000000000004
NEW-07701,104.8,97.61818181818181
0281-CNTZX,19.95,20.468181818181822
1627-AFWVJ,19.4,19.95
7861-UVUFT,84.3,87.44545454545455
5122-CYFXA,75.3,75.53363636363636
3451-VAWLI,19.7,19.931818181818183
4026-SKKHW,50.25,51.24545454545455
6906-MPARY,89.6,87.76363636363637
NEW-07925,71.83,67.80636363636364
8785-EPNCG,23.15,21.655454545454546
8775-ERLNB,74.3,76.87272727272726
4976-LNFVV,34.3,31.272727272727273
2851-STERV,73.0,79.14090909090909
9927-DSWDF,104.6,101.28636363636365
5791-KAJFD,68.75,78.46272727272728
NEW-07312,93.55,90.64454545454545
9039-RBEEE,48.95,44.37727272727273
0292-WEGCH,86.2,99.85000000000001
1530-ZTDOZ,40.65,40.336363636363636
0107-YHINA,99.75,96.26272727272728
7558-IMLMT,20.8,20.177272727272726
2074-GKOWZ,89.55,88.53272727272727
2692-BUCFV,101.45,100.74
8260-NGFNY,25.2,27.007272727272724
1096-ADRUX,74.25,76.03636363636365
9089-UOWJG,58.35,63.2890909090909
1513-XNPPH,89.4,84.39636363636363
8819-IMISP,80.45,80.29909090909092
1455-ESIQH,89.1,91.14727272727274
3219-JQRSL,89.1,91.43636363636362
6038-GCYEC,54.15,50.058181818181815
NEW-07583,18.75,19.85090909090909
9200-NLNPD,54.05,52.89090909090908
2418-TPEUN,19.8,20.963636363636365
8149-AIQCG,73.15,73.51
8812-ZRHFP,86.45,87.75363636363636
3797-FKOGQ,86.2,85.10909090909091
9552-TGUZV,75.0,67.58727272727272
4925-LMHOK,58.6,55.136363636363626
NEW-07473,20.07,20.066363636363636
NEW-07129,115.1,111.10545454545455
9227-UAQFT,19.75,19.955454545454543
9348-ROUAI,90.3,93.16363636363636
0670-ANMUU,97.65,92.7
2446-BEGGB,98.25,96.28090909090908
3481-JHUZH,80.25,80.72363636363636
3679-XASPY,19.45,19.992727272727276
2840-XANRC,93.15,97.29545454545455
1494-EJZDW,20.15,19.799999999999997
1231-YNDEK,19.15,21.05
9282-IZGQK,85.0,86.53000000000002
1307-TVUFB,79.35,78.95000000000002
7321-PKUYW,90.15,85.9090909090909
1430-SFQSA,35.6,37.46363636363637
1955-IBMMB,20.2,20.93181818181818
NEW-07288,43.43,45.192727272727275
0520-FDVVT,102.35,103.50454545454545
4656-CAURT,23.95,24.80454545454546
NEW-07098,57.33,64.31272727272727
4662-EKDPQ,62.05,67.10454545454546
1964-SVLEA,19.7,19.925454545454546
9367-TCUYN,20.1,19.886363636363637
0505-SPOOW,19.8,20.12272727272727
NEW-07545,50.58,49.99181818181819
7503-QQRVF,74.3,74.05909090909091
1304-BCCFO,70.05,77.66727272727272
1376-HHBDV,48.8,49.959090909090904
0324-BRPCJ,100.2,100.0
5275-SQEIZ,80.85,73.71818181818182
7129-AZJDE,78.95,78.43363636363637
6917-IAYHD,33.6,32.79818181818182
9408-HRXRK,105.15,99.77727272727272
NEW-07331,20.64,19.71727272727273
9611-CTWIH,89.45,85.7590909090909
2868-SNELZ,80.6,74.63181818181818
NEW-07133,93.63,89.50636363636364
1725-MIMXW,19.45,19.722727272727273
1845-CSBRZ,85.35,86.47272727272728
4195-PNGZS,24.45,24.118181818181814
1396-QWFBJ,74.05,76.1718181818182
NEW-07410,60.71,63.57909090909091
2091-MJTFX,51.2,46.46454545454546
8587-XYZSF,50.55,57.95454545454545
5914-GXMDA,19.3,20.154545454545453
8073-IJDCM,20.3,19.990000000000002
0829-DDVLK,20.1,19.788181818181815
2782-LFZVW,58.95,64.61818181818182
4903-UYAVB,19.35,19.986363636363635
9720-JJJOR,60.3,59.06363636363637
6572-ADKRS,74.8,72.74090909090908
NEW-07637,64.41,72.31
NEW-07574,83.85,79.99090909090908
4795-KTRTH,81.0,79.09545454545456
4349-GFQHK,54.35,54.01
8835-VSDSE,70.7,67.65454545454544
8405-IGQFX,90.05,93.10909090909091
NEW-07568,20.13,20.08090909090909
7706-YLMQA,19.7,20.581818181818182
NEW-07513,71.5,70.32272727272728
9548-ZMVTX,90.45,91.82272727272726
8637-XJIVR,78.95,77.11363636363636
0458-HEUZG,35.4,37.79545454545455
NEW-07865,82.49,84.8809090909091
1755-RMCXH,20.3,19.83909090909091
9805-FILKB,20.2,20.199999999999996
8384-FZBJK,100.6,96.66818181818181
7349-ALMUX,65.6,68.32000000000001
7047-FWEYA,103.15,99.86363636363636
4452-QIIEB,43.9,45.95909090909091
0256-LTHVJ,81.05,81.82727272727273
4701-AHWMW,54.55,57.05
0936-NQLJU,20.65,19.78181818181818
9743-DQKQW,25.1,25.864545454545453
4629-NRXKX,70.4,68.63636363636364
0898-XCGTF,96.5,95.9818181818182
7868-TMWMZ,110.0,107.37272727272726
NEW-07648,60.21,56.86454545454546
4065-JJAVA,49.5,50.66909090909091
6743-HHQPF,25.1,26.318181818181817
3460-TJBWI,24.2,24.801818181818188
3283-WCWXT,25.4,22.358181818181816
5016-IBERQ,84.25,86.17727272727272
NEW-07794,78.16,79.17727272727274
8984-HPEMB,118.65,110.85909090909091
6979-TNDEU,19.2,20.036363636363635
NEW-07530,39.01,31.006363636363634
8544-JNBOX,20.8,19.736363636363635
3814-MLAXC,79.85,74.51818181818182
3911-RSNHI,61.4,63.48181818181818
6633-SYEUS,83.2,80.88181818181819
3466-WAESX,69.1,64.40818181818182
3374-PZLXD,19.7,20.036363636363635
1320-REHCS,110.75,106.43636363636364
2749-CTKAJ,20.15,20.13181818181818
1254-IZEYF,99.95,99.0909090909091
2659-VXMWZ,111.3,108.10909090909091
5505-OVWQW,20.15,19.722727272727273
0130-SXOUN,89.4,90.77272727272728
5736-YEJAX,79.45,85.57727272727273
8111-RKSPX,72.2,74.89363636363636
5027-YOCXN,110.05,105.8681818181818
7929-DMBCV,81.0,70.74181818181819
2860-RANUS,85.8,83.29545454545455
4553-DVPZG,101.35,102.90909090909089
7010-ZMVBF,20.45,19.881818181818186
NEW-07083,69.45,70.15
3224-DFQNQ,89.0,85.77727272727272
9494-BDNNC,95.3,96.96363636363635
3654-ARMGP,88.65,88.16363636363636
8780-YRMTT,47.4,48.80454545454547
6745-JEFZB,91.5,87.87272727272727
6152-ONASV,58.25,60.19090909090908
3422-WJOYD,54.35,55.65
6718-BDGHG,64.85,65.6590909090909
NEW-07943,45.95,46.224545454545456
2103-ZRXFN,50.75,46.46454545454545
9317-WZPGV,79.75,77.69545454545454
8383-SGHJU,59.4,61.49818181818181
NEW-07146,54.62,56.971818181818186
4086-WITJG,19.7,20.322727272727278
NEW-07531,76.69,74.55
NEW-07979,78.05,76.94999999999999
NEW-07945,24.65,24.33636363636364
8944-AILEF,19.45,20.213636363636365
2845-KDHVX,68.3,77.3409090909091
9138-EFSMO,78.95,80.15454545454546
3349-ANQNH,99.5,101.75
4115-UMJFQ,35.75,40.24545454545455
2050-ONYDQ,26.0,23.345454545454547
0923-PNFUB,83.75,82.91272727272727
4581-SSPWD,75.8,75.00090909090909
NEW-07774,64.07,75.47454545454546
7103-IPXPJ,99.4,101.01363636363635
0876-WDUUZ,85.4,79.3
4837-QUSFT,100.15,102.39090909090909
7629-WFGLW,95.65,94.8490909090909
8097-OMULG,76.75,84.03636363636365
2542-HYGIQ,19.95,19.826363636363634
9134-CEQMF,89.5,91.1590909090909
NEW-07741,48.52,50.658181818181816
NEW-07289,102.42,91.80181818181818
6586-MYGKD,76.95,93.64545454545454
5457-COLHT,80.65,87.20454545454547
5914-XRFQB,115.8,113.04545454545452
NEW-07699,96.34,93.50999999999999
1635-FJFCC,44.05,47.46454545454546
8029-XYPWT,115.05,112.9681818181818
1393-IMKZG,95.85,93.78909090909092
0707-HOVVN,75.5,90.18636363636364
4476-OSWTN,110.55,110.45454545454545
9249-FXSCK,111.25,109.3590909090909
NEW-07771,64.57,63.437272727272735
3235-ETOOB,74.5,71.4709090909091
2933-FILNV,24.4,27.127272727272725
3892-NXAZG,114.05,108.96363636363638
NEW-07497,20.15,20.39454545454545
1942-OQFRW,44.0,47.186363636363645
0727-BNRLG,97.65,104.27272727272727
3234-VKACU,70.3,72.04545454545455
3677-TNKIO,71.0,71.48181818181818
3884-UEBXB,36.15,39.18545454545455
NEW-07907,59.74,58.300909090909094
1541-ETJZO,62.05,56.71818181818182
4274-OWWYO,74.35,70.34545454545456
0003-MKNFE,59.9,58.36272727272728
0637-UBJRP,84.05,84.71272727272726
7054-ENNGU,50.85,48.99727272727272
9874-QLCLH,104.2,98.97727272727273
7029-RPUAV,100.45,99.16545454545454
0093-EXYQL,91.55,89.0409090909091
4566-GOLUK,107.35,103.53181818181817
NEW-07224,75.55,69.57272727272726
8329-IBCTI,19.65,19.978181818181817
7266-GSSJX,20.45,20.04
0011-IGKFF,98.0,101.67818181818183
4835-YSJMR,49.8,53.445454545454545
2890-WFBHU,79.85,80.8
NEW-07037,20.6,20.01181818181818
4024-CSNBY,94.25,96.11818181818184
8035-PWSEV,89.25,87.97818181818182
8993-IZEUX,69.15,68.19727272727273
8752-GHJFU,92.0,98.80909090909091
5119-KEPFY,95.0,96.07727272727274
2465-BLLEU,19.75,19.825454545454548
7401-RUBNK,74.8,75.9090909090909
1907-UBQFC,72.85,75.03636363636363
2761-XECQW,43.35,42.51272727272727
1273-MTETI,88.85,84.11
5692-ICXLW,90.7,87.70454545454545
3439-GVUSX,24.4,25.49818181818182
NEW-07919,60.76,57.89909090909091
5789-LDFXO,24.6,23.731818181818177
9967-ATRFS,19.9,19.731818181818184
8040-MNRTF,71.1,70.39090909090909
2651-ZCBXV,108.0,107.6909090909091
NEW-07948,45.71,50.120909090909095
9052-VKDUW,109.4,108.56818181818184
0822-GAVAP,34.7,32.69090909090909
1150-FTQGN,94.15,93.70454545454545
4079-VTGLK,74.85,97.99545454545455
7746-AWNQW,35.75,32.27727272727273
7310-EGVHZ,20.2,20.24272727272727
3763-GCZHZ,104.05,104.96363636363635
2826-DXLQO,29.8,33.99727272727273
NEW-07872,69.24,70.02454545454546
1842-EZJMK,103.7,99.86818181818181
4999-IEZLT,29.45,37.404545454545456
NEW-07418,82.94,76.38
9170-CCKOU,90.2,83.02727272727272
3597-YASZG,104.45,109.0409090909091
4585-HETAI,73.75,73.56363636363636
NEW-07160,80.52,76.09545454545456
1215-FIGMP,89.9,86.89545454545456
7766-CLTIC,60.95,58.17272727272727
2085-BOJKI,96.65,96.75818181818181
9531-NSBMR,19.25,19.899090909090912
NEW-07535,105.29,104.2318181818182
2550-AEVRU,53.45,59.96818181818182
2379-GYFLQ,94.9,95.2218181818182
8757-TFHHJ,49.8,48.94545454545455
3413-DHLPB,103.75,101.83181818181816
NEW-07172,67.04,64.40545454545455
1004-NOZNR,94.8,87.46363636363638
9555-SAHUZ,54.5,57.378181818181815
9564-KCLHR,51.25,47.87909090909091
0601-WZHJF,46.35,42.018181818181816
2521-NPUZR,101.0,100.45454545454545
6034-ZRYCV,54.2,56.868181818181824
9114-DPSIA,81.0,83.09545454545456
1658-TJVOA,74.1,72.70454545454544
4324-BZCKL,55.55,55.74545454545455
4043-MKDTV,105.25,105.39545454545456
2041-JIJCI,64.0,69.94
2599-CZABP,44.6,49.74
NEW-07285,96.01,94.66090909090909
9644-UMGQA,49.15,50.626363636363635
0136-IFMYD,109.95,109.69545454545455
7878-JGDKK,44.55,45.554545454545455
8552-OBVRU,104.5,104.18636363636365
0562-KBDVM,44.6,55.68636363636363
0201-MIBOL,102.4,103.93181818181819
NEW-07742,101.04,94.4190909090909
NEW-07894,98.04,96.11909090909093
0164-APGRB,114.9,110.21363636363635
4450-DLLMH,71.3,70.24363636363636
4323-SADQS,34.5,30.61818181818182
4521-YEEHE,88.85,87.60363636363638
NEW-07864,18.48,19.764545454545456
6340-DACFT,20.55,19.854545454545455
NEW-07118,66.24,56.63818181818181
1751-NCDLI,98.85,99.12727272727271
9026-RNUJS,50.35,47.38272727272727
4189-NAKJS,51.55,55.39090909090908
6813-GZQCG,24.65,24.904545454545453
8387-UGUSU,20.05,19.827272727272728
7503-ZGUZJ,84.65,80.88818181818182
3887-PBQAO,25.9,24.486363636363638
4526-ZJJTM,88.4,92.38454545454546
2904-GGUAZ,84.05,85.66818181818181
1036-GUDCL,79.05,88.83636363636363
2012-NWRPA,99.55,97.78272727272729
NEW-07166,25.75,24.756363636363634
9912-GVSEQ,93.85,96.64545454545456
3594-KADLU,35.1,35.64818181818182
5922-ABDVO,89.65,86.14545454545454
2348-KCJLT,61.5,61.81818181818182
5312-TSZVC,19.65,19.886363636363633
5318-IXUZF,87.15,79.16272727272728
4957-TIALW,65.6,65.04818181818183
3521-MNKLV,49.7,48.46545454545455
8436-BJUMM,83.75,81.8409090909091
5882-CMAZQ,34.25,37.60454545454546
3209-ZPKFI,54.25,62.33272727272727
1436-ZMJAN,67.8,80.17636363636365
8661-BOYNW,84.4,92.95454545454545
7356-IWLFW,80.0,83.20454545454547
NEW-07467,47.63,52.67545454545455
1768-ZAIFU,25.2,27.730909090909094
3990-QYKBE,92.5,94.72727272727273
NEW-07879,19.97,19.924545454545456
4936-YPJNK,19.9,20.095454545454547
1488-PBLJN,116.85,111.88181818181819
3466-BYAVD,69.5,59.27454545454545
9441-QHEVC,19.1,20.367272727272727
3472-OAOOR,34.95,35.45181818181818
NEW-07786,77.14,74.55
8887-IPQNC,44.25,48.08727272727272
8919-FYFQZ,30.35,34.39999999999999
2637-FKFSY,46.1,50.21545454545455
2612-PHGOX,76.1,86.54545454545456
1159-WFSGR,20.4,19.63636363636364
8063-GBATB,85.25,83.08181818181819
6184-DYUOB,19.6,20.11181818181818
1564-HJUVY,63.75,64.2390909090909
2277-BKJKN,99.2,103.87727272727274
6022-KOUQO,29.05,32.42818181818182
4361-FEBGN,20.15,19.95
6754-LZUKA,80.9,89.56818181818181
4994-OBRSZ,76.1,74.30727272727272
3969-JQABI,65.25,64.96363636363635
2157-MXBJS,75.3,86.43636363636362
3739-YBWAB,35.35,40.22545454545455
7083-MIOPC,20.25,20.38181818181818
0219-YTZUE,84.8,85.49454545454546
4500-HKANN,59.7,59.03454545454545
9895-VFOXH,24.4,27.007272727272724
8671-KKKOS,45.55,43.21909090909091
6652-YFFJO,64.9,67.66
3396-DKDEL,115.15,114.76363636363635
5485-ITNPC,85.9,90.36818181818181
6064-PUPMC,57.2,56.98636363636364
9169-BSVIN,74.75,89.51909090909089
2718-GAXQD,46.0,48.68545454545454
6581-NQCBA,49.95,46.300000000000004
0129-KPTWJ,94.65,98.84545454545454
4332-MUOEZ,94.3,79.13363636363636
8357-EQXFO,95.35,95.77272727272727
5550-VFRLC,69.85,70.48545454545454
0103-CSITQ,109.4,109.07272727272726
NEW-07101,102.76,99.75
7693-LCKZL,80.15,74.56363636363636
0594-UFTUL,19.85,20.135454545454543
6668-CNMFP,89.35,83.3409090909091
NEW-07252,106.36,102.00818181818181
2082-CEFLT,45.6,47.51
5394-MEITZ,80.6,80.53181818181818
NEW-07875,61.04,59.41272727272728
2898-LSJGD,55.95,55.78818181818181
6142-VSJQO,44.35,54.52727272727273
4505-EXZHB,74.4,75.12363636363635
NEW-07374,25.43,24.782727272727275
1265-HVPZB,66.4,70.8
8640-SDGKB,74.4,77.25454545454545
2133-TSRRM,105.35,97.08636363636364
0637-KVDLV,76.5,75.36545454545454
0305-SQECB,36.05,36.28636363636364
NEW-07951,20.64,19.689090909090908
7473-ZBDSN,18.8,19.83181818181818
0060-FUALY,94.75,95.57727272727271
8749-JMNKX,93.8,95.14545454545454
3043-TYBNO,60.65,54.86727272727273
2027-WKXMW,108.75,108.40454545454546
0754-UKWQP,95.85,94.48181818181818
3778-FOAQW,20.15,20.904545454545456
NEW-07609,19.97,20.213636363636372
3090-QFUVD,20.3,19.826363636363634
8818-XYFCQ,99.55,101.3281818181818
8364-TRMMK,50.65,53.06272727272728
0031-PVLZI,20.35,20.080909090909092
6252-DFGTK,68.1,66.06818181818181
0117-LFRMW,40.2,37.802727272727275
9534-NSXEM,20.65,19.772727272727273
NEW-07459,80.55,76.27090909090909
4800-VHZKI,19.9,19.990000000000002
6789-HJBWG,49.4,49.45
NEW-07871,90.74,96.67909090909092
NEW-07711,24.32,24.280909090909095
NEW-07881,24.24,22.921818181818182
4791-QRGMF,99.5,101.86818181818181
0376-YMCJC,90.6,86.94272727272727
8443-WVPSS,99.85,99.52454545454545
8644-XLFBW,71.65,69.59
1402-PTHGN,61.5,60.78181818181818
6311-UEUME,78.9,78.62636363636364
6115-ZTBFQ,65.5,67.64090909090909
9885-CSMWE,78.45,80.1909090909091
NEW-07174,68.19,75.5890909090909
7139-JZFVG,60.5,62.881818181818176
5533-NHFRF,44.4,39.39090909090908
8270-RKSAP,70.5,69.59545454545454
4112-LUEIZ,89.5,90.08181818181818
3963-RYFNS,116.45,111.09090909090911
2808-CHTDM,25.1,22.972727272727273
0847-HGRML,20.0,19.91363636363636
5542-TBBWB,69.9,69.73363636363636
6094-ZIVKX,54.45,58.786363636363625
2070-FNEXE,76.45,70.97454545454546
NEW-07221,81.02,75.74909090909091
4911-BANWH,86.55,84.28636363636362
6437-UDQJM,84.1,92.77727272727272
1015-OWJKI,19.05,20.367272727272727
4192-GORJT,94.45,95.4009090909091
8750-QWZAJ,19.8,19.91818181818182
4797-MIWUM,20.25,20.553636363636368
5697-GOMBF,35.9,34.55909090909091
8263-QMNTJ,115.55,112.9090909090909
9787-XVQIU,75.3,75.36545454545454
7233-DRTRF,102.4,104.69999999999999
2680-XKKNJ,58.2,55.68272727272727
NEW-07342,104.0,102.25818181818182
8234-GSZYK,26.45,23.672727272727272
0401-WDBXM,105.55,110.1590909090909
3059-NGMXB,69.2,63.48272727272728
5498-TXHLF,87.45,90.73363636363636
6260-XLACS,19.7,19.950909090909093
0743-HRVFF,56.15,58.04545454545455
NEW-07163,24.95,24.33636363636364
9795-SHUHB,58.2,65.77272727272727
6728-WYQBC,20.95,20.24272727272727
4860-IJUDE,73.75,66.7109090909091
0643-OKLRP,80.35,79.84545454545454
2832-KJCRD,103.65,101.85
NEW-07790,82.16,72.51363636363637
NEW-07642,49.18,48.877272727272725
6582-OIVSP,45.3,47.35454545454545
3284-SVCRO,25.5,24.313636363636363
7216-KAOID,19.5,20.040909090909093
NEW-07443,89.16,84.75727272727272
4566-QVRRW,44.05,50.877272727272725
2197-OMWGI,53.0,55.48636363636364
4641-FROLU,19.3,19.995454545454542
4018-PPNDW,24.1,24.30909090909091
5197-YPYBZ,25.25,23.676363636363636
1113-IUJYX,105.95,96.47909090909091
8089-UZWLX,104.05,104.27272727272727
NEW-07988,19.45,20.017272727272726
4951-UKAAQ,88.95,88.14545454545454
2739-CCZMB,20.35,20.049999999999997
9489-DEDVP,69.2,84.45
6608-QQLVK,50.5,51.84
7632-YUTXB,20.05,20.168181818181818
3871-IKPYH,69.1,62.709090909090904
1195-OIYEJ,91.1,89.68636363636364
0230-WEQUW,56.6,58.400000000000006
1024-GUALD,24.8,26.813636363636363
7968-QUXNS,18.95,20.12272727272727
1208-NBVFH,49.6,54.216363636363646
6506-EYCNH,19.55,20.395454545454545
4174-LPGTI,66.5,62.9409090909091
6161-UUUTA,79.9,78.96181818181819
5433-KYGHE,86.0,73.66818181818181
3498-LZGQZ,19.15,20.418181818181818
1015-JPFYW,19.45,19.995454545454546
1862-QRWPE,20.65,19.972727272727273
9693-XMUOB,50.25,47.695454545454545
2188-SXWVT,55.0,56.98636363636364
9281-CEDRU,64.1,70.2818181818182
8344-WFMFH,50.1,54.78727272727272
8329-GWVPJ,69.75,73.9718181818182
1849-RJYIG,60.0,60.876363636363635
4139-DETXS,64.45,69.81818181818181
6655-LHBYW,114.35,113.44545454545455
NEW-07793,97.49,97.66545454545454
9710-ZUSHQ,106.75,101.8409090909091
NEW-07687,70.73,69.73363636363636
8218-FFJDS,86.4,90.79090909090908
1725-IQNIY,109.75,109.88181818181819
8329-UTMVM,104.65,105.32272727272726
7516-GMHUV,105.05,99.31818181818184
3761-FLYZI,108.8,101.82272727272726
0440-UEDAI,94.45,96.4590909090909
4844-JJWUY,86.0,82.6309090909091
7339-POGZN,50.7,59.94090909090908
2817-NTQDO,45.55,37.8890909090909
3450-WXOAT,45.2,52.85
0519-DRGTI,20.35,19.881818181818183
2956-GGUCQ,78.85,75.57272727272728
4012-YCFAI,61.35,64.89090909090909
NEW-07040,96.1,93.66363636363636
7401-JIXNM,91.3,93.12727272727271
6941-PMGEP,80.0,79.76818181818182
9107-UKCKY,79.8,100.8590909090909
3055-OYMSE,73.8,73.89999999999999
6905-NIQIN,50.65,47.28999999999999
8769-KKTPH,99.65,102.20454545454548
7410-OIEDU,79.85,67.05000000000001
0585-EGDDA,80.0,84.14999999999999
5624-BQSSA,20.95,19.978181818181817
1571-SAVHK,99.95,99.7781818181818
9957-YODKZ,80.8,77.57272727272726
8257-RZAHR,64.7,69.92272727272727
0697-ZMSWS,85.65,83.71363636363635
6457-USBER,80.8,74.43636363636364
9206-GVPEQ,54.45,50.064545454545446
NEW-07783,68.56,74.11454545454545
2160-GPFXD,65.65,73.05181818181818
7752-XUSCI,105.9,105.26818181818182
NEW-07565,51.28,49.2109090909091
0220-EBGCE,85.85,87.51636363636364
9746-MDMBK,113.45,113.12272727272729
8859-AXJZP,23.8,23.89545454545454
7820-ZYGNY,90.45,92.82272727272726
4359-INNWN,20.05,19.80181818181818
6258-NGCNG,23.5,23.104545454545452
NEW-07588,21.0,19.722727272727273
8739-XNIKG,84.0,85.28636363636365
NEW-07399,83.72,88.75818181818181
3644-QXEHN,97.0,91.68545454545455
4183-MYFRB,90.05,89.57454545454546
NEW-07384,89.93,75.83181818181818
3521-SYVOR,64.75,67.66
1635-HDGFT,20.5,19.886363636363637
6198-RTPMF,92.6,92.8409090909091
9101-BWFSS,108.55,111.0181818181818
NEW-07432,54.45,62.33818181818181
NEW-07154,87.09,90.99545454545454
1986-PHGZF,58.4,64.24
1518-VOWAV,74.65,74.75363636363636
3780-DDGSE,76.05,83.45909090909089
2896-TBNBE,80.8,81.64090909090908
9558-IHEZX,106.75,111.30454545454546
9674-EHPPG,40.4,41.309090909090905
8896-RAZCR,19.9,19.977272727272727
NEW-07417,19.37,19.970909090909092
3167-SNQPL,101.15,100.18181818181819
NEW-07429,70.4,68.38545454545454
5322-ZSMZY,25.75,24.779090909090908
7963-GQRMY,44.3,47.14727272727273
0670-KDOMA,20.25,19.990000000000002
6386-SZZKH,107.95,111.57727272727274
7000-WCEVQ,61.6,70.35454545454546
4425-OWHWB,19.35,19.713636363636365
7876-BEUTG,48.8,54.16818181818182
1415-YFWLT,89.3,87.04363636363638
NEW-07283,26.19,26.365454545454543
0057-QBUQH,25.1,24.454545454545453
9426-SXNHE,18.75,20.054545454545455
5919-TMRGD,79.35,79.11545454545454
8612-GXIDD,25.4,24.12272727272727
0970-ETWGE,89.55,91.14727272727274
6164-HAQTX,53.95,59.33636363636364
9050-IKDZA,81.5,76.40272727272728
8590-OHDIW,20.3,20.168181818181818
9378-FXTIZ,70.15,87.62272727272727
5799-JRCZO,19.5,19.845454545454547
NEW-07727,81.27,78.34818181818183
1641-RQDAY,100.4,96.79090909090907
6427-FEFIG,78.6,81.95454545454545
7024-OHCCK,93.85,93.3909090909091
3088-LHEFH,79.0,80.04181818181819
3298-QEICA,34.6,36.84
2960-NKRSO,85.95,79.76545454545455
0282-NVSJS,29.3,32.4
4584-LBNMK,24.7,23.036363636363635
7895-VONWT,48.25,49.809999999999995
9840-EFJQB,74.35,70.58818181818182
8402-OOOHJ,20.65,19.954545454545453
6029-CSMJE,25.65,26.177272727272733
1761-AEZZR,79.55,79.97727272727273
3011-WQKSZ,20.0,20.527272727272727
7240-ETPTR,48.75,46.50363636363637
1202-KKGFU,54.2,56.10454545454545
6211-WWLTF,99.7,103.31363636363636
4973-MGTON,84.4,84.89545454545454
3572-UUHRS,18.85,20.01818181818182
2607-FBDFF,49.0,49.79363636363637
6598-RFFVI,19.3,19.59272727272727
NEW-07829,108.83,101.69181818181818
NEW-07688,95.11,93.42727272727274
7511-YMXVQ,45.4,45.304545454545455
4659-NZRUF,95.15,90.41818181818182
7206-PQBBZ,70.2,71.40454545454546
9830-ECLEN,50.0,51.85
6620-JDYNW,60.6,63.22999999999999
0691-NIKRI,105.95,100.73727272727272
NEW-07599,83.84,82.80272727272728
4910-GMJOT,94.6,93.43909090909091
NEW-07758,25.41,24.44181818181818
6100-FJZDG,20.05,20.236363636363635
3620-MWJNE,54.45,55.36545454545455
2971-SGAFL,78.75,93.85454545454546
0231-LXVAP,75.9,68.92545454545453
9933-QRGTX,97.2,96.54545454545455
NEW-07900,86.13,82.6309090909091
3538-WZPHD,29.6,28.25454545454545
6685-GBWJZ,70.8,67.65909090909092
9135-MGVPY,84.7,86.85000000000001
1399-OUPJN,19.75,19.986363636363635
8143-ETQTI,19.65,19.80454545454545
2987-BJXIK,84.7,94.7
NEW-07987,46.36,47.72636363636364
3653-NCRDJ,19.2,20.509090909090908
NEW-07480,78.59,78.75818181818182
8823-RLPWL,110.65,111.5318181818182
NEW-07993,52.66,57.01818181818182
9820-RMCQV,48.55,52.152727272727276
NEW-07249,77.31,73.48727272727272
8261-GWDBQ,116.05,109.32272727272726
8012-SOUDQ,90.25,88.79545454545455
6010-DDPPW,25.15,24.845454545454547
1173-NOEYG,90.15,92.03181818181818
0221-WMXNQ,75.35,63.970909090909096
2194-IIQOF,89.3,91.24545454545454
3712-PKXZA,20.55,20.563636363636363
NEW-07033,24.25,22.223636363636363
9959-WOFKT,106.7,104.93181818181816
8879-XUAHX,116.25,112.9090909090909
4712-AUQZO,33.6,33.92727272727273
1729-VLAZJ,40.25,38.877272727272725
NEW-07809,19.01,19.978181818181817
1452-UZOSF,106.1,106.09545454545454
5955-EPOAZ,20.95,20.15
NEW-07936,73.64,74.03181818181817
4338-EYCER,54.6,51.881818181818176
5311-IHLEI,50.95,44.37
7130-VTEWQ,75.75,74.47363636363637
6257-RJOHI,50.8,49.52454545454545
1697-BCSHV,66.8,81.33636363636364
5832-TRLPB,75.35,78.07727272727273
9880-TDQAC,60.0,59.459090909090904
6082-OQFBA,19.65,20.13181818181818
1791-PQHBB,61.2,60.65
3254-YRILK,88.2,87.89545454545454
9896-UYMIE,114.3,111.41363636363636
4501-UYKBC,69.1,84.39000000000001
6421-SZVEM,82.85,73.8990909090909
5868-YWPDW,84.2,85.28727272727272
3429-IFLEM,77.35,76.22727272727272
NEW-07874,20.9,20.21090909090909
NEW-07136,98.94,97.4309090909091
2959-FENLU,85.3,85.02545454545454
9526-BIHHD,29.7,26.371818181818185
5047-LHVLY,50.15,50.01545454545454
7666-WKRON,80.45,84.71363636363637
3506-OVLKD,26.2,23.104545454545455
7252-NTGSS,45.15,47.35454545454545
6289-CPNLD,73.9,78.27818181818182
2525-GVKQU,20.6,19.954545454545453
3707-LRWZD,84.05,83.46363636363637
NEW-07731,71.17,66.92636363636365
0927-CNGRH,19.55,19.975454545454546
2371-JQHZZ,93.0,94.8
5970-GHJAW,19.95,19.931818181818183
7048-GXDAY,106.4,101.9681818181818
NEW-07899,39.14,44.545454545454554
5734-EJKXG,118.6,110.88181818181819
7611-YKYTC,75.0,67.31363636363636
6754-WKSHP,25.35,22.17727272727273
6005-OBZPH,89.15,89.1909090909091
8931-GJJIQ,83.3,84.39636363636363
4560-WQAQW,68.7,71.5090909090909
3727-OVPRY,25.7,23.1
8309-PPCED,110.45,107.7590909090909
3992-YWPKO,109.9,103.80818181818181
6000-UKLWI,20.15,20.186363636363637
0410-IPFTY,83.85,79.56818181818181
9412-ARGBX,95.5,97.13181818181819
5310-NOOVA,19.95,19.922727272727272
2320-SLKMB,44.45,42.335454545454546
5019-GQVCR,84.85,88.46818181818183
2667-WYLWJ,19.75,20.10909090909091
3756-VNWDH,100.75,102.15454545454546
3898-GUYTS,97.05,94.9090909090909
6370-ZVHDV,25.3,23.5
8259-NFJTV,34.65,33.372727272727275
1374-DMZUI,94.3,93.39545454545454
4795-UXVCJ,19.8,19.546363636363637
2250-IVBWA,81.05,79.35000000000001
6326-MTTXK,100.85,99.23363636363636
1329-VHWNP,25.05,26.191818181818178
4536-PLEQY,85.05,85.24636363636364
5402-HTOTQ,55.3,61.22636363636363
6686-YPGHK,85.5,77.41363636363636
7931-PXHFC,62.3,65.01363636363637
1757-TCATG,20.05,20.12727272727273
NEW-07504,51.09,47.95272727272727
5996-NRVXR,98.15,94.14090909090909
9094-AZPHK,100.15,97.96363636363638
7271-AJDTL,94.45,96.57272727272726
3645-DEYGF,20.75,19.975454545454546
2985-FMWYF,93.5,95.28272727272729
7996-MHXLW,25.15,24.599999999999998
9444-JTXHZ,76.2,73.33545454545454
NEW-07817,97.6,104.1190909090909
7994-UYIVZ,85.65,84.17636363636365
9369-XFEHK,80.6,80.02272727272727
NEW-07665,102.35,104.09
3508-VLHCZ,90.55,94.45
NEW-07561,94.81,94.27181818181816
5945-AZYHT,109.6,106.37272727272726
2275-RBYQS,45.4,45.536363636363646
7721-DVEKZ,19.65,19.978181818181817
8430-TWCBX,20.7,19.786363636363635
0277-BKSQP,54.4,60.222727272727276
6661-HBGWL,104.75,104.07272727272729
2995-YWTCD,24.9,24.653636363636362
2482-CZGBB,70.0,69.74090909090908
3847-BAERP,20.9,20.095454545454547
4827-DPADN,83.3,89.76363636363637
8819-WFGGJ,54.1,61.24545454545454
9661-JALZV,24.7,24.58636363636363
0623-IIHUG,41.9,42.06363636363637
1017-FBQMM,106.05,105.96363636363638
4872-VXRIL,64.65,65.51363636363635
7639-LIAYI,79.75,87.36363636363636
8512-WIWYV,20.35,19.582727272727272
4908-XAXAY,89.85,95.45454545454545
2208-UGTGR,98.6,100.77272727272727
9274-CNFMO,74.95,76.87272727272726
2656-FMOKZ,74.45,74.5909090909091
3946-JEWRQ,95.2,96.4090909090909
9776-OJUZI,95.45,98.1
0810-BDHAW,78.4,77.37636363636364
0988-AADSA,80.85,87.26818181818182
9620-ENEJV,70.55,71.12818181818182
NEW-07489,53.37,54.27272727272727
4816-LXZYW,79.15,79.70909090909092
4291-YZODP,20.05,20.168181818181818
4029-HPFVY,70.3,67.72272727272728
4198-VFOEA,33.6,36.900909090909096
2424-WVHPL,74.7,63.22909090909092
0201-OAMXR,115.55,113.05454545454546
9079-LWTFD,100.75,88.75454545454546
6960-HVYXR,76.0,75.32818181818182
0733-VUNUW,55.65,55.41818181818182
NEW-07682,55.0,49.554545454545455
9391-YZEJW,94.0,97.95454545454545
1403-GYAFU,20.05,20.43636363636364
7541-YLXCL,65.4,64.35454545454546
6339-YPSAH,73.8,73.71363636363635
6954-OOYZZ,44.35,51.74090909090909
8229-BUJHX,20.5,19.91818181818182
6772-WFQRD,20.4,19.92727272727273
7929-SKFGK,114.3,112.62727272727271
5276-KQWHG,69.6,70.3990909090909
6728-DKUCO,104.15,101.96363636363635
1813-JYWTO,80.45,73.44090909090909
6185-TASNN,46.3,49.208181818181814
4402-FTBXC,89.8,78.28727272727272
1421-HCERK,105.7,103.14
4918-QLLIW,53.4,52.94636363636364
6207-WIOLX,58.6,56.25818181818182
5222-IMUKT,91.05,90.60454545454546
8375-DKEBR,69.6,70.48545454545454
NEW-07300,97.05,96.34181818181818
4567-AKPIA,109.1,106.1909090909091
4012-ZTHBR,44.95,56.96363636363637
0575-CUQOV,97.95,101.90454545454544
8336-TAVKX,78.45,90.23636363636363
2988-QRAJY,110.05,111.98636363636363
7096-ZNBZI,26.45,24.94090909090909
NEW-07222,106.65,100.31727272727272
1133-KXCGE,20.1,19.722727272727273
2361-UPSND,70.6,68.19090909090909
5651-WYIPH,49.85,61.11363636363637
6538-POCHL,79.0,79.90454545454546
NEW-07464,96.62,87.87272727272727
NEW-07847,73.24,75.2309090909091
8777-MBMTS,105.85,104.19545454545455
3387-VATUS,94.85,95.6281818181818
2480-JZOSN,20.65,20.022727272727273
9800-OUIGR,20.0,19.963636363636365
8622-ZLFKO,90.75,91.26272727272728
7472-EQOAV,86.7,83.1590909090909
0971-QIFJK,24.25,24.936363636363637
5997-OPVFA,89.05,90.63181818181819
6067-NGCEU,111.05,109.06818181818184
7302-ZHMHP,19.15,19.978181818181817
5447-VYTKW,53.45,55.28727272727272
8080-POTJR,79.3,87.36454545454545
7196-LIWRH,19.55,19.970909090909092
NEW-07355,82.17,87.0809090909091
6982-SSHFK,44.4,45.192727272727275
8457-XIGKN,19.6,20.12272727272727
8650-RHRKE,29.65,28.867272727272724
8792-AOROI,65.5,67.25727272727273
8690-ZVLCL,88.0,94.5181818181818
8398-TBIYD,84.7,87.83636363636363
4726-DLWQN,70.35,75.45454545454545
8224-KDLKN,25.0,24.427272727272726
0402-CQAJN,101.9,103.64545454545454
NEW-07050,75.83,90.71
1527-SXDPN,96.25,98.63636363636364
NEW-07424,78.54,74.4
7217-JYHOQ,70.3,67.70909090909092
0734-OXWBT,70.7,67.75727272727272
0431-APWVY,90.1,86.08181818181818
6918-UMQCG,80.2,78.29545454545455
7571-YXDAD,74.9,75.24909090909092
0142-GVYSN,20.3,20.08181818181818
4905-JEFDW,41.6,47.558181818181815
0820-FNRNX,66.7,59.17636363636362
8042-RNLKO,25.45,24.231818181818184
4623-ZKHLY,20.45,20.15909090909091
3315-IKYZQ,50.8,48.02727272727273
2037-SGXHH,94.65,94.15454545454546
9530-EHPOH,53.75,56.712727272727264
5696-CEIQJ,103.15,104.38636363636364
2040-XBAVJ,114.45,112.2181818181818
5956-VKDTT,74.35,76.37363636363635
3442-ZHHCC,76.9,89.28181818181818
2220-IAHLS,19.4,19.826363636363634
NEW-07768,20.05,20.08090909090909
NEW-07982,92.06,87.0790909090909
6732-VAILE,85.95,89.84090909090911
7426-WEIJX,80.95,79.00454545454545
NEW-07590,19.36,19.92909090909091
2249-YPRNG,105.85,99.99818181818182
3146-JTQHR,19.6,19.831818181818182
3085-QUOZK,43.95,47.35454545454545
5577-OTWWW,19.75,20.013636363636365
5090-EMGTC,100.05,97.86090909090908
3027-YNWZU,25.0,23.55
3945-GFWQL,44.55,52.36363636363637
2660-EMUBI,95.35,93.68909090909091
2927-CVULT,104.05,104.41363636363636
6924-TDGMT,20.55,20.007272727272724
4855-SNKMY,44.1,48.83363636363637
NEW-07051,86.99,98.03727272727271
5685-IIXLY,83.6,80.50454545454545
0620-DLSLK,81.9,80.6490909090909
6137-NICCO,94.05,94.5490909090909
9507-EXLTT,79.35,74.38454545454546
6461-SZMCV,87.95,92.21818181818182
5126-RCXYW,46.0,51.31363636363637
1363-TXLSL,70.3,69.71
2592-SEIFQ,24.75,25.864545454545453
1596-OQSPS,51.1,53.0
NEW-07811,109.9,105.53454545454544
2486-WYVVE,79.3,83.77363636363637
5057-LCOUI,50.75,48.23181818181818
9894-QMIMJ,55.8,59.64636363636364
8028-PNXHQ,24.25,24.031818181818185
9799-CAYJJ,69.3,70.65090909090908
6818-WOBHJ,89.6,91.49545454545454
3838-OZURD,105.0,104.8590909090909
8735-DCXNF,54.95,52.96636363636364
5329-KRDTM,77.35,84.38181818181819
0447-RXSGD,99.65,100.39272727272729
NEW-07351,20.67,20.39454545454545
7056-IMHCC,101.9,99.97727272727273
2458-EOMRE,64.05,60.710909090909084
9067-SQTNS,20.6,20.068181818181817
6267-DCFFZ,90.05,92.57272727272728
5414-OFQCB,90.45,88.97727272727272
0895-LNKRC,19.45,20.035454545454545
3870-SPZSI,113.05,114.76363636363635
4929-XIHVW,95.5,94.06
2845-AFFTX,99.8,100.55
3401-URHDA,59.9,63.1
4378-MYPGO,105.25,106.62272727272729
3445-HXXGF,45.3,51.98636363636364
4819-HJPIW,25.15,25.60818181818182
9546-KDTRB,24.7,21.854545454545452
4619-EVPHY,91.0,93.03727272727272
NEW-07502,108.4,102.06636363636363
7409-JURKQ,111.8,109.13636363636364
5555-RNPGT,24.8,21.696363636363632
3621-CEOVK,100.2,96.34181818181818
0679-TDGAK,75.5,80.01363636363637
5656-JAMLX,19.85,20.627272727272725
1403-LKLIK,20.1,20.168181818181818
0895-UADGO,44.55,40.444545454545455
4013-TLDHQ,78.25,79.13181818181818
3556-BVQGL,20.0,20.44090909090909
9314-IJWSQ,84.8,84.95818181818181
6467-CHFZW,99.35,98.78727272727271
3646-ITDGM,19.7,19.813636363636363
NEW-07175,91.86,94.27181818181816
6901-GOGZG,84.95,94.92727272727271
6179-GJPSO,108.15,94.35454545454546
4495-LHSSK,57.65,52.76181818181819
6131-IUNXN,20.2,19.881818181818183
4513-CXYIX,80.7,87.75000000000001
0547-HURJB,21.05,19.922727272727272
4376-KFVRS,114.05,108.96363636363638
1502-XFCVR,106.45,104.15454545454546
7077-XJMET,74.15,82.08181818181819
4817-VYYWS,100.2,99.6318181818182
NEW-07940,64.54,62.37
7336-RLLRH,80.85,77.80000000000001
4367-NHWMM,24.9,25.55818181818182
4277-PVRAN,80.1,78.63090909090909
1496-GGSUK,25.7,26.467272727272732
9648-BCHKM,24.65,24.86818181818182
4342-HENTK,70.65,70.3990909090909
9065-ZCPQX,78.85,85.70454545454544
4660-IRIBM,87.9,85.54636363636364
8659-HDIYE,74.65,81.18181818181819
7587-AOVVU,100.75,88.85454545454546
NEW-07733,33.22,32.337272727272726
6546-OPBBH,23.95,24.55909090909091
NEW-07640,71.54,69.59
1635-NZATJ,25.45,24.94545454545454
6519-CFDBX,45.4,49.38636363636363
5348-CAGXB,89.55,88.95
2560-QTSBS,23.3,24.30909090909091
4568-KNYWR,63.25,63.877272727272725
7328-ZJAJO,19.5,19.87272727272727
2252-ISRNH,90.35,91.34727272727274
0013-MHZWF,69.4,70.86636363636364
1971-DTCZB,90.95,94.47272727272728
2164-SOQXL,20.05,19.881818181818183
2706-QZIHY,25.2,24.41818181818182
0388-EOPEX,74.4,72.80454545454546
1028-FFNJK,101.5,98.26818181818182
1703-MGIAB,69.0,64.14818181818181
9430-NKQLY,25.1,24.036363636363635
0356-ERHVT,45.9,48.77272727272727
NEW-07250,25.15,24.244545454545456
7660-HDPJV,69.2,70.02454545454546
7695-PKLCZ,20.5,20.34090909090909
NEW-07519,44.01,45.304545454545455
5018-HEKFO,24.5,22.51272727272727
2190-BCXEC,78.85,79.75909090909092
0203-HHYIJ,25.3,22.740909090909092
5519-TEEUH,20.15,20.049999999999997
6599-CEBNN,73.95,72.14999999999999
7568-PODML,45.3,43.96363636363637
2967-MXRAV,18.8,20.035454545454545
9442-JTWDL,20.05,19.86545454545455
NEW-07613,52.94,53.10272727272727
NEW-07908,18.94,20.002727272727274
NEW-07696,49.34,48.877272727272725
0963-ZBDRN,96.2,93.95454545454545
7452-FOLON,25.45,23.19545454545454
7248-VZQLC,85.2,82.43636363636364
2202-CUYXZ,84.85,81.98
8082-GHXOP,44.0,45.13181818181818
6030-REHUX,110.85,103.08636363636366
4981-FLTMF,65.2,63.24545454545455
5590-BYNII,100.75,96.52727272727275
3275-RHRNE,60.0,56.56636363636364
NEW-07227,30.36,30.425454545454542
0621-HJWXJ,81.55,81.67727272727274
0260-ZDLGK,72.9,78.30272727272728
2884-GBPFB,70.3,71.08636363636363
NEW-07475,20.07,19.885454545454543
3194-ORPIK,84.4,87.8409090909091
9617-INGJY,70.6,68.00181818181818
3410-MHHUM,94.4,95.14363636363636
4104-PVRPS,53.6,54.25181818181817
1346-PJWTK,94.15,94.17545454545456
4003-FUSHP,61.55,56.55272727272727
3199-NPKCN,111.25,105.47727272727273
8714-EUHJO,91.15,92.60909090909091
9124-LHCJQ,85.45,81.85363636363637
2962-XPMCQ,45.15,45.00545454545455
7909-FIOIY,24.85,27.677272727272722
4640-UHDOS,55.95,61.01363636363636
5539-TMZLF,69.75,69.59
NEW-07069,20.01,19.897272727272725
9947-OTFQU,74.4,74.74545454545455
9578-VRMNM,65.2,71.73363636363636
4750-UKWJK,19.6,19.85454545454546
2732-ISEZX,20.5,20.212727272727275
1266-NZYUI,66.85,69.66818181818182
1293-BSEUN,20.7,20.181818181818183
8242-JSVBO,44.65,46.25454545454546
0654-PQKDW,70.75,67.05909090909091
7993-PYKOF,75.0,71.84090909090911
5862-BRIXZ,60.75,59.83636363636364
2055-SIFSS,51.65,59.36818181818182
9730-DRTMJ,72.8,66.29545454545455
8564-LDKFL,106.0,103.7909090909091
2077-MPJQO,75.4,75.85909090909091
4811-JBUVU,89.9,85.81636363636363
9518-XXBXE,75.3,71.38272727272727
NEW-07883,97.72,94.40454545454546
2682-KEVRP,20.05,19.75909090909091
3354-OADJP,54.25,54.027272727272724
1867-TJHTS,79.8,78.19090909090909
0617-FHSGK,75.2,74.7590909090909
3068-OMWZA,88.8,91.16363636363637
5843-TTHGI,50.0,52.07818181818182
NEW-07618,79.68,83.46545454545453
NEW-07994,74.1,80.34545454545456
6013-BHCAW,81.0,84.94999999999999
6892-XPFPU,104.25,102.22363636363637
5293-WXJAK,104.05,103.39090909090909
3755-JBMNH,71.8,71.57272727272728
8229-TNIQA,45.3,45.46181818181818
7577-SWIFR,89.25,91.14727272727274
3957-SQXML,24.95,24.154545454545453
1116-FRYVH,39.4,40.42272727272728
5324-KTGCG,20.85,19.89090909090909
9087-EYCPR,25.0,24.509090909090904
1150-WFARN,108.75,108.79545454545455
5092-STPKP,56.35,57.09090909090908
9803-FTJCG,66.85,76.31818181818183
5049-GLYVG,20.6,20.367272727272727
4849-PYRLQ,73.25,80.07727272727273
4690-LLKUA,45.05,51.95090909090909
NEW-07780,116.23,102.42818181818183
9342-VNIMQ,54.65,65.53181818181818
1395-OFUWC,29.3,29.63
9167-APMXZ,84.15,85.45454545454544
2251-PYLPB,79.55,86.85000000000001
5167-GBFRE,25.2,25.71272727272727
2804-ETQDK,20.55,19.81818181818182
9971-ZWPBF,108.9,106.83363636363637
4373-MAVJG,90.9,88.24545454545455
1579-KLYDT,90.45,90.48636363636363
1567-DSCIC,94.0,95.18727272727273
0732-OCQOC,25.05,24.468181818181815
NEW-07115,45.87,51.75363636363636
7989-AWGEH,39.2,40.86363636363636
3724-UCSHY,19.55,19.83909090909091
0215-BQKGS,84.3,82.85727272727273
NEW-07931,115.71,110.43272727272728
NEW-07955,87.3,91.97363636363637
NEW-07183,71.06,68.14545454545454
1427-VERSM,98.7,100.58181818181819
6288-LBEAR,79.1,70.1590909090909
3005-TYFRD,103.65,104.30000000000001
7408-OFWXJ,89.8,92.17727272727272
8878-HMWBV,49.15,51.84
3003-CMDUU,95.15,91.5190909090909
3115-JPJDD,81.25,79.47818181818182
3665-JATSN,39.7,40.04636363636364
3571-RFHAR,109.15,107.73636363636363
3896-RCYYE,53.4,53.54545454545455
7479-NITWS,89.35,90.29818181818182
2189-WWOEW,85.9,80.66818181818182
8903-XEBGX,55.3,55.63454545454545
9809-IMGCQ,96.7,94.66636363636363
4742-TXUEX,19.3,19.97272727272727
5893-PYOLZ,81.8,83.19090909090909
6015-VVHHE,83.15,82.72545454545455
0093-XWZFY,104.5,103.10909090909091
NEW-07657,36.29,38.45636363636364
1401-FTHFQ,20.0,19.986363636363638
0363-QJVFX,108.15,102.98181818181816
1386-ZIKUV,18.95,19.495454545454546
3352-RICWQ,19.75,19.799999999999997
5175-WLYXL,78.85,79.33636363636364
5884-FBCTL,25.1,24.177272727272726
4942-VZZOM,66.15,66.10454545454544
9497-QCMMS,93.55,94.40454545454546
1866-ZSLJM,20.5,19.912727272727274
NEW-07113,42.88,40.35363636363636
5759-RCVCB,35.2,32.31818181818181
NEW-07957,19.89,20.022727272727273
6732-FZUGP,94.9,94.97727272727273
4518-FZBSX,20.25,20.004545454545454
0139-IVFJG,90.35,83.89909090909092
5160-UXJED,44.6,46.877272727272725
0052-YNYOT,20.55,20.018181818181816
9277-JOOMO,24.6,20.759090909090908
6169-PGNCD,74.3,78.05000000000001
6339-RZCBJ,78.9,81.85909090909092
NEW-07509,19.99,20.08090909090909
6804-GDMOI,106.6,104.86363636363636
7351-MHQVU,50.95,41.62727272727273
3701-SFMUH,69.7,70.74818181818182
4716-MRVEN,20.0,19.936363636363637
6821-JPCDC,97.05,97.17727272727271
0958-YHXGP,69.9,71.40727272727273
8213-TAZPM,108.75,109.85454545454546
3339-EAQNV,97.25,101.66363636363636
NEW-07692,98.91,99.94363636363637
1271-SJBGZ,43.65,42.32636363636364
5056-FIMPT,106.0,97.01181818181819
8039-ACLPL,68.75,78.82272727272726
1996-DBMUS,70.65,72.79545454545455
4006-HKYHO,86.7,86.88181818181818
5186-PEIZU,19.25,20.090909090909093
8086-OVPWV,80.2,74.27272727272727
6888-SBYAI,50.7,47.29727272727273
5307-DZCVC,85.95,86.17272727272727
NEW-07470,114.08,106.57636363636362
8454-AATJP,115.05,112.96363636363638
9821-POOTN,75.2,75.87272727272727
5339-PXDVH,90.65,84.58636363636364
0886-QGENL,101.25,96.92272727272729
4568-TTZRT,20.4,20.34090909090909
3027-ZTDHO,89.9,91.14727272727274
8807-ARQET,40.35,43.266363636363636
1349-WXNGG,20.05,20.24272727272727
5908-QMGOE,74.2,75.73818181818181
2754-VDLTR,95.2,95.16363636363636
0723-VSOBE,34.2,37.00909090909091
8910-ICHIU,95.65,93.88636363636364
9541-ZPSEA,80.35,74.7181818181818
3407-QGWLG,20.05,19.849999999999998
4753-PADAS,105.7,106.11818181818184
8277-RVRSV,24.15,22.65909090909091
5229-PRWKT,86.55,83.62727272727273
2863-IMQDR,89.65,90.75
9112-WSNPU,70.55,65.40909090909092
2025-JKFWI,99.0,99.7781818181818
0048-PIHNL,20.45,19.745454545454546
7729-XBTWX,19.75,20.222727272727273
2568-OIADY,99.5,100.61636363636363
7551-JOHTI,19.5,19.978181818181817
2479-BRAMR,83.75,87.12727272727273
6481-OGDOO,90.6,88.01818181818182
0268-QKIWO,19.75,19.763636363636365
3129-AAQOU,25.6,22.849999999999998
3727-RJMEO,82.85,83.11
8212-CRQXP,80.0,78.85454545454546
3589-PPVKW,44.4,45.238181818181815
1309-XGFSN,80.85,106.09545454545452
2439-QKJUL,20.25,20.11818181818182
3936-QQFLL,19.75,20.15
3740-RLMVT,60.95,70.34090909090908
0902-RFHOF,20.1,19.768181818181816
8400-WZICQ,55.7,57.79545454545453
3070-BDOQC,99.65,99.64545454545454
0581-BXBUB,72.75,75.16090909090907
7786-WBJYI,77.95,77.69090909090909
4007-NHVHI,96.85,90.62272727272727
4854-SSLTN,59.5,59.56363636363637
5461-QKNTN,94.3,93.43636363636364
7665-TOALD,69.6,70.02454545454546
7055-HNEOJ,55.8,55.1390909090909
4312-GVYNH,49.85,50.313636363636355
7020-OZKXZ,75.5,76.33272727272725
1080-BWSYE,25.65,25.027272727272727
1139-WUOAH,53.35,60.64545454545455
3588-WSTTJ,99.05,97.1590909090909
4676-MQUEA,101.9,97.53636363636365
2675-IJRGJ,19.65,20.295454545454547
3474-BAFSJ,57.5,59.82727272727273
3745-HRPHI,54.65,60.31363636363637
4751-ERMAN,75.4,86.63636363636363
6727-IOTLZ,81.95,80.08636363636364
1223-UNPKS,20.05,19.995454545454542
9373-WSLOY,50.0,48.33636363636364
5889-JTMUL,95.05,99.9818181818182
3320-VEOYC,95.6,94.66181818181818
7552-KEYGT,19.55,20.277272727272727
1832-PEUTS,89.1,93.05090909090909
4547-LYTDD,72.65,75.21727272727273
NEW-07990,105.22,102.84272727272729
NEW-07863,68.08,69.73363636363636
8144-DGHXP,80.6,82.4681818181818
8249-THVEC,19.4,19.90909090909091
9839-ETQOE,40.45,42.836363636363636
4779-ZGICK,23.55,25.072727272727274
NEW-07274,63.7,60.40181818181818
1915-OAKWD,19.3,20.035454545454545
7102-JJVTX,48.6,50.24545454545455
1196-AMORA,73.6,73.3790909090909
7853-GVUDZ,20.15,20.29909090909091
5480-TBGPH,99.3,94.03636363636365
0730-KOAVE,94.3,91.80272727272728
1306-RPWXZ,20.45,19.85
7811-JIVPF,49.7,53.193636363636365
8626-PTQGE,60.05,64.34545454545454
2294-DMMUS,70.45,94.10000000000001
NEW-07206,20.41,19.866363636363637
5803-NQJZO,67.8,78.4090909090909
5339-TJFEK,105.5,102.66363636363634
NEW-07282,54.24,59.08636363636363
NEW-07815,78.15,77.15090909090908
3156-QLHBO,19.25,19.975454545454543
5376-PCKNB,104.45,102.55909090909091
9782-LGXMC,61.75,65.90454545454544
NEW-07052,98.27,98.33909090909091
2800-VEQXM,74.75,71.63909090909092
0337-CNPZE,106.3,103.45
1116-DXXDF,100.45,97.28636363636365
7825-ECJRF,106.6,98.3409090909091
NEW-07065,19.5,20.367272727272727
6425-JWTDV,19.25,19.922727272727272
8952-WCVCD,104.45,104.15
5671-RQRLP,75.65,77.0090909090909
2796-NNUFI,19.95,19.636363636363633
7595-EHCDL,50.6,49.36181818181819
5135-GRQJV,114.5,113.94090909090909
6878-GGDWG,19.4,19.849999999999998
2466-NEJOJ,19.65,19.950000000000003
0125-LZQXK,101.35,96.53818181818183
8903-WMRNW,101.75,95.87454545454547
1676-MQAOA,75.1,76.29090909090908
5268-DSMNQ,97.95,98.54090909090907
7255-SSFBC,112.25,109.12727272727271
NEW-07867,62.45,65.97636363636364
NEW-07451,20.72,20.565454545454546
4712-UYOOI,20.0,19.654545454545456
8138-EALND,19.75,19.977272727272727
NEW-07926,39.39,52.317272727272716
1956-YIFGE,100.05,94.07727272727271
1272-ILHFG,19.65,20.08090909090909
2055-BFOCC,84.0,92.65909090909089
7206-GZCDC,69.25,70.48545454545454
7030-FZTFM,110.9,108.00454545454545
6369-MCAKO,89.05,94.08636363636364
9565-DJPIB,89.6,84.01
4273-MBHYA,89.35,86.8881818181818
8404-GFGCZ,65.6,80.00454545454544
7661-CPURM,87.7,80.28
5702-KVQRD,82.55,87.59545454545454
NEW-07788,52.24,42.50363636363637
3672-YITQD,84.1,84.34545454545454
NEW-07301,43.23,45.45545454545454
9488-FYQAU,109.25,106.87272727272729
0219-QAERP,19.8,19.791818181818183
0793-TWELN,80.15,74.85909090909091
0835-DUUIQ,21.05,20.186363636363637
NEW-07039,54.53,51.197272727272725
4878-BUNFV,20.7,19.87727272727273
4760-THGOT,94.1,91.31818181818181
4578-PHJYZ,68.75,75.46818181818182
5365-LLFYV,45.85,45.798181818181824
3255-GRXMG,45.65,47.53636363636363
0480-BIXDE,96.8,95.45181818181817
8642-GVWRF,79.7,80.32
7402-PWYJJ,91.15,89.4909090909091
7504-UWHNB,69.75,68.98454545454545
7407-SUJIZ,20.6,20.036363636363635
2165-VOEGB,105.2,102.91181818181818
2267-WTPYD,94.0,94.25727272727272
0516-UXRMT,92.05,95.0
6362-QHAFM,108.3,103.22272727272728
NEW-07529,97.09,89.50272727272728
6016-NXBNJ,19.15,19.925454545454546
1355-KUSBG,48.8,52.66363636363636
0306-JAELE,96.1,90.45909090909092
7130-YXBRO,111.45,102.97727272727273
3530-VWVGU,19.9,19.954545454545453
8563-OYMQY,90.95,90.11363636363636
5539-HIVAK,25.7,23.930909090909093
2587-YNLES,20.1,19.8
4558-CGYCZ,19.75,20.11818181818182
2007-QVGAW,19.35,20.47272727272727
6445-TNRXS,114.7,114.48181818181818
1063-DHQJF,92.15,88.46363636363637
3808-HFKDE,44.35,53.445454545454545
1352-HNSAW,115.6,111.88181818181819
NEW-07833,25.34,25.76181818181818
9850-OWRHQ,74.1,75.85000000000001
1866-DIOQZ,66.8,69.45
1333-PBMXB,24.75,24.30909090909091
6985-HAYWX,79.3,74.86363636363636
7416-CKTEP,19.6,19.990909090909092
6510-UPNKS,24.8,23.146363636363635
8006-PYCSW,20.1,19.862727272727273
3096-YXENJ,107.65,106.9590909090909
8591-TKMZH,111.1,106.44545454545455
5231-FIQPA,19.85,20.322727272727274
0357-NVCRI,20.05,19.999999999999996
6261-RCVNS,73.9,71.7909090909091
6352-TWCAU,86.45,83.45454545454545
0068-FIGTF,78.2,80.3009090909091
7018-FPXHH,59.8,62.92272727272727
NEW-07134,89.62,91.1590909090909
1174-FGIFN,90.45,87.25727272727272
4328-VUFWD,59.3,62.24545454545454
6569-KTMDU,19.1,19.978181818181817
2586-CWXVV,30.4,31.681818181818183
7108-DGVUU,71.7,73.27727272727273
0533-UCAAU,71.1,91.62272727272727
7396-VJUZB,45.25,49.876363636363635
1766-GKNMI,84.9,85.00909090909092
1230-QAJDW,65.25,58.72909090909091
0931-MHTEM,100.05,98.07727272727271
2330-PQGDQ,84.2,82.60909090909091
9054-FOWNV,88.75,90.98636363636363
7240-FQLHE,99.75,100.3309090909091
5766-ZJYBB,19.4,20.367272727272727
3823-KYNQY,24.95,21.151818181818182
2616-UUTFK,72.75,82.50545454545455
8884-FEEWR,20.6,20.055454545454545
4250-WAROZ,93.25,96.52272727272727
5242-UOWHD,20.35,19.813636363636366
8241-JUIQO,19.45,20.581818181818182
3580-HYCSP,110.3,110.7
7460-ITWWP,86.1,81.91363636363636
0322-YINQP,48.55,47.29727272727273
0151-ONTOV,70.9,70.39090909090909
6961-VCPMC,80.4,79.57727272727271
6556-DBKZF,76.05,79.47272727272727
6849-WLEYG,19.75,19.975454545454546
0516-QREYC,20.3,20.0
7718-RXDGG,68.6,69.98363636363636
8949-JTMAY,98.6,98.40181818181819
NEW-07322,45.62,45.79727272727273
6380-ARCEH,20.2,20.367272727272727
9470-YFUYI,71.0,79.01363636363637
9814-AOUDH,19.5,20.0
0004-TLHLJ,73.9,72.60454545454546
4146-SVFUD,44.6,45.192727272727275
4706-DGAHW,45.2,49.208181818181814
1297-VQDRP,107.15,105.56818181818181
5956-YHHRX,104.35,103.88636363636365
7354-OIJLX,75.85,75.36545454545455
9629-NHXFW,19.4,19.94545454545455
1839-FBNFR,19.85,20.395454545454545
5474-LAMUQ,20.1,19.790909090909093
2034-GDRCN,90.4,87.35000000000001
NEW-07619,94.03,92.84363636363635
7359-PTSXY,45.75,47.186363636363645
0365-BZUWY,102.55,103.89090909090909
6726-WEXXK,85.9,86.56363636363636
4957-TREIR,64.4,61.689090909090915
3635-JBPSG,38.8,38.52272727272728
5519-YLDGW,103.9,100.73818181818181
NEW-07606,101.19,94.98636363636363
1428-IEDPR,109.3,109.80909090909091
7254-IQWOZ,69.65,69.73363636363636
2812-SFXMJ,20.05,19.975454545454546
5451-YHYPW,115.75,112.30454545454546
0516-OOHAR,100.35,93.84636363636363
9465-RWMXL,78.9,78.48636363636363
4670-TABXH,109.75,107.60454545454544
5995-SNNEW,104.45,102.22363636363637
3468-DRVQJ,70.3,75.27636363636366
5673-FSSMF,60.15,62.61454545454546
1131-SUEKT,98.45,95.82727272727271
NEW-07486,54.77,58.356363636363646
4237-RLAQD,45.85,45.238181818181815
0266-CLZKZ,105.65,104.71363636363638
2096-XOTMO,19.35,19.827272727272728
4685-TFLLS,19.8,20.418181818181818
9385-NXKDA,82.65,97.98636363636363
5144-PQCDZ,19.95,19.645454545454548
6233-HXJMX,89.3,93.77727272727272
1074-WVEVG,20.35,19.736363636363635
0318-ZOPWS,20.15,20.12727272727273
2621-UDNLU,20.85,19.75909090909091
3223-DWFIO,69.35,65.13727272727273
9057-SIHCH,96.6,93.28272727272729
0396-UKGAI,55.3,53.27545454545453
9018-PCIOK,64.75,67.48181818181818
5832-XKAES,69.8,70.24363636363636
0578-SKVMF,83.3,82.07545454545455
0816-TSPHQ,20.75,20.15
7789-HKSBS,105.2,102.32727272727271
8123-QBNAZ,104.5,104.36363636363636
0064-SUDOG,20.3,19.906363636363636
9795-VOWON,24.35,27.235454545454544
NEW-07946,85.31,97.22545454545453
4847-TAJYI,89.35,90.10000000000001
0378-NHQXU,88.25,90.20181818181818
8106-GWQOK,60.0,63.88727272727272
8361-LTMKD,74.4,75.13636363636364
0083-PIVIK,81.25,77.60909090909091
8464-EETCQ,18.8,20.240909090909092
NEW-07540,72.72,70.60272727272726
8628-MFKAX,116.75,112.30454545454546
8777-PVYGU,64.3,66.32818181818183
2511-MORQY,54.9,62.35545454545454
3005-NFMTA,98.8,98.16363636363639
1958-RNRKS,49.9,54.1
3266-FTKHB,19.15,20.02090909090909
7325-ENZFI,40.3,48.395454545454534
2397-BRLOM,80.45,78.43181818181819
4318-RAJVY,19.8,19.91363636363636
1074-AMIOH,108.25,100.80454545454545
2789-HQBOU,80.35,78.30909090909091
9840-DVNDC,80.5,78.97454545454544
6087-MVHJH,88.45,91.15909090909092
6770-UAYGJ,25.25,23.34090909090909
NEW-07044,51.49,52.904545454545456
NEW-07785,69.58,66.78272727272727
5840-NVDCG,68.25,65.3590909090909
4816-OKWNX,103.4,104.87727272727274
0746-JTRFU,25.05,26.58909090909091
7009-LGECI,50.55,51.42818181818181
3420-YJLQT,79.55,75.81363636363636
2805-EDJPQ,99.75,102.27727272727275
3422-GALYP,79.45,78.98090909090911
3500-RMZLT,96.3,89.31909090909092
9938-PRCVK,19.7,19.972727272727273
6500-JVEGC,101.35,100.9
5215-LNLDJ,24.7,28.672727272727276
6437-UKHMV,79.7,79.68545454545453
9436-ZBZCT,89.95,86.94272727272727
9492-TOKRI,90.0,90.86
0366-NQSHS,19.35,20.15
4302-ZYFEL,20.55,20.131818181818186
9360-AHGNL,109.55,107.2409090909091
9339-FIIJL,85.95,85.41818181818181
5897-ZYEKH,105.6,103.7090909090909
3550-SAHFP,83.35,85.86454545454545
3569-EDBPQ,84.35,80.41818181818182
4785-NKHCX,20.05,20.213636363636365
6892-BOGQE,20.9,21.349999999999998
9575-IWCAZ,25.1,22.704545454545453
5129-HHMZC,86.45,89.69090909090909
0080-EMYVY,51.45,50.1709090909091
4550-VBOFE,102.95,103.50454545454545
5502-RLUYV,103.95,102.9409090909091
7501-VTYLJ,51.55,47.75909090909091
0943-ZQPXH,92.95,94.75909090909092
NEW-07255,70.79,67.50636363636364
2135-DQWAQ,85.3,83.84454545454545
5935-FCCNB,94.2,93.91363636363639
2432-TFSMK,89.6,93.43363636363637
9028-LIHRP,100.2,97.3090909090909
NEW-07266,44.34,45.722727272727276
9199-PWQVC,79.7,91.28181818181818
8705-WZCYL,44.8,47.51
NEW-07214,78.54,70.27454545454546
6457-GIRWB,69.35,69.73363636363636
1585-MQSSU,51.5,49.813636363636355
8610-ZIKJJ,20.3,20.363636363636363
9637-EIHEQ,50.8,48.87545454545454
NEW-07932,24.95,25.49818181818182
NEW-07659,44.85,47.446363636363635
8292-TYSPY,55.0,54.20454545454545
3316-UWXUY,93.5,93.03636363636365
7449-HVPIV,90.4,93.66363636363636
7853-OETYL,29.05,28.688181818181818
NEW-07242,31.05,26.212727272727275
9878-TNQGW,80.95,74.27272727272727
NEW-07980,48.56,54.84909090909091
1459-QNFQT,59.5,60.67272727272728
9795-NREXC,85.0,88.41818181818182
9940-HPQPG,91.75,83.28818181818181
9283-LZQOH,74.4,73.62090909090911
6087-YPWHO,68.15,74.60454545454546
7824-PANSQ,80.65,76.47727272727272
2720-FVBQP,48.95,58.904545454545456
4745-LSPLO,20.5,20.367272727272727
5297-MDOIR,81.15,81.0190909090909
5656-MJEFC,48.15,52.62272727272727
4439-JMPMT,85.75,83.21181818181819
1621-YNCJH,106.05,107.21363636363638
4879-GZLFH,92.15,95.62727272727274
6465-GSRCL,106.6,103.2409090909091
0708-SJDIS,65.0,64.22272727272728
6705-LNMDD,50.0,49.813636363636355
NEW-07602,75.8,70.12272727272727
0870-VEMYL,53.85,53.289090909090916
NEW-07825,20.85,20.096363636363634
9715-WZCLW,97.2,99.1590909090909
6416-YJTTB,79.5,74.60454545454546
NEW-07279,78.7,76.65999999999998
7614-QVWQL,51.8,50.18181818181818
0997-YTLNY,48.8,47.709090909090904
NEW-07828,97.21,100.03272727272729
3096-GKWEB,94.75,94.5409090909091
1699-UOTXU,61.4,59.24090909090909
7881-EVUAD,42.6,39.63636363636363
0123-CRBRT,88.1,94.51363636363637
7590-VHVEG,29.85,29.62090909090909
3473-XIIIT,100.0,99.00363636363636
8039-EQPIM,60.25,63.527272727272724
4647-XXZAM,45.5,47.14727272727273
2115-BFTIW,70.95,70.71818181818182
NEW-07812,19.06,19.978181818181817
0727-BMPLR,100.0,104.00909090909092
5129-JLPIS,105.5,98.3
9938-ZREHM,72.1,68.87272727272727
4480-QQRHC,74.05,76.03181818181818
NEW-07377,20.29,20.367272727272727
5130-YPIRV,72.0,71.27272727272727
7892-POOKP,104.8,103.6409090909091
1794-SWWKL,59.65,68.46818181818183
5622-UEJFI,25.4,24.663636363636364
7322-OCWHC,93.05,101.77272727272727
7296-PIXQY,70.2,70.92727272727274
3882-IYOIJ,115.25,111.6590909090909
6338-AVWCY,40.15,39.1
3569-JFODW,90.95,92.17727272727272
NEW-07702,70.99,69.95090909090908
5899-MQZZL,75.0,74.92545454545456
1343-EHPYB,103.4,104.69999999999999
2928-HLDBA,20.7,20.10909090909091
9770-KXGQU,98.6,100.80454545454545
5748-RNCJT,106.5,107.67272727272726
1338-CECEE,68.5,79.30909090909091
1422-DGUBX,79.25,75.97727272727272
3071-MVJCD,82.3,84.69090909090909
2027-OAQQC,49.05,48.12272727272727
3161-ONRWK,65.85,66.69545454545454
5148-HKFIR,19.7,19.970909090909092
7560-QRBXH,19.95,20.159090909090907
2580-ATZSQ,61.35,63.377272727272725
NEW-07915,19.38,19.726363636363633
8433-WXGNA,75.7,68.36363636363636
9208-OLGAQ,84.95,84.29181818181817
1965-DDBWU,89.05,89.83454545454545
9103-TCIHJ,55.7,56.92090909090909
2452-SNHFZ,75.45,69.41363636363636
5223-UZAVK,100.3,99.78636363636362
0442-ZXKVS,115.6,111.9909090909091
3638-DIMPH,43.8,48.059090909090905
3804-RVTGV,103.85,102.92272727272729
7268-WNTCP,20.45,20.19545454545454
NEW-07109,19.17,20.043636363636363
NEW-07117,19.22,19.779090909090908
NEW-07537,19.67,20.08090909090909
NEW-07880,80.59,90.16181818181819
3389-YGYAI,105.5,103.86363636363639
9178-JHUVJ,24.1,24.756363636363634
8782-NUUOL,79.0,78.9909090909091
1915-IOFGU,70.5,70.15
7916-VCCPB,73.25,70.59454545454545
6817-WTYHE,44.9,45.344545454545454
NEW-07213,95.48,92.56363636363636
3393-FMZPV,100.25,98.22272727272728
2181-UAESM,53.45,50.32
6458-CYIDZ,80.7,70.45727272727272
5154-VEKBL,58.5,50.58727272727273
2669-OIDSD,100.05,99.75454545454545
NEW-07547,82.82,79.17545454545454
0508-OOLTO,71.65,69.58818181818182
6635-CPNUN,96.6,91.97727272727272
5959-BELXA,96.15,93.45454545454545
2176-LVPNX,89.85,96.06818181818184
4423-JWZJN,90.25,90.35000000000001
NEW-07822,42.19,39.845454545454544
4307-KTUMW,93.9,100.85454545454544
5481-NTDOH,107.05,105.27727272727272
NEW-07226,94.09,93.43909090909091
4250-FDVOU,56.25,53.66818181818182
7126-RBHSD,78.9,74.11818181818182
9257-AZMTZ,20.1,19.97272727272727
4583-PARNH,91.55,87.14636363636363
4723-BEGSG,86.65,89.31818181818183
8809-XKHMD,100.55,99.18636363636361
3908-BLSYF,83.9,80.17181818181817
1618-CFHME,75.9,75.00090909090909
9481-WHGWY,75.35,80.95454545454545
2585-KTFRE,70.45,63.73727272727272
9894-EZEWG,74.3,72.30909090909091
2805-AUFQN,19.8,20.349999999999998
5980-NOPLP,96.1,96.25
4194-FJARJ,60.0,59.93181818181818
0657-DOGUM,60.6,60.66818181818182
8232-CTLKO,59.75,66.0390909090909
1951-IEYXM,90.6,91.97727272727273
1731-TVIUK,93.5,91.16727272727273
9964-WBQDJ,24.4,24.959090909090904
9359-UGBTK,72.35,77.61363636363636
NEW-07047,87.07,84.26818181818182
2476-YGEFM,76.0,74.11818181818181
7033-CLAMM,20.2,19.972727272727273
7481-ATQQS,90.85,88.21363636363635
6877-TJMBR,84.8,79.10909090909091
NEW-07805,78.23,82.60818181818182
7647-GYYKX,20.35,20.045454545454547
0377-JBKKT,57.95,59.31818181818182
9637-CDTKZ,114.1,108.97727272727273
9867-NNXLC,20.05,20.00909090909091
7010-BRBUU,24.1,24.88181818181818
6145-NNPNO,44.15,50.120909090909095
NEW-07444,19.96,20.271818181818183
9513-DXHDA,81.7,77.23636363636363
5543-QDCRY,56.4,66.30000000000001
6890-PFRQX,69.5,75.96454545454546
NEW-07505,57.93,62.33818181818183
1360-XFJMR,109.7,108.86363636363636
4193-ORFCL,45.1,45.82272727272727
NEW-07803,95.49,93.66363636363636
5383-MMTWC,84.0,84.43272727272726
3976-NLDEZ,20.6,20.367272727272727
3070-FNFZQ,20.4,19.915454545454544
5914-DVBWJ,85.45,80.94
NEW-07534,24.69,22.223636363636363
2990-IAJSV,92.0,88.11363636363636
5136-KCKGI,103.7,100.62818181818183
8990-YOZLV,66.9,68.39999999999999
0750-EKNGL,20.75,20.168181818181814
2636-ALXXZ,69.6,70.48545454545454
2792-LSHWX,83.4,73.20454545454545
7639-SUPCW,48.8,51.444545454545455
5197-PYEPU,94.45,93.82727272727271
2027-DNKIV,58.75,58.08545454545455
3324-OIRTO,104.65,105.4909090909091
0089-IIQKO,99.95,95.43181818181819
6202-JVYEU,19.9,20.054545454545455
2582-FFFZR,50.6,49.809999999999995
9000-PLFUZ,49.45,52.43636363636363
8755-IWJHN,95.35,97.1590909090909
3675-YDUPJ,19.85,19.54090909090909
0774-RMNUW,59.7,62.31363636363637
6900-RBKER,89.45,89.60000000000001
1583-IHQZE,112.95,106.24818181818182
4443-EMBNA,24.75,24.79090909090909
3197-ARFOY,105.0,93.82727272727271
9750-BOOHV,30.15,33.695454545454545
0723-FDLAY,85.25,93.05909090909091
0178-SZBHO,87.2,87.48181818181818
7299-GNVPL,84.4,66.68454545454546
2325-WINES,104.05,101.24181818181819
NEW-07295,43.52,45.982727272727274
2225-ZRGSG,93.9,92.89545454545454
2924-KHUVI,100.55,100.30454545454546
4325-NFSKC,90.6,87.87272727272726
8550-XSXUQ,70.55,83.29090909090908
8181-YHCMF,60.3,56.47727272727274
3639-XJHKQ,60.6,59.48727272727273
2650-GYRYL,19.45,20.240909090909092
1137-DGOWI,70.25,73.19545454545454
6892-EZDTG,91.65,90.84
NEW-07362,87.74,89.84545454545456
9866-QEVEE,86.0,84.57636363636364
1470-PSXNM,93.65,96.49545454545455
3237-AJGEH,31.0,33.88636363636363
5570-PTWEH,75.15,75.85000000000001
2480-EJWYP,97.8,103.55
6828-HMKWP,21.05,19.932727272727274
NEW-07754,20.15,20.035454545454545
4987-GQWPO,25.1,24.954545454545453
6158-HDPXZ,25.35,25.49818181818182
3976-HXHCE,19.3,21.150000000000002
5793-YOLJN,21.0,20.045454545454547
NEW-07220,111.23,103.86272727272727
0030-FNXPP,19.85,19.786363636363635
3727-OWVYD,61.2,56.17272727272726
7613-LLQFO,84.45,85.12909090909092
7239-HZZCX,19.75,20.367272727272727
5522-NYKPB,85.9,88.74272727272727
5120-ZBLAI,75.7,92.40545454545453
0956-SYCWG,19.65,20.227272727272723
9842-EFSYY,57.2,53.84
6358-LYNGM,74.9,75.36545454545454
NEW-07479,20.03,19.955454545454543
6215-NQCPY,99.7,96.77272727272727
2429-AYKKO,19.85,21.150000000000002
NEW-07593,97.03,80.41818181818181
3796-ENZGF,67.25,74.1590909090909
3957-HHLMR,65.2,71.33181818181818
3647-GMGDH,94.7,93.55818181818182
8809-RIHDD,103.4,106.4090909090909
4727-MCYZG,55.55,50.16636363636364
3794-NFNCH,50.0,53.76181818181817
7625-XCQRH,76.5,75.05454545454546
3873-WOSBC,25.6,24.668181818181814
9356-AXGMP,110.7,101.9590909090909
6618-RYATB,79.55,74.42545454545454
NEW-07407,20.43,19.975454545454546
9092-GDZKO,24.85,22.531818181818185
1304-SEGFY,97.85,104.2
9589-ABEPT,92.45,101.17727272727274
0218-QNVAS,100.55,98.5090909090909
6614-YWYSC,25.0,24.61818181818182
2034-CGRHZ,102.95,103.21363636363635
3585-ISXZP,95.65,93.19545454545455
3472-QPRCH,25.25,25.027272727272727
NEW-07616,69.54,69.73363636363636
2812-ENYMO,54.55,55.972727272727276
0455-ENTCR,85.25,89.52272727272727
9451-LPGOO,86.8,86.68636363636364
NEW-07963,55.18,54.03636363636363
3551-HUAZH,74.4,74.91818181818182
NEW-07208,67.93,66.48545454545454
1925-GMVBW,20.55,19.826363636363634
9286-BHDQG,45.25,55.686363636363645
6723-CEGQI,45.25,55.42727272727273
9921-EZKBY,95.3,91.5590909090909
5605-IYGFG,69.85,70.59545454545454
8981-FJGLA,78.0,76.64545454545454
2690-DVRVK,20.55,20.001818181818184
NEW-07116,21.22,19.978181818181817
4806-KEXQR,79.9,77.39545454545454
5569-IDSEY,105.7,104.76818181818182
5939-SXWHM,26.3,24.727272727272727
7218-HKQFK,94.2,89.96909090909091
2530-FMFXO,103.2,103.82272727272726
NEW-07686,63.99,57.47363636363638
1685-BQULA,93.4,95.07727272727271
7515-LODFU,20.3,20.38181818181818
5998-DZLYR,94.35,100.30454545454545
NEW-07452,72.7,87.94545454545454
5445-UTODQ,81.1,80.22272727272727
3836-FZSDJ,24.85,24.936363636363637
3346-BRMIS,48.35,46.157272727272726
5055-BRMNE,106.7,105.6
2235-ZGKPT,50.85,46.276363636363634
3518-FSTWG,109.55,109.63181818181819
4119-ZYPZY,106.8,106.22727272727273
7145-FEJWU,105.3,102.78636363636362
8966-SNIZF,19.45,20.12272727272727
NEW-07066,102.21,98.50727272727272
2061-VVFST,19.5,19.849999999999998
0122-OAHPZ,73.85,75.06363636363636
2360-RDGRO,104.25,104.44090909090909
3914-FDRHP,86.25,80.08181818181819
NEW-07956,20.37,20.39454545454545
8434-PNQZX,78.45,87.87272727272727
0023-XUOPT,94.1,96.77181818181816
6691-CCIHA,84.95,89.35454545454546
2925-VDZHY,88.7,90.19545454545454
NEW-07493,72.52,75.36545454545454
3243-ZHOHY,20.1,19.722727272727273
5919-VCZYM,20.05,20.15
3966-HRMZA,75.05,70.84090909090908
3292-PBZEJ,111.4,104.60000000000001
NEW-07923,40.89,40.52454545454545
3677-IYRBF,30.4,31.049090909090907
9122-UMROB,20.3,20.367272727272727
0929-PECLO,89.6,93.04545454545456
7727-SHVZV,19.5,19.936363636363634
2754-SDJRD,100.15,97.56545454545454
7078-NVFAM,35.15,35.17000000000001
4277-BWBML,19.95,20.822727272727274
1891-FZYSA,89.95,95.30454545454545
1628-BIZYP,85.0,83.29181818181816
3058-HJCUY,102.6,101.73272727272729
NEW-07398,79.02,81.93636363636364
7740-BTPUX,113.6,108.52272727272727
5046-NUHWD,45.0,44.73818181818182
NEW-07329,71.66,71.76454545454544
8050-DVOJX,81.35,81.82272727272726
7718-UPSKJ,106.4,102.77727272727272
7562-UXTPG,70.15,68.42545454545456
5651-CRHKQ,86.2,78.27272727272727
0128-MKWSG,45.8,36.60818181818181
3269-ATYWD,95.65,94.91363636363639
6479-SZPLM,19.45,19.872727272727275
5839-SUYVZ,74.55,66.46000000000001
0621-TWIEM,45.55,44.873636363636365
3714-NTNFO,84.5,85.19545454545454
6806-YDEUL,19.5,20.031818181818178
4163-KIUHY,25.6,22.763636363636365
8246-SHFGA,21.1,19.885454545454547
2982-VPSGI,94.0,93.31818181818181
6689-TCZHQ,78.95,80.62727272727271
3143-JQEGI,88.35,87.73272727272727
2657-ALMWY,84.95,80.36727272727272
0303-WMMRN,19.25,19.681818181818183
5583-EJXRD,54.05,57.11636363636364
1482-OXZSY,100.4,94.43181818181819
NEW-07652,54.22,60.93181818181818
5472-CVMDX,38.9,43.25909090909091
2577-GVSIL,73.45,86.1581818181818
8614-VGMMV,49.1,55.75454545454545
2235-DWLJU,44.4,43.304545454545455
5180-UCIIQ,40.05,37.88818181818181
7526-BEZQB,96.05,94.88363636363637
5863-OOKCL,18.85,19.95
7941-RCJOW,19.55,19.631818181818183
3411-WLRSQ,74.6,74.5318181818182
1984-FCOWB,109.5,109.59545454545454
1855-AGAWH,93.8,94.0090909090909
6956-SMUCM,99.0,93.60181818181817
2740-TVLFN,50.15,53.872727272727275
8410-BGQXN,19.4,20.11818181818182
0402-OAMEN,24.45,24.177272727272726
3230-IUALN,81.0,82.58636363636364
2806-MLNTI,105.1,104.54545454545452
9762-YAQAA,81.4,76.31363636363635
2798-NYLMZ,108.55,110.93636363636365
0015-UOCOJ,48.2,49.75909090909091
0334-GDDSO,81.35,79.34818181818183
2737-WFVYW,45.25,44.82545454545455
7538-GWHML,69.65,65.41363636363637
6559-RAKOZ,97.95,101.7990909090909
5886-VLQVU,89.85,89.04363636363637
7964-VEXDG,80.35,72.40181818181817
NEW-07131,24.39,24.244545454545456
6048-NJXHX,19.75,20.522727272727273
6723-WSNTY,108.1,107.27272727272727
1410-RSCMR,71.35,70.15181818181819
5619-PTMIK,53.1,55.150000000000006
6288-CHQJB,69.95,77.01363636363637
6617-WLBQC,81.85,74.60181818181819
2603-HVKCG,101.4,101.22272727272728
8760-ZRHKE,69.2,75.83181818181819
NEW-07836,70.23,74.97454545454546
2911-IJORQ,90.6,102.35909090909091
7901-HXJVA,76.45,77.35
7013-PSXHK,80.75,78.91818181818181
6797-UCJHZ,104.6,105.81818181818181
0516-VRYBW,20.15,20.19090909090909
5692-FPTAH,45.4,45.536363636363646
6844-DZKRF,50.2,49.2109090909091
8496-DMZUK,90.4,81.94909090909091
7841-TZDMQ,46.0,47.47636363636364
5774-QPLTF,20.35,20.413636363636364
7463-IFMQU,20.05,20.713636363636365
9129-UXERG,103.6,101.89999999999999
0486-HECZI,96.75,96.69545454545455
9420-LOJKX,99.1,97.08272727272725
1769-GRUIK,71.1,70.03181818181818
7627-JKIAZ,78.95,78.89545454545454
5394-SVGJV,98.8,97.07272727272726
NEW-07776,44.19,47.93181818181818
3546-GHEAE,19.45,19.955454545454543
1140-UKVZG,24.8,20.8
1552-AAGRX,106.4,100.2590909090909
1110-KYLGQ,108.25,107.70454545454545
6586-PSJOX,55.2,56.37272727272728
6175-IRFIT,78.75,74.13909090909091
5854-KSRBJ,25.4,25.254545454545454
NEW-07217,80.2,86.40454545454546
6650-VJONK,43.85,45.060909090909085
4854-CIDCF,73.85,72.16454545454545
7601-WFVZV,19.55,20.367272727272727
1855-CFULU,20.05,19.99090909090909
1834-ABKHQ,50.95,54.43181818181818
6278-FEPBZ,20.25,19.950000000000003
8062-YBDOE,69.65,69.59
3345-JHUEO,20.2,19.995454545454546
0481-SUMCB,102.15,102.24818181818182
3404-JNXAX,80.75,79.68181818181819
4616-ULAOA,110.8,109.82727272727274
9728-FTTVZ,69.2,70.02454545454546
2097-YVPKN,25.75,23.754545454545454
0885-HMGPY,69.4,71.35909090909091
6478-HRRCZ,70.5,64.48181818181818
0269-XFESX,24.35,22.30909090909091
7094-MSZAO,20.05,20.063636363636366
9365-CSLBQ,24.35,24.8
2794-XIMMO,60.45,57.41818181818182
8869-LIHMK,115.1,111.0909090909091
6784-XYJAE,55.8,63.01363636363637
7596-ZYWBB,59.6,63.15
7873-CVMAW,88.55,95.35909090909091
5373-SFODM,85.25,84.32727272727271
1660-HSOOQ,49.65,46.25636363636364
7486-KSRVI,100.0,103.14545454545454
5067-XJQFU,108.45,109.13181818181819
7696-CFTAT,19.8,20.14090909090909
NEW-07903,92.47,92.37818181818183
7134-HBPBS,108.1,109.88636363636364
